target,phonemes_clean,phonemes_substitute_5pct,phonemes_substitute_10pct,phonemes_substitute_20pct,phonemes_delete_5pct,phonemes_delete_10pct,phonemes_delete_20pct,phonemes_insert_5pct,phonemes_insert_10pct,phonemes_insert_20pct
TO MAKE IT WORK,T UW M EY K IH T W ER K,T AA M EY K IH T W ER K,T AA M EY K IH T W ER K,G IH M EY K IH T W ER K,T M EY K IH T W ER K,T M EY K IH T W ER K,M EY K IH T W ER K,T AA UW M EY K IH T W ER K,T AA UW M EY K IH T W ER K,G T IH UW M EY K IH T W ER K
THE TIME BEFORE HIM WAS HIS OWN,DH AH T AY M B IH F AO R HH IH M W AA Z HH IH Z OW N,DH AH T AY M B IH F HH R HH IH M W AA Z HH IH Z OW N,DH AH T AY M B IH CH G R HH IH M W AA Z HH IH Z OW N,DH AH T R Z B IH AW AO R HH IH M W AA Z HH AE Z OW N,AH T AY M B IH F AO R HH IH M W AA Z HH IH Z OW N,AH T AY M B IH F R HH IH M W AA Z HH IH Z OW N,DH AH T AY B IH R HH IH M W AA Z HH IH Z N,DH AH T AY M B IH F G AO R HH IH M W AA Z HH IH Z OW N,DH AH T AY M B IH CH F F AO R HH IH M W AA Z HH IH Z OW N,DH AH T AE AY P M B IH Y F AO R HH IH M W AA Z HH AW IH Z OW N
THERE'S NO WRONG WAY,DH EH R EH S N OW R AO NG W EY,DH EH R CH S N OW R AO NG W EY,DH EH R EH S N OW R AO NG W AY,F G R EH S N OW R AO NG W EY,DH EH R EH S N OW R AO NG W,DH EH R S N OW R AO NG W EY,DH R EH S N OW R AO NG W,DH EH R CH EH S N OW R AO NG W EY,DH EH R EH S N OW R AO NG W AY EY,F DH EY EH R EH S N OW R AO NG W EY
BUT THERE WAS EVEN BETTER NEWS,B AH T DH EH R W AA Z IY V IH N B EH T ER N UW Z,B AH T V EH R W AA Z IY V IH N B EH T ER N UW Z,B AH P DH EH R W AA Z IY V IH N B EH T ER Z UW Z,P AH T DH EH R R AA Z IY V IH N B EH T V F UW Z,B AH T DH EH R W AA IY V IH N B EH T ER N UW Z,B AH T DH R W Z IY V IH N B EH T ER N UW Z,B DH EH R W AA Z IY V IH N EH T ER UW Z,B AH T UW DH EH R W AA Z IY V IH N B EH T ER N UW Z,B AH P T DH EH R W AA Z IY V IH N B EH T ER Y N UW Z,R B AH T DH EH R F W AA Z IY V IH N B EH T OY ER UW N UW Z
THE BAT BENEFITS,DH AH B AE T B EH N AH F IH T S,DH Z B AE T B EH N AH F IH T S,AA AH B AE T B EH N AH F IH T S,M AH B AE P B EH N AH DH IH T S,DH AH B T B EH N AH F IH T S,DH AH B AE T B EH N AH F IH S,B T B EH N AH F IH T S,DH Y AH B AE T B EH N AH F IH T S,AA DH AH B AE T B EH N AH F IH T S,L DH AH B AE P T B EH N AH DH F IH T S
MAYBE TO SOMEWHERE NICE AND SAFE,M EY B IY T UW S AH M W EH R N AY S AH N D S EY F,M EY B IY T UW S AH M W EH R N AE S AH N D S EY F,M EY G IY T UW UH AH M W EH R N AY S AH N D S EY F,M EY B IY AW UW NG AH AY W AY R N AY S AH N D S EY F,M EY B IY T UW S M W EH R N AY S AH N D S EY F,M EY B T UW S AH M W EH R N AY S AH N S EY F,EY B IY T UW S M W EH R N AY S AH S EY F,M EY B IY T UW S AH M W EH R N AE AY S AH N D S EY F,M EY TH B IY T UW F S AH M W EH R N AY S AH N D S EY F,M EY B IY AY T UW NG S AH AW M W AY EH R N AY S AH N D S EY F
WHEN IT COMES TO PUBLICITY,W EH N IH T K AH M Z T UW P AH B L IH S AH T IY,AW EH N IH T K AH M Z T UW P AH B L IH S AH T IY,ER EH N IH T K AH M Z T UW P AH B L IH S AH T W,W OW N IH T K AH M B T UW SH AH B L IH S AH T V,W EH N IH K AH M Z T UW P AH B L IH S AH T IY,W EH IH T K AH M Z T UW P AH B L IH S AH IY,W EH N IH T K Z T UW P AH L IH S T IY,AW W EH N IH T K AH M Z T UW P AH B L IH S AH T IY,ER W EH N IH T K AH M Z T UW P AH B L IH S AH T V IY,W NG EH N IH T K AH M B Z T UW UW P AH B L IH S AH T S IY
AND THE SCOTTISH CUSTOMERS TO BUY,AH N D DH AH S K AA T IH SH K AH S T AH M ER Z T UW B AY,AH N D DH AH S F AA T IH SH K AH S T AH M ER Z T UW B AY,AH N D DH AH S K AA T IH SH K AH S T AH M ER Z T OY B V,AH N NG DH AH S K AA T ER SH K AH S T AH M Y Z AE AO B AY,AH N D AH S K AA T IH SH K AH S T AH M ER Z T UW B AY,AH D DH AH S K AA T IH SH K AH T AH M ER Z T UW B AY,N D DH AH K AA IH SH K AH S AH M ER T UW B AY,AH N D DH AH S F K AA T IH SH K AH S T AH M ER Z T UW B AY,AH N D DH AH S K AA T IH SH K AH S T AH M ER Z T OY UW B UW AY,AH N AE D DH AH S K AA T AO IH SH K AH S T AH M ER ER Z W T N UW B AY
REMEMBER THAT MAN WITH THE CAMERA,R IH M EH M B ER DH AE T M AE N W IH DH DH AH K AE M ER AH,R IH M EH M B ER DH AE T M AE N W IH DH ZH AH K AE M ER AH,R IH M EH M B ER Z AE T M AE N W IY DH DH AH K AE M ER AH,R IH NG DH M B ER IY AE S M AE N W IH DH DH AH K AE M OW AH,R IH M EH M B ER DH AE T M AE N W IH DH DH AH K AE M AH,IH EH M B ER DH AE T M AE N W IH DH DH AH K AE M ER AH,R IH M EH B ER DH T AE N IH DH DH AH K AE M ER,R IH M EH M B ER DH AE T M AE N W IH DH Z DH AH K AE M ER AH,R IH M EH M B ER IH DH AE T M AE N W Y IH DH DH AH K AE M ER AH,R IH DH M N EH M B ER S DH AE IH T M AE N W IH DH DH AH K AE M NG ER AH
THAT'S VERY BAD NEWS,DH AE T EH S V EH R IY B AE D N UW Z,W AE T EH S V EH R IY B AE D N UW Z,DH AE T EH S V EH R IY B AE D ' DH Z,DH AE T ZH S IH EH R IY B AE D N UW AO,DH AE T EH S V EH R IY B AE N UW Z,DH AE T S V EH R IY B AE D N UW,DH AE T S EH R IY B AE D UW Z,V DH AE T EH S V EH R IY B AE D N UW Z,DH AE T EH S V EH R IY B AE D DH N ' UW Z,DH AE T Z EH S AO V EH R IY B AE D N UW IH Z
THE GARRISON RESPONDED WITH A HAIL OF ARROWS,DH AH G AE R IH S AH N R IH S P AA N D IH D W IH DH AH HH EY L AH V AE R OW Z,DH AH G AE R IH V AH N R IH S P AA N D IH D W IH DH AH P EY L AH V AE R OW Z,DH AH G AE R IH S AH N R EY S P DH N D IH D W IH DH AH IY EY L AH V AE R OW Z,DH AH G AE R OW S G N R IH S P AA N D IH IY W IH SH AH HH W L AH V AE R K Z,DH AH G AE R IH S AH N R IH S P AA N D IH W IH DH AH HH EY L AH V AE OW Z,AH G AE R IH S AH N R IH S P AA N D D W DH AH HH EY L AH V AE R OW Z,DH AH R IH S AH N R IH AA N D IH D W IH DH AH HH EY L AH AE R OW,DH AH G AE R IH OY S AH N R IH S P AA N D IH D W IH DH AH UW HH EY L AH V AE R OW Z,DH AH G AE R IH S AH N R EY IH S P D AA N D IH D W IH DH AH IH HH EY L AH V AE R OW Z,DH AH G AE R K IH S F AH N R IH S P AA N D IH V D W IH IH DH AH HH NG EY L AH V AE R S OW Z
WHICH MELTS MORE ICE,W IH CH M EH L T S M AO R AY S,W IH CH S EH L T S M AO R AY S,W IH CH M EH L T S M AO R AY L,K IH CH OY EH L T S M AO R AY AE,W CH M EH L T S M AO R AY S,W IH CH M EH L T S AO R AY S,IH CH M L T S M R AY S,W IH CH R M EH L T S M AO R AY S,W IH CH M EH L T S M AO R AY L S,OW W IH CH K M EH L T S M AO R AY AE S
I THINK SOMETHING DRASTIC NEEDS TO BE DONE,AY TH IH NG K S AH M TH IH NG D R AE S T IH K N IY D Z T UW B IY D AH N,AY TH IH NG K S AH M TH IH NG D R AE S T IH K IH IY D Z T UW B IY D AH N,AY TH N AY K S AH M TH IH NG D M AE S T IH K N IY D Z T UW B IY D AH N,AY TH TH NG K S OY M EY IH HH D R AE S T IH K SH IY D Z D UW B IY D AH N,AY TH IH NG K S AH M TH IH NG D R AE S T IH K IY D Z T UW B IY D AH N,AY TH IH NG K S M TH IH NG D R AE S T IH K N IY Z UW B IY D AH N,AY TH K S AH M TH IH NG D AE T IH N IY D Z T B IY D AH N,AY TH IH NG K S AH M TH IH NG D R AE S T IH K IH N IY D Z T UW B IY D AH N,AY TH M IH M NG K S AH M TH IH NG D AY R AE S T IH K N IY D Z T UW B IY D AH N,AY TH HH IH NG K S D AH M S TH IH OW NG D R AE S T IH K T N IY D Z EY T UW B IY D AH N
HERE TO GIVE US A RUNDOWN OF THE GREATEST FACIAL CHOREOGRAPHY EVER SEEN ON THE BOX,HH IY R T UW G IH V AH S AH R AH N D AW N AH V DH AH G R EY T AH S T F EY SH AH L K AO R IY AA G R AH F IY EH V ER S IY N AA N DH AH B AA K S,M IY R T UW G IH V AH S AH R AH N D AW N AH V DH AH G R EY T AH S T F EY SH AH L K AO R IY AA G R AH F IY EH V ER S IY N AA N EH AH B AA R S,HH IY AW T UW G IH V AH S AH R AH N D AW B AH V DH AH G R EY T AH S T F JH SH AH L K AO R IY AA V R AH F IY EH V ER W IY N AA N OW AH B AA K S,HH IY R T UW G IH V NG S AH R AH N D G AW AH V DH AH G R EY T R S D F EY SH AH L K TH UH IY CH G R AH F IY EH V ER S CH N EH N DH AH B AO K S,HH T UW G IH V AH S AH R AH N D AW N AH V DH AH G R EY T AH S F EY SH AH L K AO R IY AA G R AH F IY EH V ER S IY N AA N DH AH B AA K S,HH IY R T UW G IH V AH S AH R AH N AW N AH V DH AH G R EY T AH T EY SH AH L K R IY G R AH F IY EH ER S IY N AA N DH AH B AA K S,HH IY T G IH V AH S AH R N D AW N AH DH AH G R T AH S T F EY SH AH L K AO AA G F IY EH V S IY N AA N DH AH AA K S,L HH IY R T UW G IH V AH S AH R AH N D AW N AH V DH AH G R EY T AH S T F EY SH AH L K AO R IY AA G R AH F IY EH V ER S IY N AA N P DH AH B AA DH K S,HH IY IY R T UW G IH V AH S AH R AH N D AW V N AH V DH AH G R EY T AH S T F AW EY SH AH L K AO R IY AA NG G R AH F IY EH V ER B S IY N AA N UW DH AH B AA K S,HH IY R T UW G IH V P AH S AH R AH N D DH AW D N AH V DH AH G R EY T B AH S AH T F EY SH AH L K AW AO T R IY TH AA G R AH F IY EH V ER S CH IY N F AA N DH AH B N AA K S
THERE WAS A GLIMMER OF HOPE,DH EH R W AA Z AH G L IH M ER AH V HH OW P,DH EH R W AA Z AH G D IH M ER AH V HH OW P,DH EH R W AA Z AE G L IH M AO AH V HH OW P,DH EH ZH W AA Z UW G L IH M ER SH V HH OW P,DH EH W AA Z AH G L IH M ER AH V HH OW P,EH R W AA Z AH G IH M ER AH V HH OW P,DH R W AA Z AH L M ER AH V HH OW P,DH EH R W AA Z AH G D L IH M ER AH V HH OW P,DH EH R W AA Z AE AH G L IH M AO ER AH V HH OW P,DH EH UH R W AA Z S AH G L IH M ER Z AH V HH OW P
I CAN PLANT THEM IN THAT SPOT,AY K AE N P L AE N T DH EH M IH N DH AE T S P AA T,AY K AE N P L M N T DH EH M IH N DH AE T S P AA T,AY K AE N P L AE AW T G EH M IH N DH AE T S P AA T,M K AE B P L AE N V DH EH M IH N DH AE T IH P AA T,AY K AE N P L N T DH EH M IH N DH AE T S P AA T,AY K AE N P AE N T DH EH M IH DH AE T S P AA T,AY K AE P L AE DH EH M N DH AE T S P AA T,AY K AE N P L L AE N T DH EH M IH N DH AE T S P AA T,AY K AE N P L AE F N T AW DH EH M IH N DH AE T S P AA T,B AY K AE L N P L AE N IH T DH EH M IH N DH AE T UW S P AA T
GRAHAM BARON ASH,G R EY AH M B AE R AH N AE SH,G AW EY AH M B AE R AH N AE SH,G NG EY AH M B AE R AH N AE SH,G R EY AH DH B SH R AH N AE SH,G R EY M B AE R AH N AE SH,G R EY AH M AE R AH N AE SH,G R EY AH M B AE AH N SH,G AW R EY AH M B AE R AH N AE SH,G NG R EY AH M B AE R AH N AE SH,G R EY AH S M B DH AE R AH N AE SH
TEARING IT TO THE GROUND,T EH R IH NG IH T T UW DH AH G R AW N D,T EH R IH NG IH T T UW DH AH G AY AW N D,T EH R IH NG IH T DH N DH AH G R AW N D,HH EH R IH NG IH T T UW DH AH UH R AW EH D,EH R IH NG IH T T UW DH AH G R AW N D,T EH IH NG IH T T DH AH G R AW N D,T EH IH NG T T UW DH AH R AW N D,T EH R IH NG IH T T UW DH AH G AY R AW N D,T EH R IH NG IH T DH T N UW DH AH G R AW N D,EH T EH R IH NG IH T T UW DH AH TH G R AW HH N D
EVEN BEFORE SHE ENTERED THE WATER,IY V IH N B IH F AO R SH IY EH N T ER D DH AH W AO T ER,IY V IH N B IH F AO R SH IY N N T ER D DH AH W AO T ER,IY V IH N B IH AO AO R SH IY IY N T ER D DH AH W AO T ER,IY V IH ZH B IH F AO R D IY EH N T ER D UH AH W AO ER ER,IY V IH N B IH F AO R SH IY EH N T ER D DH W AO T ER,IY V IH N B IH AO R SH EH N T ER D DH AH W AO T ER,IY V IH N B IH AO SH IY N T ER D DH AH W AO T,IY V IH N B IH F AO R SH IY M EH N T ER D DH AH W AO T ER,IY V IH N B IH AO F AO R SH IY IH EH N T ER D DH AH W AO T ER,IY V IH D N B IH F AO R ER SH IY EH N T ER D Z DH AH W AO TH T ER
THE SHEER SIZE AND POWER CAN BE INTIMIDATING,DH AH SH IH R S AY Z AH N D P AW ER K AE N B IY IH N T IH M IH D EY T IH NG,DH AH SH IH R S AY Z SH N D P AW ER K AE N B IY AE N T IH M IH D EY T IH NG,DH AH SH IH R DH AY Z AH N D P AW ER K AE N B IY V G T IH M IH D EY T IH NG,DH AH SH IH R K AY Z AH N D ' AW ER K AE B TH IY IH N T IH M ZH D EY T AA NG,DH AH SH IH R S Z AH N D P AW ER K AE N B IY IH N T M IH D EY T IH NG,DH AH R S AY Z AH N D P ER K AE N B IY IH N T IH M IH D EY T IH NG,DH AH IH R S AY Z AH N D P AW ER K AE N B IY M IH D EY IH NG,DH AH SH IH R S AY Z S AH N D P AW ER K AE N B IY AE IH N T IH M IH D EY T IH NG,DH AH SH IH R DH S AY Z AH N D P AW ER K AE N B IY G IH UW N T IH M IH D EY T IH NG,DH AH SH IH R B S AY Z AH N D AA P AW ER K AE T N K B IY IH N T IH M Z IH D EY T ' IH NG
WHICH A LOT OF THEM WERE,W IH CH AH L AA T AH V DH EH M W ER,W IH CH AH L AA T AH B DH EH M W ER,W IH CH AH L AA T OW V DH EH M W ER,W IH CH AH G HH T AH V DH EH M AH ER,W IH CH AH L AA T AH V DH M W ER,W CH AH L AA T AH V DH EH M W ER,W IH AH L AA T AH DH EH W ER,W IH CH AH L AA T AH B V DH EH M W ER,W IH CH AH L AA T NG AH V DH EH M W ER,W IH CH AH G L AH AA T AH V DH EH M G W ER
THAT'S THE BEST KIND OF TEACHING,DH AE T EH S DH AH B EH S T K AY N D AH V T IY CH IH NG,DH AE T EH S DH AH B EH S T K AW N D AH V T IY CH IH NG,DH AE T EH S DH AH B W S T K AY N D AH V T IY CH F NG,DH AE CH EH S DH AH B EH S T K AY N D T V W CH CH IH NG,DH AE T EH S DH AH B EH S T K AY N D AH V IY CH IH NG,DH AE T EH S DH AH B EH S T AY N D AH V T IY IH NG,DH AE T EH S AH EH S T K N AH V T IY CH IH NG,DH AE T EH S DH AH B EH S T K AW AY N D AH V T IY CH IH NG,DH AE T EH S DH AH B F EH S T K AY N D AH V T IY CH V IH NG,DH AE V T EH S DH AH B EH S T K AY N D SH AH V CH T CH IY CH IH NG
I JUST COLLAPSED,AY JH AH S T K AH L AE P S T,AY JH AH S T K AH L JH P S T,AY JH AH S T K AH L AE P K T,AY JH UW S ZH K AH L AE P S T,AY JH AH S T K L AE P S T,AY JH AH S K AH L AE P S T,AY JH AH S K AH L AE P T,AY JH AH S T K AH L IY AE P S T,AY JH AH S T K AH L AE P K S T,AY JH Z AH S UH T K AH L AE P S T
AND WHEN YOU'RE MOVING THROUGH ENEMY TERRITORY,AH N D W EH N Y UW ' R EY M UW V IH NG TH R UW EH N AH M IY T EH R IH T AO R IY,AH N D W EH N Y UW ' R EY M AE V IH NG TH R UW EH N AH M AO T EH R IH T AO R IY,AH N IY K EH N Y UW ' R EY M UW V OY NG TH R UW EH N AH M IY T EH R IH T AO R IY,AH N D W EH N OW UW ' R EY M UW V IH NG TH N UW EH N AH M UW R EH R ER T AO JH IY,AH N D W EH N Y UW ' R EY M UW V NG TH R UW EH N AH M IY T EH R IH AO R IY,AH N W EH N Y ' R EY M UW V IH NG TH R UW EH N AH M IY T EH R IH T R IY,AH N D W EH N Y UW ' R M UW V NG TH R UW EH N M IY EH T AO R IY,AH N D W EH N Y UW ' R EY M AE UW V IH NG TH R UW EH N AH M AO IY T EH R IH T AO R IY,AH N IH D OW W EH N Y UW ' R EY M UW V K IH NG TH R UW EH N AH M IY T EH R IH T AO R IY,AH N D W EH N UH Y UW ' R EY M UW V IH NG TH R R UW EH N AH M N IY OW T EH R JH IH T AO ER R IY
ANY MAN WOULD BE PROUD TO HAVE YOU AS A SON,EH N IY M AE N W UH D B IY P R AW D T UW HH AE V Y UW AE Z AH S AH N,EH N IY M AE N W UH D B IY P R AW D T UW HH AE V Y F AE Z AH S AH N,EH N L M AE N EY UH D B IY P R AW D T UW HH TH V Y UW AE Z AH S AH N,EH N Z Z AE N W W D B F P R AW AA T UW HH AE V Y UW AE Z AH F AH N,EH N IY M AE N W UH D B IY P R AW D T UW HH V Y UW AE Z AH S AH N,EH N M AE N W UH D B IY P AW D T UW AE V Y UW AE Z AH S AH N,EH IY M AE N W B P AW D T UW HH AE V Y UW AE Z AH S AH,EH N IY M AE N W UH D B IY P R AW D T UW HH AE V Y F UW AE Z AH S AH N,EH N T IY M AE N EY W UH D B IY P R AW D T UW HH K AE V Y UW AE Z AH S AH N,EH N F IY Y M AE N W F UH D B V IY P R AW Y D T UW HH AE V Y UW AE Z AH AA S AH N
USUALLY A BICYCLE,Y UW ZH AH W AH L IY AH B AY S IH K AH L,Y UW ZH AH W AH L IY AH AW AY S IH K AH L,Y UW ZH AH W AH L IY AH B AY S SH K DH L,AH F ZH AH W AH L IY AH B AY AO IH K AH L,Y UW ZH AH W AH L IY B AY S IH K AH L,Y UW ZH AH W AH L IY AH AY S IH AH L,Y UW W AH L IY AH AY S IH K AH L,Y UW ZH AH W AH L IY AH AW B AY S IH K AH L,Y UW ZH AH W AH L IY AH B AY S D IH K S AH L,AO Y F UW ZH AH W AH L IY AH B AY AH S IH K AH L
HERE ON THE DAY,HH IY R AA N DH AH D EY,HH IY R B N DH AH D EY,HH IY R AA CH DH AH D EY,AO IY R AA N UH AH D EY,IY R AA N DH AH D EY,HH IY R AA N AH D EY,HH IY R N AH D EY,HH IY R AY AA N DH AH D EY,HH IY R AA CH N DH AH D EY,TH HH IY R AA N AO DH AH D EY
AND I GUESS THAT'S WHAT'S HAPPENING HERE,AH N D AY G EH S DH AE T EH S W AH T EH S HH AE P AH N IH NG HH IY R,AH N D AY G EH S DH AE T EH S IH AH T EH S HH AE P AH N IH NG HH IY R,AH N D AY G EH S V AE T EH S W AH T EH S Z AE P AH N IH HH HH IY R,AH N D AY G EH T V D T EH S W AH T Y S HH AE P AH Y IH NG HH IY R,AH N D AY G EH S DH AE T EH S W AH T EH S HH AE P AH N IH NG IY R,AH N D AY G EH DH AE T EH S W AH T EH S HH P AH N NG HH IY R,AH N D AY EH S DH AE T EH S AH S HH AE P N IH NG HH IY R,AH N D AY G EH S DH AE T EH S IH W AH T EH S HH AE P AH N IH NG HH IY R,AH N D AY G EH S Y DH AE T EH S W AH T EH S HH HH AE P AH N IH UW NG HH IY R,AH N D AY G EH SH S W DH W AE T EH S W AH T CH EH S HH AE P AH UW N IH NG HH IY R
IT BECOMES A FIRE ENGINE,IH T B IH K AH M Z AH F AY ER EH N JH AH N,IH T B IH K AH M Z AH F AY ER EH N NG AH N,IH T B IH K AH M Z AH F AY ER G NG JH AH N,IH T B IH K AH M OY AH F AY ER AY N JH EY N,IH T B IH K M Z AH F AY ER EH N JH AH N,IH IH K AH M Z AH F AY ER EH N JH AH N,IH T B AH M Z F AY ER EH N JH AH N,IH T B IH K AH M Z AH F AY ER EH N N JH AH N,IH T B IH K AH M Z AH F AY ER F EH N N JH AH N,IH T B IH K AH M AY Z AH F AY ER ER EH N JH OY AH N
BUT IT'S A DECENT SIZE,B AH T IH T EH S AH D IY S AH N T S AY Z,B AH T IH T NG S AH D IY S AH N T S AY Z,B AH T IH AW EH S AH D IY S AH N T S AH Z,B AH T R T SH S AH D IY S AH N OY S AY Z,B AH T IH T EH S AH D IY S AH N S AY Z,B AH T IH T EH S D S AH N T S AY Z,B AH T IH T EH S AH IY S AH N AY Z,B AH T IH T N EH S AH D IY S AH N T S AY Z,B AH T IH AH T EH S AH D IY S AH N T S AW AY Z,B AH T S IH T OY EH S AH D IY S AH N P T S AY Z
FOLLOWING THOSE WORDS,F AA L OW IH NG DH OW Z W ER D Z,F AA L OW IH EY DH OW Z W ER D Z,F DH L OW IH NG DH OW Z W ER D Z,AH AA L OW IH NG DH OW Z W OY AY Z,F AA L OW IH DH OW Z W ER D Z,F L OW IH NG DH OW Z W ER D Z,F AA L OW IH OW Z ER D Z,F AA L OW IH EY NG DH OW Z W ER D Z,F D AA L OW IH NG DH OW Z W ER D Z,OW F AA L OW IH NG DH OW Z W AH ER AY D Z
FOUR LITTLE TURTLES NAMED AFTER ITALIAN RENAISSANCE ARTISTS,F AO R L IH T AH L T ER T AH L Z N EY M D AE F T ER IH T AE L Y AH N R EH N AH S AA N S AA R T AH S T S,F AO R L IH T AH L T ER T AH L Z N EY M ZH AE F T ER IH T AE L Y AH N R EH N AH S AA N S AA R T AH S AO S,F AO R L IH T AH L T ER AO AH L Z N EY M D AE F T ER IH T AE L Y OW N R EH N AH S AA N S AA R T ZH S T NG,F AO R L IH T IY L AY ER T AH G Z N SH M D AE F T EH IH T AE L Y AO W R EH N AH S S N S AA R T AW S T S,F AO R L IH T AH L T T AH L Z N EY M AE F T ER IH T AE L Y AH N R EH N AH S AA N S AA R T AH S T S,F AO R L IH T L T ER T AH L Z EY M AE F T ER IH T L Y AH N R EH N AH S AA N S AA R T AH S T S,F AO R IH AH AH L Z EY M D AE F T ER IH T AE L Y AH N R EH S AA N S AA R T AH S T S,F AO R L IH T AH L T ER T AH L Z N EY M Z D AE F T ER IH T AE L Y AH N R EH N AH S AA N S AA R T AH S AO T S,F AO R L IH T AH L T ER NG T AH L Z N EY M D AE F T ER IH T AE L Y NG AH N R EH N AH S AA N S AA R T AO AH S T Z S,F AO R L IH T AH AH L AY T ER T AH V L Z N R EY M D AE F T AO ER IH T AE L Y G AH S N R EH N AH S IH AA N S AA R T EH AH S T S
WHICH IS INCREDIBLE,W IH CH IH Z IH N K R EH D AH B AH L,W IH CH IH Z IH N K R EH EH AH B AH L,W IH CH IH Z IH N HH R UW D AH B AH L,DH IH CH IH Z IH N K G EH AW AH B AH L,W IH CH Z IH N K R EH D AH B AH L,W IH CH IH Z IH N R EH AH B AH L,W IH CH IH Z IH K R EH AH AH L,W IH CH IH Z IH N K R EH DH D AH B AH L,W IH CH IH Z IH N HH K R UH EH D AH B AH L,DH W IH CH IH Z IH N K G R EH AW D AH B AH L
I'M JUST HOPEFUL,AY AH M JH AH S T HH OW P F AH L,AY AH M JH AH S T HH G P F AH L,AY AH M JH AH S T HH ' P F AH L,AY AH M JH AH S EY OY OW P F AO L,AY AH M JH AH S T HH OW P F AH,AY AH M JH AH T HH OW P F AH L,AY M JH AH S HH OW F AH L,AY AH M JH AH S T HH G OW P F AH L,AY AH M JH AH S T HH ' OW P F AH L,AY AH M JH AH S AH T OW HH OW P F EY AH L
THE FIRST AND SECOND FLOOR FLATS,DH AH F ER S T AH N D S EH K AH N D F L AO R F L AE T S,DH AH F ER S S AH N D S EH K AH N D F L AO R F L AE T S,DH AH F ER S T AH N D S EH K AH N D F L AO R F L CH T V,W AH F ER S IY AH N TH S EH K R N DH F L AO R F L AE T S,DH AH F ER S T AH N D S K AH N D F L AO R F L AE T S,DH AH F ER S AH N D S EH AH N D F L AO R F L AE T S,DH AH F ER S T AH N S EH K N F AO R L AE T S,DH AH F ER S S T AH N D S EH K AH N D F L AO R F L AE T S,DH AH F ER S T AH N D S EH K AH N D F L AO R F L UW AE T B S,D DH AH F ER S T T AH N V D S EH K P AH N IY D F L AO R F L AE T S
LIKE HUNDREDS OF THOUSANDS OF PEOPLE DO EVERY YEAR,L AY K HH AH N D R AH D Z AH V TH AW Z AH N D Z AH V P IY P AH L D UW EH V ER IY Y IH R,L AY K HH AH N D R AH D Z AH V TH AW Z AH F D Z AH V P IY W AH L D UW EH V ER IY Y IH R,L AY K HH AH N D SH AH D Z AH V TH AW Z AH R ' Z AH DH P IY P AH L D UW EH V ER IY Y IH R,L AY K T AH N D R AH D DH AH AH Z AW Z AH N AH Z AH V P UW P AH L D UW EH V ER UH Y IH R,L AY K HH AH R AH D Z AH V TH AW Z AH N D Z AH V P IY P AH L D UW EH V ER IY Y IH R,L AY K HH N D R AH D Z AH V AW Z AH D Z AH V IY P AH L D UW EH V ER IY Y IH R,AY K AH N D AH Z AH V TH AW Z AH D Z AH P IY P AH L D UW EH V ER IY Y IH,L AY K HH AH N D R AH D Z AH V TH AW Z AH F N D Z AH V P IY V P AH L D UW EH V ER IY Y IH R,L AY K HH AH N D ' R AH D Z AH V TH AW Z AH S N DH D Z AH P V P IY P AH L D UW EH V ER IY Y IH R,L AY K DH HH AH N D R AH D UH Z AH TH V SH TH AW Z AH N Y D Z AH V P AH IY P AH L D UW EH V ER AH IY Y IH R
I WILL ALWAYS NEED YOU,AY W IH L AO L W EY Z N IY D Y UW,AY W IH L AO L W EY Z N L D Y UW,AY W IH L AO L W EY Z N IY IH Y UW,ER ZH IH L AO L W EY AO N IY D Y UW,AY W IH L AO L EY Z N IY D Y UW,AY W IH L AO L W EY Z IY D Y UW,AY W L AO L Z N IY D Y UW,AY W IH L AO L W EY Z N K IY D Y UW,AY W IH L AO L W EY Z N IY HH D Y UW,Z AY AO W IH L AO L W EY EH Z N IY D Y UW
ENJOY THE SUMMER,EH N JH OY DH AH S AH M ER,G N JH OY DH AH S AH M ER,EH N JH OY DH AH S AH EH ER,EH OY JH B DH AH S AH M ER,EH JH OY DH AH S AH M ER,EH N OY DH AH S AH M ER,N JH OY AH S AH M ER,F EH N JH OY DH AH S AH M ER,EH N JH OY DH AH S AH EH M ER,EH B N JH OW OY DH AH S AH M ER
IF YOU'VE GOT A GOOD STORY,IH F Y UW ' V IY G AA T AH G UH D S T AO R IY,IH L Y UW ' V IY G AA T AH G UH D S T AO R IY,IH F Y TH ' V IY G AA T AH G UH D S T K R IY,IH Y UH UW ' V IY Z AA T AH G UH D S T AO R P,IH F Y UW ' V IY G AA T AH UH D S T AO R IY,IH F Y UW ' V IY AA T AH G UH D S T AO IY,IH F Y ' IY G AA T AH G UH D S T R,IH K F Y UW ' V IY G AA T AH G UH D S T AO R IY,IH F Y TH UW ' V IY G AA T AH G UH D S T JH AO R IY,IH UH F W Y UW ' V IY Y G AA T AH G UH D S T AO R OY IY
PEOPLE ARE HAPPY TO BE THERE AND IT'S A GOOD VIBE,P IY P AH L AA R HH AE P IY T UW B IY DH EH R AH N D IH T EH S AH G UH D V AY B,P IY P AH L AA R HH AE P IY T UW B IY DH EH EY AH N D IH T EH S AW G UH D V AY B,P IY P AH L AA R HH AE V IY T DH B IY DH EH R AH N D IH T UW S AH G UH D V AY B,P IY P AH L AA OW HH IH P IY T UW B IY DH EH R AH N L CH JH EH S AH G UH D G AY B,P IY P AH L AA R HH AE P IY T UW B IY DH R AH N D IH EH S AH G UH D V AY B,P IY P AH L AA R HH AE P T UW B IY DH EH R AH N D IH T EH AH G UH D AY B,P IY P AH L AA HH AE P IY T UW B IY DH R AH IH T EH S AH UH D V AY,P IY P AH L AA R HH AE P IY T UW B IY DH EH EY R AH N D IH T EH S AO AH G UH D V AY B,P IY P AH L AA R HH AE UH P IY T UW UW B IY DH EH R AH N D IH T DH EH S AH G UH D V AY B,P IY P AH L AA JH R HH CH AE P IY T UW B IY DH EH R AH N OW D HH IH G T EH S AH G UH D K V AY B
IT'S NOT AS EASY AS IT LOOKS,IH T EH S N AA T AE Z IY Z IY AE Z IH T L UH K S,IH T EH S N AA T AE Z IY Z IY AE Z IH T L UH L S,TH T EH S N AA T AE Z IY AA IY AE Z IH T L UH K S,AO T AY S N AA T AE Z IY W IY AE Z SH T L UH K S,IH EH S N AA T AE Z IY Z IY AE Z IH T L UH K S,IH T EH S N AA T AE IY Z IY AE Z IH T L K S,IH T EH S T AE Z IY Z AE Z IH T UH K S,IH T EH S N AA T AE Z IY Z IY AE Z IH T L UH K K S,AA IH T EH S N AA T AE Z IY T Z IY AE Z IH T L UH K S,AY IH T W EH S N AA T AE Z IY ZH Z IY AE Z S IH T L UH K S
HAROLD IN NEIGHBOURS,HH EH R AH L D IH N N EY B ER Z,HH EH R TH L D IH N N EY B ER Z,HH NG R AH L D IH N N EY B ER Z,HH EH R D L D IH N HH EY B ER M,HH EH R AH L D IH N N EY B Z,HH EH R L D IH N N EY B ER Z,EH R AH L IH N N B ER Z,HH EH R T AH L D IH N N EY B ER Z,HH N EH R AH L D IH N N EY B ER Z,HH CH EH R HH AH L D IH N TH N EY B ER Z
WE HAVE RUN OUT OF TIME,W IY HH AE V R AH N AW T AH V T AY M,W IY HH AE V R SH N AW T AH V T AY M,W IY HH AE V R AH N AW T AH V T HH JH,W JH HH EH V R AH N AW T AH V T AY NG,W IY HH AE V R AH AW T AH V T AY M,W IY HH AE V AH N AW T V T AY M,HH AE V R AH AW T AH V T AY M,W IY HH AE V R S AH N AW T AH V T AY M,W IY HH AE V R AH N AW T AH V T G AY JH M,W IY IY HH AE V N R AH N AW T AH V T AY G M
NOT TO THINK FOR THEMSELVES,N AA T T UW TH IH NG K F AO R DH EH M S EH L V Z,N AA T T HH TH IH NG K F AO R DH EH M S EH L V Z,N Y T T UW TH IH AW K F AO R DH EH M S EH L V Z,N AA T T UW TH IH NG K K AO R DH EH ' S AY W V Z,N AA T T UW TH IH NG K F AO R DH EH M S EH V Z,N T T UW TH IH K F AO R DH EH M S EH L V Z,N T T UW TH IH K AO DH EH M S EH L V Z,N AA T T HH UW TH IH NG K F AO R DH EH M S EH L V Z,N AW AA T T UW TH IH W NG K F AO R DH EH M S EH L V Z,N AA T T UW V TH IH NG K ' F AO R DH EH UH M S EH ZH L V Z
IT'S THAT SIMPLE,IH T EH S DH AE T S IH M P AH L,IH T HH S DH AE T S IH M P AH L,IH TH EH S DH AE T S IH M P AH L,IH D AY S W AE T S IH M P AH L,IH EH S DH AE T S IH M P AH L,T EH S DH AE T S IH M P AH L,IH EH DH AE T S IH P AH L,IH T G EH S DH AE T S IH M P AH L,IH T T EH S DH AE T S IH M P AH L,IH B T EH S HH DH AE T S IH M CH P AH L
SOME PEOPLE HERE TONIGHT PREFER SUBTITLES,S AH M P IY P AH L HH IY R T AH N AY T P R AH F ER S AH B T AY T AH L Z,S AH M P IY P AH L HH IY R T AH N AY T P HH AH F ER S AH V T AY T AH L Z,S AH CH P IY P AH L HH IY R T AH N AY T P R AH F ER S AH B CH AY V AH L Z,S AH M P IY P TH L EY HH AH T AH N AY T P R AH UH ER S IH B T AY T AH L Z,S AH M P IY P AH L HH IY R T N AY T P R AH F ER S AH B T AY T AH L,S AH M P IY P AH L HH IY T N AY T P R AH F ER S AH B T T AH L Z,S AH P IY P AH L HH IY R T AH N AY P R AH F ER S AH AY AH L,S AH M P IY P AH L HH IY R T AH N AY T P HH R AH F ER S AH UW B T AY T AH L Z,S AH CH M P IY P AH L HH IY R T AH N AY T P R AH F ER S AH B CH T AY UW T AH L Z,S AH M HH P EY IY P AH L L HH IY R T AH N AY T P EY R AH F ER S AH Z B T AY T AH IY L Z
SHE'S GOT THE BEST TOP LINE IN THE BUSINESS,SH IY EH S G AA T DH AH B EH S T T AA P L AY N IH N DH AH B IH Z N AH S,SH IY EH S G AA T DH AH B EH S T T AA P L AY N IH N DH AH Z IH Z N AH S,SH IY EH S G AA T DH AH B EH S T T AA HH L UW N IH N EH AH B IH Z N AH S,W S M S G AA T DH EH B EH S T HH AA P L AY N IH CH DH AH B IH Z N AH S,SH IY S G AA T DH AH B EH S T T AA P L AY N IH N DH AH B IH Z N AH S,SH IY S G AA DH B EH S T T AA P L AY N IH N DH AH B IH Z N AH S,SH IY EH S AA T DH AH B EH S T T AA L N IH N AH B Z AH S,SH IY EH S G AA T DH AH B EH S T T AA P L AY N IH N DH AH Y B IH Z N AH S,SH IY EH S G AA T DH AH B EH S T T AA UH P L HH AY N IH N DH DH AH B IH Z N AH S,SH CH IY L EH S G AA T DH ' AH B EH S T T AA AE P IH L AY N IH P N DH AH B IH Z N AH S
A FLOATING HOTEL,AH F L OW T IH NG HH OW T EH L,AH F L OW T IH Z HH OW T EH L,AH F L OW T IH NG HH OW P EH L,AH F L OW T IH ' HH OW T EH W,AH F L OW T IH NG HH T EH L,AH F L OW T IH NG HH OW EH L,AH F OW T IH NG HH T EH L,AH F L OW T IH Y NG HH OW T EH L,AH F L OW T IH NG HH OW P T EH L,AH F L OW R T IH NG HH OW T DH EH L
GO TO THE PRESS,G OW T UW DH AH P R EH S,G OW T UW DH AH N R EH S,G OW T V DH AH P R EH S,G D T UW DH AH P R EH V,G OW T UW AH P R EH S,G OW T UW DH P R EH S,G OW T UW AH P R S,G OW T UW DH AH N P R EH S,G OW T UW UW DH AH P R EH S,G OW T UW DH AH ' P R V EH S
THIS IS VERY SIMILAR,DH IH S IH Z V EH R IY S IH M AH L ER,DH IH S CH Z V EH R IY S IH M AH L ER,DH IH S IH Z V EH R IY S IH JH EY L ER,Z IH S IH Z D EH R IY S IH M AH W ER,DH IH S IH Z V EH R IY S IH M AH ER,DH IH S Z V EH R IY S M AH L ER,DH IH S IH Z V R IY IH M AH ER,DH IH S CH IH Z V EH R IY S IH M AH L ER,DH IH S IH Z V EH R IY S IH JH M ER AH L ER,DH AE IH S IH Z V EH R IY S IH UW M AH L D ER
SHE'S DEPRESSED ABOUT DADDY,SH IY EH S D IH P R EH S T AH B AW T D AE D IY,SH IY EH S D IH P R EH S T AH B AW T D TH D IY,SH IY EH S D IH P R EH S T UW S AW T D AE D IY,SH N EH S AE IH P R EH EY T AH B NG T D AE D IY,SH IY EH S D IH P R EH S T B AW T D AE D IY,SH IY EH S D IH P R EH S T AH AW T AE D IY,SH IY EH S D IH R EH T AH B AW T D AE,SH IY EH S D IH P R EH S T AH B AW T D T AE D IY,SH IY EH S D IH P R EH S T UH AH R B AW T D AE D IY,SH IY EH S N D IH P R EH S T JH AH B AE AW T D AE CH D IY
PRETTY ON THE OUTSIDE,P R IH T IY AA N DH AH AW T S AY D,P AH IH T IY AA N DH AH AW T S AY D,P R IH T IY AA N B AH AW T S AY D,P R IH M IY AA N DH AH AW AY S AY W,P R IH T IY AA N DH AH T S AY D,P R IH T IY AA N DH AH AW S AY D,P R IH T IY AA DH AH AW S D,P AH R IH T IY AA N DH AH AW T S AY D,P R IH T IY AA N B DH AH AW T S AY D,AY P R IH T IY G AA N DH AH AW T S EY AY D
MAYBE MORE OF STEEL AND IRON,M EY B IY M AO R AH V S T IY L AH N D AY ER N,M EY B D M AO R AH V S T IY L AH N D AY ER N,M EY B IY M AO R AW V S T IY L AH N D AY ER L,M EY B IY P ER R AA V S T IY L ER N D AY ER N,M EY B IY M AO AH V S T IY L AH N D AY ER N,M EY B IY AO R AH V S T IY L AH D AY ER N,M EY B IY M AO R AH V S T L AH D N,M EY B D IY M AO R AH V S T IY L AH N D AY ER N,M EY B IY M AO R L AH V S T IY L AH N D AY ER AO N,M EY B IY OY M AO R AH V S T EH IY L DH AH N D AY G ER N
GET A NEW LOYAL CUSTOMER AND DEBENHAMS,G EH T AH N UW L OY AH L K AH S T AH M ER AH N D D EH B IH N AH M Z,G EH T AH N UW L OY AH L K AH S T AH M ER AH N D EH EH B IH N AH M Z,F EH T AH N UW L OY AH L K AH S T AH M ER G Z D D EH B IH N AH M Z,G EH T AH N UW L T AH L DH AH S NG AH M ER AH N D D AE B IY N B M Z,G EH T AH N UW L OY AH L K AH S T AH M ER AH N D D EH IH N AH M Z,G EH T AH UW L L K AH S T AH M ER AH N D D EH B IH N AH M Z,EH N UW L AH L AH S T AH M ER AH N D D EH B IH N AH Z,G EH T AH N UW L OY AH L K AH S T AH M ER AH N D DH D EH B IH N AH M Z,F G EH T AH N UW L OY AH L K AH S T AH M ER Y AH F N D D EH B IH N AH M Z,AE G EH T AH N NG UW L OY AH L AY K AH S DH T AH M ER AH N D D IH EH B G IH N AH M Z
SO WHAT IS THE ETIQUETTE,S OW W AH T IH Z DH AH EH T AH K AH T,S OW W AH T IH Z DH AH EH T AH R AH T,AH F W AH T IH Z DH AH EH T AH K AH T,S OW W N T IH Z G AH EH T AH K AH JH,S W AH T IH Z DH AH EH T AH K AH T,S OW W AH T IH Z DH EH T K AH T,S OW W T IH Z DH T AH K AH T,S OW W AH T IH Z DH AH EH T AH P K AH T,F S AH OW W AH T IH Z DH AH EH T AH K AH T,S OW W M AH T IH Z S DH AH EH T AH K ER AH T
WHEN IT COMES TO TOYS,W EH N IH T K AH M Z T UW T OY Z,W EH N IH T K AH M Z AO UW T OY Z,W AE N IH T K AH M Z T UW T OY Z,OW EH N ER T K AH M Z T L T OY Z,EH N IH T K AH M Z T UW T OY Z,W EH N IH T K AH M T UW T OY Z,EH N T K AH M Z UW T OY Z,W EH N IH T K AH M Z AO T UW T OY Z,W AE EH N IH T K AH M Z T UW T OY Z,W EH N ER IH AA T K AH M Z T UW T F OY Z
IT'S NOT A CAREER,IH T EH S N AA T AH K ER IH R,IH T EH S N AA NG AH K ER IH R,IH T EH S N AW T AH K ER IH R,IH M EH S IH AA T AH K ER IH R,IH T EH S N AA T AH K ER R,IH T EH S AA T AH K ER IH R,IH EH S N AA T AH K ER R,IH T EH S N AA NG T AH K ER IH R,IH T EH S N AO AA T AH K ER IH R,IH T EH S N AO AA IH T AH K ER IH R
IF YOU DIDN'T HAVE ONE,IH F Y UW D IH D EH N T AY HH AE V W AH N,IH F Y UW D IH D EH N T AY HH AE V UH AH N,IH F Y UW D IH D TH N T AY HH AE V W AH IH,IH F Y UW D IH D EH N T AA HH M V W AH V,IH F Y UW D IH D N T AY HH AE V W AH N,IH F Y UW D IH D EH N T AY HH W AH N,IH Y UW D IH D N T AY HH AE V W AH,IH F Y UW D IH D EH N T AY HH AE V UH W AH N,IH F Y UW D IH D T EH N T AY HH AE V W AH IH N,IH F Y UW D IH D EH UW N T OW AY TH HH AE V W AH N
THE DAY JUST GOT WEIRDER AND WEIRDER,DH AH D EY JH AH S T G AA T W IH R D ER AH N D W IH R D ER,DH AH D EY JH AH S T W AA T W IH R D ER AH N D W IH R D ER,DH AH D EY JH AH CH T G AA T W IH R D ER AH Y D W IH R D ER,DH L D AY JH R S T ZH AA T W IH R D ER AH N N W IH R D ER,DH AH D EY JH AH S T G T W IH R D ER AH N D W IH R D ER,DH AH D EY JH AH S G AA T IH R D ER AH N D W IH R D ER,DH EY JH AH S G AA W IH R D ER N D W IH R D ER,DH AH D EY JH AH S T V G AA T W IH R D ER AH N D W IH R D ER,DH AH D EY JH AH W S T G AA T W IH R D ER AH CH N D W IH R D ER,Z DH AH D AY EY JH AE AH S T HH G AA Y T W IH R D ER AH N D W IH R D ER
WHY DON'T WE ALL JUST GET ALONG,W AY D UW EH N T AY W IY AO L JH AH S T G EH T AH L AO NG,B AY D UW EH N T AY W IY AO L JH AH S T G EH T AH L AO NG,W AY D UW EH N T AY W IY AO L JH AH S SH G EH G AH L AO NG,W AY D AE EH N T AY W IY AO L R Y S T IH EH T EY L AO NG,W AY UW EH N T AY W IY AO L JH AH S T G EH T AH L AO NG,W AY D UW N T AY W IY AO L JH AH S T EH T AH L AO NG,W AY D UW EH N AY IY AO L JH AH S G T AH L NG,B W AY D UW EH N T AY W IY AO L JH AH S T G EH T AH L AO NG,W AY D UW EH N T AY W IY AO L JH AH S SH T G EH G T AH L AO NG,W AY D UW EH N T AY W IY HH AO ER L JH W AH S T NG G EH T B AH L AO NG
A TRIBAL NATION,AH T R AY B AH L N EY SH AH N,AH T R AY B AH L N EY SH V N,AH T R AY B AH ER N EY SH AH N,V T R AY B AH L N ER SH AH N,AH T R B AH L N EY SH AH N,AH T R AY B AH L EY SH AH N,AH T AY B AH L N EY AH N,AH T R AY B AH L N EY SH UW AH N,AH T R AY B AH ER L N EY SH AH N,UH AH T R AY B AH ' L N EY SH AH N
STOCKS AND SHARES,S T AA K S AH N D SH EH R Z,S T AA K L AH N D SH EH R Z,S AY AA K S AH N D SH EH R Z,S T AA K S AW L D SH EH R Z,S AA K S AH N D SH EH R Z,S AA K S AH N D SH EH R Z,S T AA K S AH N SH R Z,S T AA K L S AH N D SH EH R Z,S AY T AA K S AH N D SH EH R Z,S T AA K S AH N D N SH EH ER R Z
WE WOULD LOVE TO SELL IT,W IY W UH D L AH V T UW S EH L IH T,W JH W UH D L AH V T UW S EH L IH T,W IY W UH D L R V T UW M EH L IH T,W IY W UH D JH AH V T B UH EH L IH T,W IY W UH D L V T UW S EH L IH T,IY W UH D L AH V T UW S EH IH T,W IY W D L AH T UW S EH IH T,W IY IY W UH D L AH V T UW S EH L IH T,W IY W UH D L P AH V T UW M S EH L IH T,W K IY W UH D L ZH AH V T UW L S EH L IH T
THAT'S WHAT YOU SAID,DH AE T EH S W AH T Y UW S EH D,DH AE T EH S W EH T Y UW S EH D,DH AE T EH S W SH T Y UW S EH D,DH AE T EH K W JH T Y UW OW EH D,DH AE T EH W AH T Y UW S EH D,DH T EH S W AH T Y UW S EH D,DH AE T S W T Y UW S EH,DH AE T EH S W DH AH T Y UW S EH D,DH AE T EH S W S AH T Y UW S EH D,DH OY AE T EH JH S W AH T Y UW TH S EH D
FREE RANGE GOOD,F R IY R EY N JH G UH D,F R IY R EY N JH ' UH D,AY R IY R EY N JH G UH D,F R P R EY N JH G ER D,F R IY R EY N JH UH D,F R R EY N JH G UH D,F IY R EY N JH G UH,F R IY R EY N JH ' G UH D,AY F R IY R EY N JH G UH D,F R IY R EY V N IY JH G UH D
I'M VERY IMPRESSED,AY AH M V EH R IY IH M P R EH S T,AY AH M V EH R IY IH M P R IH S T,OY AH M V EH R IY IH M P R EH S T,AY AH M V EH R Y IH M P EH EH S JH,AY AH M V EH R IY IH M P EH S T,AY AH M V EH R IY IH M P EH S T,AY AH M V EH IH M P EH S T,AY AH M V EH R IY IH M P R HH EH S T,OW AY AH M V EH R IY IH M P R EH S T,AY AH ZH M EH V EH R NG IY IH M P R EH S T
I HADN'T THOUGHT THAT,AY HH AE D EH N T AY TH AO T DH AE T,AY HH AE D EH N T AY EH AO T DH AE T,AY HH AE D EH N T AY TH AO T M AE T,F HH AE D EH N JH AY IY AO T DH AE T,AY HH AE D EH N T AY TH AO T DH AE,AY HH D EH N T AY TH AO T DH AE T,AY HH AE D EH N TH AO T DH AE,AY HH AE D EH N T AY EH TH AO T DH AE T,AY HH AE D EH N T AY TH AO T L DH AE T,AY HH AE D JH EH N ' T AY TH V AO T DH AE T
WE HEARD THE STORY OF THE NURSE ANNA CROSS,W IY HH ER D DH AH S T AO R IY AH V DH AH N ER S AE N AH K R AO S,W IY HH ER D DH AH S T AO R IY AH V DH AH AY ER S AE N AH K R AO S,W IY HH EY D DH AH V T AO R IY AH V DH AH N ER S AE N AH K R AO ER,W IY HH ER D DH AH S T AO R IY AH K DH AH N ER R S EY AH K R AO SH,W IY HH ER D DH AH S T AO R AH V DH AH N ER S AE N AH K R AO S,W IY HH ER D DH AH S T AO R IY AH DH AH N ER S AE N K R AO,W HH D DH AH S T AO R IY AH V DH AH N ER S AE K AO S,W IY HH ER D DH AH S T AO R IY AH V DH AH AY N ER S AE N AH K R AO S,W IY HH UW ER D DH AH ER S T AO R IY AH V DH AH N ER S AE N AH K R AO ER S,W IY HH ER D DH R AH S T R AO R IY AH S V DH AH N ER K S AE N AH K R AO Z S
IT'S JUST A NAME,IH T EH S JH AH S T AH N EY M,IH T EH S JH AH S T AH N K M,IH T EH S JH AH S CH AH N EY M,IH T EH S JH AH S AW EH N EY M,IH T S JH AH S T AH N EY M,IH T EH S JH AH S T AH EY M,T EH S JH AH T AH N EY M,IH T EH S JH AH S T AH N JH EY M,IH T EH S JH AH S CH T AH N EY M,IH T EH SH S JH AH S T AH N TH EY M
IF YOU HAVEN'T CAUGHT IT YET,IH F Y UW HH AE V EH N T AY K AA T IH T Y EH T,IH F Y UW HH AE V EH N T AY K AA T IH T ZH EH T,IH F Y UW HH SH V EH N T AY K AA IH IH T Y EH T,IH F ER UW HH AE V EH N G G K AA T IH T JH EH T,IH F Y UW HH AE V EH N T AY AA T IH T Y EH T,IH F UW HH AE V EH N T AY K T IH T Y EH T,IH F Y HH AE N T K AA T IH T Y EH T,IH F Y UW HH AE V EH N T AY K AA T IH T Z Y EH T,IH F Y UW HH S AE V EH N T AY K AA IH T IH T Y EH T,IH F F Y UW HH JH AE V EH N G T AW AY K AA T IH T Y EH T
THE AVERAGE COST OF KEEPING A PERSON IN PRISON IS 36,DH AH AE V ER IH JH K AA S T AH V K IY P IH NG AH P ER S AH N IH N P R IH Z AH N IH Z TH ER T IY S IH K S,DH AH AE V ER IH JH K AA DH T AH N K IY P IH NG AH P ER S AH N IH N P R IH Z AH N IH Z TH ER T IY S IH K S,DH AH AE V AH IH JH K AA S T AH V K IY AY IH NG AH P ER S AH N IH N P R V Z AH N IH Z TH ' T IY S IH K S,DH EY OW V HH IH JH K AA Y T AH V K IY TH IH NG AH P ER S AH N IH N ' R IH D OY N IH Z TH ER T IY S IH K S,DH AH AE V ER IH JH K AA S T AH V IY P IH NG AH P ER S N IH N P R IH Z AH N IH Z TH ER T IY S IH K S,DH AH AE V ER IH JH K AA S T AH V K IY P IH NG AH P ER S AH N N P R IH AH N IH TH ER T IY IH K S,DH AH AE V ER IH JH K S T K IY P IH AH P ER S AH N IH N P AH N IH Z ER T IY S IH K S,DH AH AE V ER IH JH K AA DH S T AH N V K IY P IH NG AH P ER S AH N IH N P R IH Z AH N IH Z TH ER T IY S IH K S,DH AH AE V ' ER IH JH K AA S T AH V K IY UW P IH NG AH P ER S AH N IH N P R AH IH Z AH N IH Z TH AY ER T IY S IH K S,DH D AH G AE V OW ER IH JH K AA T S T AH NG V K IY ER P IH NG AH P ER S AH N IH N P R IH W Z OY AH N IH Z TH ER T IY S IH K S
SURRENDER WAS NOT AN OPTION,S ER EH N D ER W AA Z N AA T AE N AA P SH AH N,S ER EH N D ER W AA Z N AA T AE N AA P SH UW N,S ER DH N D ER W P Z N AA T AE N AA P SH AH N,S ER EH UW D W W AO Z N AA T AE SH AA P SH AH N,S ER EH N D ER W AA N AA T AE N AA P SH AH N,S ER EH N D ER W AA N AA T AE N AA P SH N,S ER D ER W Z N AA T AE N P SH AH N,S ER EH N D ER W AA Z N AA T AE N AA P SH UH AH N,S ER OY EH N D ER W DH AA Z N AA T AE N AA P SH AH N,AH S ER EH S N D ER W UH AA Z N AA T AE EH N AA P SH AH N
IT'S A LONG WAY FROM HOME,IH T EH S AH L AO NG W EY F R AH M HH OW M,ZH T EH S AH L AO NG W EY F R AH M HH OW M,IH T EH S AH L AO NG W EY F R AH M HH EY OY,IH T EH SH AH L AO CH W EY F R AH M HH OW UW,IH T S AH L AO NG W EY F R AH M HH OW M,T EH AH L AO NG W EY F R AH M HH OW M,EH S AH L AO NG W EY F R AH M HH OW,Z IH T EH S AH L AO NG W EY F R AH M HH OW M,IH T EH S AH L AO NG W EY F R AH M HH OW OW EY M,IH T EH UH S AH L AO S NG W EY F R AH M HH OW CH M
I HAVE NOTHING TO HIDE,AY HH AE V N AH TH IH NG T UW HH AY D,AY HH AE V N TH TH IH NG T UW HH AY D,EH HH AE V N AH TH IH NG T UW HH AY D,AY HH AE V N R TH IH S UH UW HH AY D,AY HH AE V N AH TH IH NG UW HH AY D,AY HH AE V N AH TH IH NG T HH AY D,AY HH N AH TH IH NG T UW HH D,AY HH AE V N T AH TH IH NG T UW HH AY D,DH AY HH AE V N AH TH IH NG T UW HH AY D,AY HH AE V N TH AH TH IH ZH NG R T UW HH AY D
REAL FRIENDS THAT CARE ABOUT ME,R IY L F R EH N D Z DH AE T K EH R AH B AW T M IY,B IY L F R EH N D Z DH AE T K EH R AH B AW T M IY,HH IY L F R EH N D Z DH AE T OW EH R AH B AW T M IY,R IY L F R HH N D Z DH AE T K EH HH IY B S T M IY,R IY L F R EH N D Z DH AE T K EH R AH B AW T M,R IY L F R EH N D DH AE T K EH R AH B T M IY,R IY L F R EH D Z DH AE T K R B AW T IY,B R IY L F R EH N D Z DH AE T K EH R AH B AW T M IY,HH R IY L F R EH N D Z DH AE T NG K EH R AH B AW T M IY,R IY L F R G EH N D Z DH AE T K HH EH R R AH B SH AW T M IY
JOIN US NEXT TIME FOR MANY MORE SURPRISES,JH OY N AH S N EH K S T T AY M F AO R M EH N IY M AO R S ER P R AY Z IH Z,JH OY N AH S N EH K S T T HH M F AO R M EH N IY M AO R S ER P R AY Z K Z,JH OY N AH S N EH K S T T AY M F W R M EH N IY M AO R S ER R R AY Z JH Z,JH OY N AH S N EH IH S T T AY M F AO IY AO EH N IY G AO R S IY P R AY Z IH R,JH OY N AH S EH K S T T AY M F AO R M N IY M AO R S ER P R AY Z IH Z,JH OY N AH S N EH K S T AY M F AO R M EH N IY AO R S P R AY Z IH Z,JH N AH S EH K S T T AY F AO R M EH N IY M AO R S ER P R Z,JH OY N AH S N EH K S T T G AY M F AO R M EH N IY M AO R S ER P R AY Z JH IH Z,JH OY N AH S N EH K S T T AY M F V AO R M EH N IY M AO R S ER P P R AY Z IY IH Z,JH OY N AH S N EH K IY S T T AY M F AO R AO M EH N IY R M AO R S IH ER P G R T AY Z IH Z
I SHOULDN'T SAY THOSE THINGS,AY SH UH D EH N T AY S EY DH OW Z TH IH NG Z,AY G UH D EH N T AY S EY DH OW Z TH IH NG Z,AY SH UH D JH N T AY S EY DH OW Z TH IH ER Z,AY SH UH D EH N T AY S EY V OW Z TH CH NG AW,AY SH UH D EH N T S EY DH OW Z TH IH NG Z,AY SH UH EH N T AY S DH OW Z TH IH NG Z,SH UH D N T AY S EY DH OW TH IH NG Z,AY G SH UH D EH N T AY S EY DH OW Z TH IH NG Z,AY SH UH D IY EH N T AY S EY DH OW Z TH IH ER NG Z,AY SH UH D EH AW N T UW AY K S EY DH OW Z TH IH NG Z
BUT I COME ACROSS TRAINING PRISONS NOW,B AH T AY K AH M AH K R AO S T R EY N IH NG P R IH Z AH N Z N AW,B AH T AY K AH M AH K R AO S T R EY N IH NG AW R IH Z AH N Z N AW,B AO T AY K AH V AH K R AO S T R EY N IH NG K R IH Z AH N Z N AW,B AH T AY AO AH V P K R AO S OY R EY N IH NG P R IH Z M N Z N AW,B AH T AY K M AH K R AO S T R EY N IH NG P R IH Z AH N Z N AW,B AH T AY K M AH K R AO S T N IH NG P R IH Z AH N Z N AW,B AH T AY K AH M AH K AO S T N IH NG P R IH Z N Z AW,B AH T AY K AH M AH K R AO S T R EY N IH NG AW P R IH Z AH N Z N AW,B K AH T AY K AH AH M AH K R AO S T R EY N IH NG UW P R IH Z AH N Z N AW,B AH T AY UW K AH L M OY AH K R AO S OY T R EY N IH NG P R IH Z AO AH N Z N AW
REGARDING ONE OF BRITAIN'S MOST NOTED,R AH G AA R D IH NG W AH N AH V B R IH T AH N EH S M OW S T N OW T AH D,R AH TH AA R D IH NG W AH N AH V B R IH T AH N EH S M OW AO T N OW T AH D,R UH G AA R D IH NG W AH N AH V B R DH T AH UW EH S M OW S T N OW T AH D,R Y G AA R D OW NG W AH N AH ' AA Z IH T AH N EH S M OW S T N OW T T D,R AH G AA R D IH NG W AH N AH B IH T AH N EH S M OW S T N OW T AH D,AH G AA R D IH NG W AH N AH V B R IH T AH N EH S M OW T N OW T D,R AH G AA R D IH NG W AH N AH V B R T N EH S T OW T AH D,R AH AO G AA R D IH NG W AH N AH V B R IH T AH N EH S M OW T S T N OW T AH D,R DH AH G AA R D IH NG W AH N AH V B R UH IH T AH TH N EH S M OW S T N OW T AH D,R ' AH G AA R D SH IH NG W AH N AH NG V W B AA R IH T AH N EH S M OW S T N OW T Y AH D
HE MOVED AROUND A LOT,HH IY M UW V D ER AW N D AH L AA T,HH IY M UW V D ER AW N D AH L V T,UH IY M UW V D ER AW N D AH L AA T,HH IY M UW UW P V AW N D AH L AA T,HH IY M UW D ER AW N D AH L AA T,HH IY M UW V D ER AW N D AH AA T,HH IY D ER AW N D AH L AA T,HH IY M UW V D ER AW N D AH L UW AA T,TH HH IY M UW V D ER AW N D AH L AA T,HH IY M UW UW V UW D OY ER AW N D AH L AA T
DON'T FORGET THAT SCARECROW,D UW EH N T AY F ER G EH T DH AE T S K AE R K R OW,D UW EH N CH AY F ER G EH T DH AE T S K AE R K R OW,D UW AO N T ZH F ER G EH T DH AE T S K AE R K R OW,D UW EH N T AY F R G EH T DH AE T S TH AE R K IH AA,D UW EH N T AY F ER G EH T DH AE T S K AE R K R,D UW EH N T AY F ER EH T DH AE T S K R K R OW,D EH N T AY ER G EH T DH AE T S K AE R OW,D UW EH N CH T AY F ER G EH T DH AE T S K AE R K R OW,D UW Z EH N T AO AY F ER G EH T DH AE T S K AE R K R OW,D UW EH N T AY F AA ER G EH T DH AE T S T K AE R K P R IH OW
I'M NOT SATISFIED,AY AH M N AA T S AE T AH S F AY D,AY AH M N AA T S AE T AH T F AY D,AY HH M N AA T S AE T AH S F AY D,AY AH M N AA DH OW AE T AH SH F AY D,AY AH M N AA T S AE T AH S AY D,AY AH M N AA T S AE T AH S F D,AH M N AA S AE T AH S AY D,AY AH M N AA T S AE T AH SH S F AY D,AY G AH M N AA T S AE T AH S F AY D,AY AH M N AA S T DH S AE T AH OW S F AY D
YOU BETTER STAY WELL AWAY FROM ME,Y UW B EH T ER S T EY W EH L AH W EY F R AH M M IY,Y UW B EH T ER S T EY W EH L AH W EY F R EH M M IY,Y UW B HH T ER S T EY W EH L Y W EY F R AH M M IY,AA UW B EH OW ER S T EY W EH L AH W EY F R Y M Z IY,Y UW B EH T ER S T EY W EH L AH W EY F R M M IY,Y UW B EH T S T EY W EH L AH W EY F AH M M IY,Y B EH T ER S T EY W EH L AH W EY R AH M,Y UW B EH T ER S T EY W EH L AH W EY F R DH AH M M IY,Y UW B G EH T ER S T EY W EH L W AH W EY F R AH M M IY,AA Y UW B EH W T ER S T EY W EH L AH W EY F R Y AH M OW M IY
COMES FROM ONE OF THE MOST BEAUTIFUL PARTS OF THE WORLD,K AH M Z F R AH M W AH N AH V DH AH M OW S T B Y UW T AH F AH L P AA R T S AH V DH AH W ER L D,K AH M Z F R AH M W AH N AH V DH AH M ZH S T B Y UW T AH F AH L P AA R T S AH P DH AH W ER L D,K AH Z Z F R AH M W AH N AH V DH AH M OW S T B Y UW T AH F AH L P AA R T S AH V DH AH W AW P Y,K AH M NG F K AH M S AH N M V DH AH M IH S T B Y UW T AH P AH L EY AA K T S AH V DH AH W ER L D,K AH M Z F R AH M W AH N AH V DH M OW S T B UW T AH F AH L P AA R T S AH V DH AH W ER L D,K AH M Z F R M W AH N AH V DH AH M OW S T Y UW T AH F AH L P AA R T S V DH AH W ER D,K AH M AH M W AH V DH AH M OW S T B Y UW T AH F AH L P AA R T S DH AH W ER L,K AH M Z F R AH M W AH N AH V DH AH M P OW S T B Y UW T AH F AH L P AA R T S AH Z V DH AH W ER L D,K AH W M Z F R AH M W AH N AH V DH AH M OW S T B Y UW T AH F AH L P AA R T S AH V DH AH W Y ER OY L AW D,K AH M OY Z F IH R AH M NG W AH N L AH V DH AH M K OW S T B Y UW T AH S F AH L EY P AA K R T S AH V DH AH W ER L D
THEY WILL NOT DO,DH EY W IH L N AA T D UW,DH EY W V L N AA T D UW,DH EY W IH L N AA T L UW,DH AA W IH T N AA T D UW,EY W IH L N AA T D UW,DH EY W L N AA T D UW,DH W IH L N AA T D,DH EY W UW IH L N AA T D UW,DH EY W IH L N AA T K D UW,DH AA EY W IH SH L N AA T D UW
I JUST DON'T GET IT,AY JH AH S T D UW EH N T AY G EH T IH T,AY JH AH S T D JH EH N T AY G EH T IH T,AY JH AH G T D UW EH K T AY G EH T IH T,AY AO AH AA T AE UW EH N T AY G EH T IH T,AY JH AH S T D UW N T AY G EH T IH T,AY JH AH S UW EH N T AY G EH T IH T,AY AH S T D N T AY G EH T IH T,AY JH AH S T D JH UW EH N T AY G EH T IH T,AY JH AH G S T D UW EH K N T AY G EH T IH T,AY AA JH AH AE S T AO D UW EH N T AY G EH T IH T
ALREADY IN THE STATES,AO L R EH D IY IH N DH AH S T EY T S,AO L R EH D IY NG N DH AH S T EY T S,AO L R EH CH IY K N DH AH S T EY T S,D L R D D IY IH N DH AH S T EY T G,AO L R EH D IY IH N DH AH S T EY S,AO L EH D IY IH N DH AH S T T S,AO L R D IY IH N DH S T EY T,AO L R EH D IY N IH N DH AH S T EY T S,AO L R EH JH D IY CH IH N DH AH S T EY T S,G AO L R D EH D IY IH N DH AH S T EY T ZH S
AND I THINK THIS IS ONE,AH N D AY TH IH NG K DH IH S IH Z W AH N,AH N D AY TH IH NG K DH IH S IH Z W UW N,AH N D AY TH ' NG K DH IH S IH Z W AW N,AH SH D AY TH IH NG K DH IH EY IH Z W AH Y,AH D AY TH IH NG K DH IH S IH Z W AH N,N D AY TH IH NG K DH S IH Z W AH N,AH D AY TH IH NG K DH S IH Z W AH,AH N D AY TH IH NG K DH IH S IH Z W UH AH N,AH N D AY TH ' IH NG K DH IH S IH Z W AO AH N,AH N D AY EY TH IH NG W K DH IH B S IH Z W AH N
TRAVEL THREE MILES FURTHER WEST AND YOU DO GET MORE FOR YOUR MONEY,T R AE V AH L TH R IY M AY L Z F ER DH ER W EH S T AH N D Y UW D UW G EH T M AO R F AO R Y AO R M AH N IY,T R AE V AH L TH F IY M AY L Z F ER DH ER W EH S T AH N D Y UW D UW HH EH T M AO R F AO R Y AO R M AH N IY,T R AE V AH L UH R IY M AY L Z F ER DH ER W EH S T AH N D Y UW D UW G AO T M AO R F AO EY Y AO V M AH N IY,T R AE V AH L Z OW IY M K L Z F ER DH Z W EH AO T AH N AA Y UW D UW G EH T M AO R F AO R Y Y R OW EY N IY,T R AE V AH L TH R IY M AY L Z F ER DH ER W EH S AH N D Y D UW G EH T M AO R F AO R Y AO R M AH N IY,T AE V AH L TH IY M AY L Z F ER DH ER W EH S AH N D Y UW D UW G EH T AO R F AO R Y AO R M AH N IY,T R AE V AH L TH R IY M AY L Z ER DH W EH S AH N D Y UW UW G EH T M AO F AO R M AH IY,T R AE V AH L TH F R IY M AY L Z F ER DH ER W EH S T AH N D Y UW D UW G G EH T M AO R F AO R Y AO R M AH N IY,T R AE V AH L TH TH R IY M AY L Z F ER DH ER W EH S T AH N D Y UW D UW G EY EH T M AO R F AO UW R Y AO AO R M AH N IY,T R AE V AH L TH AO R IY M ER AY L Z F ER DH OW ER W EH NG S T AH N W D Y UW D UW G JH EH T M AO R F AO R Y AA AO Y R AY M AH N IY
I'D LIKE TO HELP YOU,AY ' D IY L AY K T UW HH EH L P Y UW,AY M D IY L AY K T UW HH EH L P Y UW,AY ' AO IY N AY K T UW HH EH L P Y UW,AY ' D IY L AY K T UW HH K G P AY UW,AY ' D IY AY K T UW HH EH L P Y UW,AY ' D IY L K T UW HH EH L P Y,AY ' D AY T UW HH EH L P Y UW,AY L ' D IY L AY K T UW HH EH L P Y UW,AY ' AO D IY M L AY K T UW HH EH L P Y UW,AY ' D IY L AY K T UW JH HH AY EH G L P Y UW
A PLACE WHICH IS HARD TO LIVE,AH P L EY S W IH CH IH Z HH AA R D T UW L AY V,Z P L EY S W IH CH IH Z HH AA R D T UW L AY V,AH P L EY S W IH JH IH Z HH EH R D T UW L AY V,AH AO L NG S W IH CH IH Z HH UH R M T UW L AY V,AH P EY S W IH CH IH Z HH AA R D T UW L AY V,AH P L EY S W IH IH HH AA R D T UW L AY V,AH P L EY W IH CH IH AA R D UW L AY V,Y AH P L EY S W IH CH IH Z HH AA R D T UW L AY V,AH P L EY S W IH DH CH IH Z HH IY AA R D T UW L AY V,AH L P L TH EY S W IH CH IH Z HH AO AA R N D T UW L AY V
BEFORE WE BRING ON OUR NEXT CONTENDER,B IH F AO R W IY B R IH NG AA N AW ER N EH K S T K AH N T EH N D ER,B IH F AO R W IY B R IH NG AA N AW ER N EH F S T K AH N T EH N D ER,B IH F AO R W IY B R IH NG AA N AW K N EH ' S T K AH N T EH N UW ER,SH IH F ER R W IY B R IH NG IY N DH ER R EH K S T K AH N T EH N UW ER,B IH F AO R W B R IH NG AA N AW ER N EH K S T K AH N T EH N D ER,B F AO R W IY R IH NG AA N AW ER N EH K T K AH N T EH N D ER,IH AO R W IY B R IH NG AA N AW N EH K K AH N T N D ER,B IH F AO R W IY B R IH NG AA N AW ER N EH F K S T K AH N T EH N D ER,B IH F AO R W IY B R IH NG AA N AW UH ER N EH ZH K S T K AH N T EH N JH D ER,IH B IH F UH AO R W IY B R IH NG EH AA N P AW ER D N EH K S T K AH N T EH N S D ER
I'M YOUR SIMON COWELL,AY AH M Y AO R S AY M AH N K AA W EH L,AY AH M Y AO R S ' M AH N K AA W EH L,AY AH M Y AO R S AY M B N K AA W CH L,AY AH M Y AO R K IY M AH N K AA W EH Z,AY AH M Y AO R S AY M AH K AA W EH L,AY Y AO R S AY M AH N K AA W EH L,AY M AO R S AY AH N K AA W EH L,AY AH M Y AO R S ' AY M AH N K AA W EH L,JH AY AH M Y AO R S AY M AH V N K AA W EH L,AY AH M Y AO R K S IH AY M AH N K AA W EH Y L
AS WELL AS THE BODY,AE Z W EH L AE Z DH AH B AA D IY,AE AH W EH L AE Z DH AH B AA D IY,AE Z W EH B AE Z DH AH B AA D IY,AE G W S SH AE Z DH AH B AA D IY,AE Z W L AE Z DH AH B AA D IY,AE Z W EH L AE Z DH AH B AA IY,AE Z W AE Z DH B AA D IY,AE AH Z W EH L AE Z DH AH B AA D IY,AE Z W EH L AE Z DH AH B AY AA D IY,AE S Z W G EH R L AE Z DH AH B AA D IY
BACK IN SIERRA LEONE,B AE K IH N S IY EH R AH L IY OW N,B AE K AO N S IY EH R AH L IY OW N,B W K IH N S IY EH R AH L IY OW N,B AE K IH N S IY EH R OW AA IY OW L,B AE K IH N S IY EH R AH IY OW N,B AE K IH N S IY R AH L IY OW N,B IH N IY EH R AH L IY OW N,B AE K AO IH N S IY EH R AH L IY OW N,B AE HH K IH N S IY EH R AH L IY OW N,B AE K IH N S IY EH R AA AH L L IY OW NG N
WE HAD NO MONEY,W IY HH AE D N OW M AH N IY,L IY HH AE D N OW M AH N IY,W IY IY AE D N OW M AH N IY,W IY HH AE D TH OW EH AH N IY,W IY HH AE D N OW AH N IY,W HH AE D N OW M AH N IY,W IY HH D OW M AH N IY,L W IY HH AE D N OW M AH N IY,W AY IY HH AE D N OW M AH N IY,W IY HH AE D T N OW EH M AH N IY
EIGHT FEET TALL,EY T F IY T T AO L,EY UH F IY T T AO L,EY T F IY ZH T AO L,EY T M HH T T AO L,EY T F IY T T L,EY T IY T T AO L,EY F IY T AO L,EY TH T F IY T T AO L,EY T IH F IY T T AO L,EY T L F HH IY T T AO L
IT'S ON OUR CABLE PACKAGE,IH T EH S AA N AW ER K EY B AH L P AE K AH JH,IH T EH S AA N AW IY K EY B AH L P AE K AH JH,IH T EH S AA N F ER K EY IH AH L P AE K AH JH,G T EH S AA N AW ER ER EY B AH L P AE K P AW,IH T EH S AA N AW ER K EY B AH L P K AH JH,IH T EH S N AW ER K EY B AH L P AE AH JH,T EH S AA N AW ER K AH L P K AH JH,IH T EH S AA N AW IH ER K EY B AH L P AE K AH JH,IH T EH S AA N EY AW ER K L EY B AH L P AE K AH JH,OY IH T EH S AA N AW ER G K EY B AH L P AE K AW AH ER JH
EXCEPT AS A LAST RESORT,IH K S EH P T AE Z AH L AE S T R IH Z AO R T,IH K S EH P T AE Z AH L AE S T R IH EY AO R T,IH K S EH P T AE Z AH L AE S T R IH AH IH R T,IH K S EH P T AE AA AH L AE S T R IH T AO S AW,IH K S EH T AE Z AH L AE S T R IH Z AO R T,IH K S EH P AE Z AH L AE S T R IH Z AO T,IH K S T AE Z AH AE S T R IH Z AO T,IH K S EH P T AE Z AH L AE S T R IH EY Z AO R T,IH K S EH P T AE Z HH AH L AE S T R IH Z T AO R T,IH K S EH P T AE AW Z AH L AE S T R IH AA Z AO R R T T
AND MORE OPEN TO THE PARLIAMENT,AH N D M AO R OW P AH N T UW DH AH P AA R L AH M AH N T,AH N D M AO R OW P AH N T UW DH AH P AA R CH AH M AH N T,AH N R M AO R OW P AH N T UW DH AH P AA R L AH M IY N T,AH N D M AO R OW N AH Z T UW T AH P AA R L AH M AH UW W,AH N D M AO R OW P N T UW DH AH P AA R L AH M AH N T,AH N D M AO R OW P N T UW DH AH P AA L AH M AH N T,AH N D R OW P T UW DH AH P AA R AH M AH N T,AH N D M AO R OW P AH N T UW DH AH P AA R CH L AH M AH N T,AH IH N P D M AO R OW P AH N T UW DH AH P AA R L AH M AH N T,AH N D M AO R OW UH P AH V N T UW SH DH AH P AA R L AH M AH N N Y T
AND THEY WERE THE FIRST PEOPLE,AH N D DH EY W ER DH AH F ER S T P IY P AH L,AH N D DH EY W ER DH AH F ER S T P IY G AH L,D L D DH EY W ER DH AH F ER S T P IY P AH L,AH N D DH EY HH ER DH AH F K SH T IH IY P AH L,AH N D DH W ER DH AH F ER S T P IY P AH L,AH N D DH EY W DH AH F ER S T IY P AH L,AH N D DH EY W DH AH F S T P IY P,AH N D DH EY W ER DH AH F ER S T P IY G P AH L,CH AH L N D DH EY W ER DH AH F ER S T P IY P AH L,AH N D DH EY HH W ER DH AH F JH ER IH S T S P IY P AH L
I THINK SHE'S COMPLETELY BONKERS,AY TH IH NG K SH IY EH S K AH M P L IY T L IY B AA NG K ER Z,AY TH IH NG K SH IY EH S K AH M P L IY OY L IY B AA NG K ER Z,AY TH IH NG K SH IY EH R K AH M P L IY T L IY B AA DH K ER Z,AY TH IH V K SH ER B S K F M P L IY T L IY B AA NG K ER EH,AY TH IH NG K SH IY S K AH M P L IY T L IY B AA NG K ER Z,AY TH IH NG K SH IY EH S K AH M P L IY T L B AA NG K ER,AY IH NG K SH IY EH K AH M P L IY IY B AA K ER Z,AY TH IH NG K SH IY EH S K AH M P L IY OY T L IY B AA NG K ER Z,AY TH IH NG K SH IY EH R S K AH M P L IY T L IY B AA DH NG K ER Z,AY TH IH EY NG K SH ER IY EH EH S K UW AH M P L IY T L IY B AA NG K ER B Z
YOU HAVE A PROBLEM WITH IT,Y UW HH AE V AH P R AA B L AH M W IH DH IH T,Y UW HH AE V AH AY R AA B L AH M W IH DH IH T,Y UW HH AE V AH P R AA B L AH M ' IH DH IH W,Y N HH AE V AH P R JH G L AH M W IH EY IH T,Y UW HH AE V AH P R AA B L AH M W IH DH IH,Y UW HH AE V AH R AA L AH M W IH DH IH T,UW AE V AH P R B L AH M IH DH IH T,Y UW HH AE V AH AY P R AA B L AH M W IH DH IH T,Y UW HH AE V AH P R AA B L AH M ' W IH DH IH V T,Y N UW HH AE V AH P R F AA IY B L AH M W IH ER DH IH T
SHE WILL BE VERY PLEASED,SH IY W IH L B IY V EH R IY P L IY Z D,SH IY W R L B IY V EH R IY P L IY Z D,SH V W D L B IY V EH R IY P L IY Z D,IH IY W IH CH V IY V EH R IY P L IY Z D,SH IY W IH L B IY V R IY P L IY Z D,SH IY W IH L B IY V EH R P IY Z D,IY W IH L IY V EH R IY P IY Z D,SH IY W P IH L B IY V EH R IY P L IY Z D,SH UW IY W D IH L B IY V EH R IY P L IY Z D,IH SH IY W IH CH L UW B IY V EH R IY P L IY Z D
THEY'RE ALL ABOUT THE SAME,DH EY ' R EY AO L AH B AW T DH AH S EY M,DH EY ' R EY AO L AH B AW T R AH S EY M,DH NG ' R EY AO L AH B AW T DH AH Z EY M,CH JH ' R EY AO L AH TH AW T DH AH S EY M,DH EY ' R EY AO L AH B AW T DH AH EY M,DH EY ' R EY AO L B AW T AH S EY M,DH EY ' R AO L AH B AW DH AH S EY,DH EY ' R EY AO L AH B AW T P DH AH S EY M,DH Y EY ' R EY AO L AH B AW T DH AH N S EY M,T DH CH EY ' R EY AO L AH IY B AW T DH AH S EY M
AND THE INITIALS STAND FOR THE INTERNATIONAL MARXIST GROUP,AH N D DH AH IH N IH SH AH L Z S T AE N D F AO R DH AH IH N T ER N AE SH AH N AH L M AA R K S AH S T G R UW P,AH N D DH AH IH N IH SH AH L Z S T AE N D F AO R DH AH IH N T ER AH AE SH B N AH L M AA R K S AH S T G R UW P,AH N D DH AH IH N IH AE K L Z S T AE N D F AO R DH AH IH N T ER N NG SH AH N AH L M AA AE K S AH S T G R UW P,IH N D DH AH IH AH IH SH AH L W S T AE N D F CH R DH AW IH N T ER N AE TH AH AO AH L M AA R T S AH S OW G R UW P,AH N D DH AH IH N IH SH AH L Z S T AE N D F AO R DH AH IH N T N AE SH AH N AH L M AA R K AH S T G R UW P,AH N D DH AH IH N SH AH L Z S T AE D F AO R DH AH IH N T ER N AE AH N AH L AA R K S AH S T G R UW P,N D DH IH N SH Z S T AE N D F AO R DH AH IH N T ER N AH N AH L M AA K S AH S T G UW P,AH N D DH AH IH N IH SH AH L Z S T AE N D F AO R DH AH IH N T ER AY N AE SH AH AH N AH L M AA R K S AH S T G R UW P,AH N D DH AH IH N IH AE SH N AH L Z S T AE N D F AO R DH AH IH N T ER N JH AE SH AH N AH L M AA AE R K S AH S T G R UW P,W AH N D DH AH IH AO N IH SH AH L T Z S T AE N D F OW AO R DH AO AH IH N T ER N AE B SH AH SH N AH L M AA R HH K S AH S AH T G R UW P
YOU DON'T DESERVE MY GRACE,Y UW D UW EH N T AY D IH Z ER V M AY G R EY S,Y OW D UW EH N T AY D IH Z ER V M AY G R EY S,Y UW D UW EH N AY AY D IH Z HH V M AY G R EY S,Y AW D UW HH N T AY D W Z ER V M AY G R B S,Y UW D UW EH N T AY D IH Z V M AY G R EY S,Y UW UW EH N T D IH Z ER V M AY G R EY S,Y D UW N T AY D IH Z V M AY G R S,Y OW UW D UW EH N T AY D IH Z ER V M AY G R EY S,Y UW D UW EH N AY T AY D IH Z G ER V M AY G R EY S,Y V UW D UW B EH N T AY D G IH Z ER V M AY G R AW EY S
BUT MY GOODNESS,B AH T M AY G UH D N AH S,B AH T M AY AY UH D N AH S,B AH T M AY W UH D N AH S,B AH T M AY G ZH D N G S,B AH T AY G UH D N AH S,B AH T M AY UH D N AH S,B AH M AY G D N AH S,B AH T M AY AY G UH D N AH S,B AH T M AY V G UH D N AH S,B AH T M AY G ZH UH D N Z AH S
THE PRESIDENT'S CHAIR,DH AH P R EH Z AH D EH N T EH S CH EH R,DH AH P R EH Z AH EY EH N T EH S CH EH R,DH AH P R EH Z AH D EH G T EH S DH EH R,DH AH P R EH Z AH Z EH N T EH JH CH R R,DH AH P R Z AH D EH N T EH S CH EH R,AH P R EH Z AH D EH T EH S CH EH R,DH P R AH D EH N T EH S CH EH R,DH AH P R EH Z AH ER D EH N T EH S CH EH R,DH AH P R EH Z AH D EH G N T EH S D CH EH R,DH AH P R EH Z AH R D R EH N T EH NG S CH EH R
HASN'T TIME FLOWN,HH AE Z EH N T AY T AY M F L OW N,HH AE Z V N T AY T AY M F L OW N,HH AE Z EH N T AY T AY M F L OW DH,HH AE Z EH AH T AY T AY AY F L EY N,HH AE Z EH N T AY T M F L OW N,HH AE Z EH N T AY T M F L OW N,AE Z EH N AY T AY M F L N,HH AE Z UW EH N T AY T AY M F L OW N,HH AE Z EH N T AY T AY M F L OW DH N,HH AE Z EH ZH N T W AY T AY JH M F L OW N
AND IT WAS TOTALLY NORMAL,AH N D IH T W AA Z T OW T AH L IY N AO R M AH L,AH N D IH T W AA Z T OW T AH L IY CH AO R M AH L,AH N D IH T AA AA Z T OW T AH L EH N AO R M AH L,AH N W IH T AO HH Z EH OW T AH L IY N AO R M AH L,AH N D IH T W AA Z T OW T AH L IY N R M AH L,AH N D IH T W AA T OW T AH L IY N AO R M L,AH N D T W T OW T L IY N AO R M AH L,AH N D IH T W AA Z T OW T AH L IY CH N AO R M AH L,AH N D IH T EH W AA Z T OW T AH L AA IY N AO R M AH L,AH G N D DH IH T W AW AA Z T OW T AH L IY N AO R HH M AH L
IT LOOKS REALLY LIKE IT IS,IH T L UH K S R IH L IY L AY K IH T IH Z,IH T L UH K S R IH L IY L AY K EH T IH Z,IH T L UH K S R IH L IY G AY K IY T IH Z,ZH T L UH K R T IH L IY L AY K IH T IH Z,IH T UH K S R IH L IY L AY K IH T IH Z,T L UH K S R L IY L AY K IH T IH Z,IH T L UH S R IH L IY L AY K IH Z,IH T L UH K S R IH L IY L AY K EH IH T IH Z,IH T L UH K S R IH L IY IH L AY K G IH T IH Z,IH T R L UH K OY S R IH L IY L AY K IH T ' IH Z
DESTROYING THE PROPERTY,D IH S T R OY IH NG DH AH P R AA P ER T IY,D IH S T R OY IH NG SH AH P R AA P ER T IY,D IH S AE R NG IH NG DH AH P R AA P ER T IY,D JH S S R OY IH NG DH JH P R AA P ER T IY,D S T R OY IH NG DH AH P R AA P ER T IY,D T R OY IH NG DH AH P R AA P ER T IY,D IH S T R IH DH AH P R P ER T IY,D IH S T R OY IH NG S DH AH P R AA P ER T IY,D IH S AE T R NG OY IH NG DH AH P R AA P ER T IY,IY D IH S T R OY IH NG DH IY AH P R AA P ER F T IY
COURAGE UNDER FIRE,K ER AH JH AH N D ER F AY ER,K ER AH AO AH N D ER F AY ER,K ER AH JH AH N D G F AY ER,K IH AH Z AH N D ER F AY ER,K AH JH AH N D ER F AY ER,K ER AH AH N D ER F AY ER,K ER JH AH N ER F AY ER,K ER AH AO JH AH N D ER F AY ER,K ER AH JH AH N D F ER F AY ER,K HH ER AH JH AH N D F ER F AY ER
MAYBE NOT URANIUM,M EY B IY N AA T Y ER EY N IY AH M,M EY B IY N AA T V ER EY N IY AH M,M EY B SH N AA T Y ER EY N IY AH M,M EY B V N AA T Y ER EY R IY CH M,M EY IY N AA T Y ER EY N IY AH M,M B IY N AA T Y ER EY N IY AH M,EY IY N AA T Y ER EY N AH M,M EY B IY N AA T V Y ER EY N IY AH M,M EY B S IY N AA T Y ER EY N IY AH M,M EY B IY N AA T Y ER EY P N IY ER AH Y M
PROJECT MANAGEMENT IS REALLY MY SPECIALIST AREA,P R AA JH EH K T M AE N AH JH M AH N T IH Z R IH L IY M AY S P EH SH AH L AH S T EH R IY AH,P R AA ' EH K V M AE N AH JH M AH N T IH Z R IH L IY M AY S P EH SH AH L AH S T EH R IY AH,P IH AA JH EH K T M AE N AH JH M AH L T IH Z R OY L IY ER AY S P EH SH AH L AH S T EH R IY AH,P R AA B S SH T M AE ZH AH JH M AH JH T IH W R IH L IY M AY S P EH SH AH L AH S T EH R JH AH,P R AA JH EH K T M AE N JH M AH N T IH Z R IH L IY M AY S P EH AH L AH S T EH R IY AH,P R JH K T M AE N AH JH M AH N T IH Z R IH L M AY S P EH SH AH L AH S EH R IY AH,P R AA JH EH K M AE N JH AH N IH R IH L M AY S P SH AH L AH S T EH R IY AH,P R AA ' JH EH K UW T M AE N AH JH M AH N T IH Z R IH L IY M AY S P EH SH AH L AH S T EH R IY AH,P IH R AA JH EH K T M AE N AH JH M AH L N T IH Z R OW IH L IY ER M AY S P EH SH AH L AH S T EH R IY AH,P R R AA JH EH K T IY M AE W N AH JH M AH Z N T IH JH Z R IH L IY M AY S P EH SH AH L AH S T DH EH AH R IY AH
WITH WHITE CHRISTMAS,W IH DH W AY T K R IH S M AH S,W G DH W AY T K R IH S M AH S,W IY DH W AY T K R IH S M AH S,W IH DH W UH T V R IH S M IY S,W IH DH W AY T K R IH M AH S,W IH DH AY T K R IH S M AH S,IH DH AY T K IH S M AH S,W G IH DH W AY T K R IH S M AH S,W IH IH DH W AY T K R IH S M AH S,W TH IH DH W IH AY T K OW R IH S M AH S
IS IN THE DRYING,IH Z IH N DH AH D R AY IH NG,IH Z P N DH AH D R AY IH NG,IH Z IH N DH UH D R AY IH NG,IH Z IH N DH AH D AW AY IH ZH,IH IH N DH AH D R AY IH NG,IH Z IH N AH D R AY IH NG,IH Z IH DH AH D AY IH NG,IH Z OY IH N DH AH D R AY IH NG,IH Z IH N DH TH AH D R AY IH NG,IH Z IH N DH AH D AW R R AY IH NG
ISLAM ALLOWS POLYGAMY,IH S L AA M AH L AW Z P AH L IH G AH M IY,IH S L AA M AH L AW Z P AH L IH G AH T IY,IH S L AA M AH L AW Z P CH L AA G AH M IY,IH K L AA M AH L AW Z P AH HH IH ZH AH M IY,IH S L AA M AH L AW Z P AH L G AH M IY,IH S L AA M AH AW Z P AH L IH G AH IY,IH S L AA M AH L AW Z AH IH AH M IY,IH S L AA M AH L AW Z P AH L IH G AH SH M IY,IH S L AA M AH L AW Z P B AH L AA IH G AH M IY,IH HH S L AA M AH L AW Z P AH Z L IH K G AH M IY
THAT'S NOT WHAT I WAS EXPECTING AT ALL,DH AE T EH S N AA T W AH T AY W AA Z IH K S P EH K T IH NG AE T AO L,DH AE T EH S N OY T W AH T AY W AA Z IH K S P EH K T IH NG AE T AO L,DH AE T EH S AE AA T HH AH T AY W AA Z IH K S AY EH K T IH NG AE T AO L,AA AE IH EH S N AA Y W AH T AY W AA Z IH K S EH EH K AE IH T AE T AO L,DH AE T EH S N AA T W AH T AY AA Z IH K S P EH K T IH NG AE T AO L,DH AE T EH N AA T W AH T AY W AA Z IH K P EH K T IH AE T AO L,AE T EH S N W AH T AY W AA Z IH K S P EH K IH NG AE L,DH AE T EH S N OW AA T W AH T AY W AA Z IH K S P EH K T IH NG AE T AO L,DH AE T EH S AY N AA T AE W AH T AY W AA Z IH K S HH P EH K T IH NG AE T AO L,SH DH AE EH T EH S N AA AE T W AH T AY W AA Z IH K S W P EH K IH T IH AA NG AE T AO L
WHAT DO YOU KNOW ABOUT IT,W AH T D UW Y UW N OW AH B AW T IH T,W AH T D UW Y UW N OW AH B AW T IH AH,W AH T D UW Y K N OW N B AW T IH T,W AH T D UW Y UW Z IH AH ER AW T IH T,W AH T D UW Y UW N OW B AW T IH T,W AH T D UW Y UW N OW B AW T IH,W AH T D N OW AH B AW T IH T,W AH T D UW Y UW N OW AH B AW T IH AH T,W AH T D UW Y K UW N OW M AH B AW T IH T,W AH T D UW Y UW Y N EH OW AH IH B AW T IH T
PROVIDED BY THE RAILWAYS,P R AH V AY D AH D B AY DH AH R EY L W EY Z,P R AH V AY OW AH D B AY DH AH R EY L W EY Z,P R AH V AY D AH D B AY DH AH R B L W OW Z,P R M V AY D AH L B AY DH AH R N L OY EY Z,P R AH V AY D AH D B AY DH AH R EY W EY Z,P R AH V AY D AH B AY DH AH R EY L EY Z,P R V AY D AH D AY R EY L W EY Z,P R AH V AY NG D AH D B AY DH AH R EY L W EY Z,P R AH V AY D AH D B AY DH AH R NG EY L W B EY Z,P R K AH V AY D AH L D B AY DH AH R OY EY L M W EY Z
AND WOULD EVENTUALLY MARRY HER AFTER HIS WIFE,AH N D W UH D IH V EH N CH AH W AH L IY M EH R IY HH ER AE F T ER HH IH Z W AY F,IH N D W UH D IH V EH N CH AH W AH L IY M EH R IY HH ER AE F S ER HH IH Z W AY F,AH N UW W UH D IH V EH N CH AH P AH L IY ' EH R IY HH ER AE F T ER HH IH Z W AY F,AH N D W UH OY TH V EH N W AH W AE L IY M EH R IY HH ER SH F T ER HH JH Z W AY F,N D W UH D IH V EH N CH AH W AH L IY EH R IY HH ER AE F T ER HH IH Z W AY F,AH N D W UH D IH V EH N CH AH AH L IY M EH R IY HH ER AE F T ER IH Z W F,N D W UH D IH V EH N AH W AH L IY M R IY HH AE F T IH Z W AY F,S AH N D W UH D IH V EH N CH AH W AH L IY M EH R IY HH ER AE F HH T ER HH IH Z W AY F,AH N UH D W UH D IH V EH N CH AH ' W AH L IY P M EH R IY HH ER AE F T ER HH IH Z W AY F,AH N D W UH S D AE IH V EH N V CH AH W OW AH L IY M EH R IY HH ER IY AE F T ER HH T IH Z W AY F
WE TALKED ABOUT IT,W IY T AO K T AH B AW T IH T,W IY T AO R T AH B AW T IH T,W IY T AO K T AH B EY T IH T,W HH T AO K K AH B AW T IH T,W IY T AO K T AH B AW T T,W T AO K T AH B AW T IH T,W T AO T AH B AW T IH T,W IY T AO P K T AH B AW T IH T,W IY T AO K T AH B ER AW T IH T,W K IY T AO K HH T AH B AW T IH T
WHICH IS IDEAL FOR IT,W IH CH IH Z AY D IY L F AO R IH T,W IH CH IH Z AY D IY L F AO W IH T,W IH CH IH Z R D IY L F AO R IH T,W UH CH IH Z AY V IY L F AO R ' T,W IH CH IH Z AY D IY L F AO IH T,W CH IH Z AY D IY L F AO R IH T,W IH IH AY D IY L AO R IH T,W IH CH IH Z AY D IY L F AO V R IH T,W IH CH IH Z P AY D IY L F AO R IH T,W UW IH CH IH Z AY ' D IY L F AO R TH IH T
WHAT ELSE CAN I BE,W AH T EH L S K AE N AY B IY,W AH T EH L S K AE N AY TH IY,W M T EH L S K AE N AY B IY,W AH T EH L S ER AO N AY B IY,W T EH L S K AE N AY B IY,W AH T EH L S K AE N AY IY,T EH L S K AE N AY B IY,W AH T EH L S K AE N AY T B IY,W L AH T EH L S K AE N AY B IY,W AH T EH L S ER K AH AE N AY B IY
WAS IT YOUR CHOICE,W AA Z IH T Y AO R CH OY S,W AA ER IH T Y AO R CH OY S,W AA Z IH T Y AO R CH K S,W AA Z IH T R AO R TH OY S,W AA Z IH T Y AO R CH OY,W AA Z IH T Y R CH OY S,W AA Z IH T Y R CH S,W AA ER Z IH T Y AO R CH OY S,W AA Z IH T Y AO R CH K OY S,W AA Z IH T T Y AO R ZH CH OY S
IT'S A PLUS POINT,IH T EH S AH P L AH S P OY N T,IH T EH S F P L AH S P OY N T,IH T EH S AH P L AH S P B N T,W T EH CH AH P L AH S P OY N IH,IH T EH S AH P L AH P OY N T,IH T EH S AH L AH S P OY N T,IH T EH S AH L AH S P OY,IH T EH S EY AH P L AH S P OY N T,IH T EH S AH P L AH S P B OY N T,V IH T EH S AH P L IH AH S P EY OY N T
WE HAVE ALL THE USUAL SUSPECTS,W IY HH AE V AO L DH AH Y UW ZH AH W AH L S AH S P EH K T S,W Z HH AE V AO L DH AH Y UW ZH AH W AH L S AH S P EH K T S,W IY HH AE V AO L DH AH JH UW ZH AH W AH L S AH S P EH K T UH,W IY HH K V AO L DH AH AA UW ZH AH W ZH DH S AH S P EH K G S,W IY HH AE V AO L DH Y UW ZH AH W AH L S AH S P EH K T S,W IY HH AE V AO L DH AH Y UW ZH AH L S AH S P EH K T S,W IY HH V AO L DH AH Y UW ZH AH L AH S EH K T S,W Y IY HH AE V AO L DH AH Y UW ZH AH W AH L S AH S P EH K T S,W IY HH AE V AO L DH AH JH Y UW ZH AH W AH L S AH S P EH K T TH S,W IY HH AE DH V AO L DH AH G Y UW ZH AH W Z AH AA L S AH S P EH K B T S
WHICH IS ABSOLUTELY UNDERSTANDABLE,W IH CH IH Z AE B S AH L UW T L IY AH N D ER S T AE N D AH B AH L,W IH CH IH Z AE B S AH L UW T L IY AH N D ER S T AE N D V B AH L,W IH CH IH Z AE B S AH L W T L JH AH N D ER S T AE OY D AH B AH L,S IH DH IH Z AE B TH AH L UW T L B AH N D B S T AE N D AH B AH L,W IH CH IH Z AE B S AH L UW T L IY AH N D ER S T AE N D AH AH L,W CH IH Z AE B S AH L UW T L IY AH N D ER S T AE D B AH L,W CH IH Z AE S L UW T L IY AH N D ER T AE N AH B AH L,W IH CH IH Z AE B S AH L UW T L IY AH N D ER S T AE N D UW AH B AH L,W IH CH IH Z AE B S AH L V UW T L IY IY AH N D ER S T AE OW N D AH B AH L,D W IH B CH IH Z AE B S AH S L UW T L B IY AH N D F ER S T AE N D AH B AH L
WILL APPEAR IN COURT NEXT MONTH,W IH L AH P IH R IH N K AO R T N EH K S T M AH N TH,W L L AH P IH R IH N K AO R T N EH K S T M AH N TH,W IH L AH OY IH NG IH N K AO R T N EH K S T M AH N TH,W IH L AH P IH R IH G T AO R T SH EH K T T M AH N TH,W IH L AH P IH R IH N K AO R T N EH K S T M AH TH,W IH L P IH R IH N K AO R T N EH K S T M AH TH,IH L AH P IH R IH N K AO R T EH K M AH N TH,W K IH L AH P IH R IH N K AO R T N EH K S T M AH N TH,W IH L AH NG P IH OY R IH N K AO R T N EH K S T M AH N TH,W IH L AH P IH R IH G N SH K AO R T N EH SH K OY S T M AH N TH
IF YOU WANT TO KNOW WHAT THE KIDS ARE LISTENING TO THESE DAYS,IH F Y UW W AA N T T UW N OW W AH T DH AH K IH D Z AA R L IH S AH N IH NG T UW DH IY Z D EY Z,IH F Y SH W AA N T T UW N OW W AH T DH AH K IH D Z AA R L IH S AH N IH NG T UW DH IY Z D EY TH,IH F Y UW W AA N T T UW N W W AH T DH AH K IH K Z AA R L IH IY AH N IH NG T UW DH IY Z D ' Z,IH F Y UW JH AA N T IY L N OW IH AH T DH AH K IH D Z AA R L UH S AH N IH NG T UW ' Z Z P EY Z,IH F Y UW W AA N T UW N OW W AH T DH AH K IH D Z R L IH S AH N IH NG T UW DH IY Z D EY Z,IH F Y W AA T T UW N OW W AH T DH AH K IH D Z R L IH AH N IH NG T UW DH IY Z D EY Z,IH F Y UW AA N T UW N OW AH T DH AH K IH D R IH S AH IH NG T UW DH IY Z D Z,IH F Y TH UW W AA N T T UW N OW W AH T DH AH K IH D Z AA R L IH S AH N IH NG T UW DH IY Z D EY SH Z,IH F Y UW W AA N T T UW N IY OW W AH T DH AH K IH JH D Z AA R L IH ' S AH N IH NG T UW DH IY Z D V EY Z,IH F Y UW W AA N T IY T ' UW N OW IH W AH T DH AH K IH D Z AA R L TH IH S AH L N IH OY NG T UW IH DH IY Z AO D EY Z
THEY ARE BATTLING TO BE CROWNED PRO CHALLENGE CHAMPION,DH EY AA R B AE T AH L IH NG T UW B IY K R AW N D P R OW CH AE L AH N JH CH AE M P IY AH N,DH EY AA R B AE T AH L IH UH T UW B IY K R AW N D P R OW CH AE L AH N JH CH AE M P AH AH N,DH EY AA R B AE T AH L IH NG T UW S IY K R AW N D EY R OW CH AE L AH S JH UH AE M P IY AH N,DH EY AA R B AE T AH L OW G T UW B IY K R Y N D P R ER CH AE L AH N SH CH L V P IY AH N,DH EY AA R B AE T AH L IH NG T UW B IY K R AW D P R OW CH AE L AH JH CH AE M P IY AH N,DH EY AA R B AE T AH L IH NG T B IY R AW N D P R OW CH AE L AH N CH AE M P IY N,DH EY AA R B AE T AH L IH NG T B IY K R AW N R CH AE L N JH CH AE M IY AH,DH EY AA R B AE T AH L IH TH NG T UW B IY K R AW N D P R OW CH AE L AH N JH CH AE M P AH IY AH N,DH EY AA R B AE T AH L IH NG T UW TH B IY K R AW N D EY P R OW CH AE L AH R N JH R CH AE M P IY AH N,DH EY AA R B AE T AH L G IH ER NG K T UW B IY K R AW N S D P R OW CH AE L AH N NG JH CH UW AE V M P IY AH N
CLEARLY THEY DO,K L IH R L IY DH EY D UW,K EH IH R L IY DH EY D UW,K L IH R L IY DH DH D UW,K L IH AE L IY P EY D UW,K L R L IY DH EY D UW,K L R L IY DH EY D UW,K L IH R IY DH EY UW,K EH L IH R L IY DH EY D UW,K L IH R L IY DH DH EY D UW,K L IH R L IY OY DH EY D F UW
IS IT TRUE SHE WAS,IH Z IH T T R UW SH IY W AA Z,IH ZH IH T T R UW SH IY W AA Z,IH Z IH T T R UW SH IY W AY Z,IH Z IH T T NG UW NG IY W AA Z,IH Z IH T T R UW IY W AA Z,IH Z IH T T R SH IY W AA Z,IH Z T R UW SH IY W AA Z,IH Z Z IH T T R UW SH IY W AA Z,IH Z IH T T R UW SH IY W AW AA Z,NG IH Z IH T T SH R UW SH IY W AA Z
GARDENS NEVER FINISH,G AA R D AH N Z N EH V ER F IH N IH SH,G AA G D AH N Z N EH V ER F IH N IH SH,G AA R D AH N Z N AW L ER F IH N IH SH,Z AA R D D N Z UH EH V ER F IH N IH SH,AA R D AH N Z N EH V ER F IH N IH SH,G AA R D Z N EH V ER F IH N IH SH,G AA R D AH N N EH V F IH IH SH,G AA G R D AH N Z N EH V ER F IH N IH SH,G AA R D AH N Z N L EH ZH V ER F IH N IH SH,G AA R D AH N Z N EH V AE ER F T IH N IH D SH
FOR ME IT DOESN'T MAKE SENSE,F AO R M IY IH T D AH Z EH N T AY M EY K S EH N S,F AO R M IY IH T D AH Z EH N B AY M EY K S EH N S,F AO R M IY IH T G AH ER EH N T AY M EY K S EH N S,F AO R SH IY IH T D AH Z UW N T AY ' EY K S EH D S,F AO R M IY IH T D Z EH N T AY M EY K S EH N S,F AO R M IY IH T AH Z EH N T AY EY K S EH N S,F AO R M IY T D AH EH N T AY M EY K S S,F AO R M IY IH T D AH Z EH N B T AY M EY K S EH N S,F AO F R M IY IH T JH D AH Z EH N T AY M EY K S EH N S,F AO R M UH IY IH T D AH Z AY EH N T AY M EY R K S AY EH N S
I FEEL LIKE THIS,AY F IY L L AY K DH IH S,AY F IY L L AY K DH IH G,AY F AA L L AY K DH IH S,AY F T L L AY AO DH IH S,AY F IY L L AY K DH S,AY IY L L AY K DH IH S,AY F IY L L AY DH S,AY F IY L L AY K DH IH G S,AY F IY D L L AY K DH IH S,OY AY F IY L L AY K D DH IH S
YOU JUST HAVE TO GRAB AN OPPORTUNITY WHEN IT PRESENTS ITSELF,Y UW JH AH S T HH AE V T UW G R AE B AE N AA P ER T UW N AH T IY W EH N IH T P R EH Z AH N T S IH T S EH L F,Y UW JH AH S T HH AE V T UW G R AE B AE N AA P ER T UW N AH T IY W EH N IH T P R EH Z AH N AE AW IH T S EH L F,Y UW AO AH S T HH AE V T UW G R AE B SH N AA P ER T UW N AH T IY W EH N IH OY P R EH Z AH N T S Y T S EH L F,Y UW JH AH S G HH AE V T UW G R AE B AE TH AA P ER P V N AH AW AO W EH N IH T P R EH F AH N T S AE T S EH IY F,Y UW JH AH S T HH AE V T UW R AE B AE N AA P ER T UW N AH T IY W EH N IH T P EH Z AH N T S IH T S EH L F,Y UW JH S T AE V T UW G R AE B AE N AA P ER T UW N AH T IY W EH IH T P R EH Z N T S IH T S EH L F,UW JH AH S T HH AE V T UW G R B AE N AA UW N AH T IY W N T P R EH Z AH N IH T S EH L F,Y UW JH AH S T HH AE V T UW G R AE B AE N AA P ER T UW N AH T IY W EH N IH T P R EH Z AH N ZH T AE S IH T S EH L F,Y OY UW S JH AH S T HH AE V T UW G R AE B AO AE N AA P ER T UW N AH T IY W EH N IH ZH T P R EH Z AH N T S IH T S EH L F,Y UW JH AH G S AO T HH AE V ZH T UW G R AE B AE AE N AA P ER T UW UW N AH T T IY W EH N IH K T P R EH Z AH N T S NG IH T UW S EH L F
AS SHE LAY DYING,AE Z SH IY L EY D AY IH NG,AE Z SH IY L EY Z AY IH NG,AE Z SH OW L EY D AY IH NG,AE R SH IY L EY D AY IH DH,AE SH IY L EY D AY IH NG,AE Z SH IY L EY D AY NG,AE Z SH IY L EY D IH,AE OY Z SH IY L EY D AY IH NG,AE Z SH IY L EY D AY IH ER NG,AE Z SH P IY AW L EY D AY IH NG
VERY HIGH LEVEL,V EH R IY HH AY L EH V AH L,V EH R IY HH AY L EH V UW L,V EH R IY HH AY L OY V AH L,K EH R IY AE AY L EH V AH L,V EH R IY HH AY L EH V AH,EH R IY HH AY L EH V AH L,V EH R HH AY L EH V AH,V EH R IY HH AY L EH V AH Y L,V EH R IY HH AY T L EH V AH L,V DH EH R IY HH AY L EH V AH R L
DEMONSTRATES THE VALUE OF GREEN SPACE,D EH M AH N S T R EY T S DH AH V AE L Y UW AH V G R IY N S P EY S,D EH M AH N S T R EY T HH DH AH V AE L Y UW AH V G R IY N S P EY S,D EH M AH AY S T ' EY T S DH AH V AE L Y UW AH V R R IY N S P EY S,D HH M AH N S T R EY UW S P AH EH AE L Y UW AH V G R IY N Y D EY S,D EH M AH N S T R EY S DH AH V AE L Y UW AH V G R IY N S P EY S,D EH AH N S T R EY T S DH AH V AE L Y UW AH V G R IY N P EY,D EH M AH N T R EY T S DH AH V AE UW AH V G IY S EY S,D EH M AH N S T R EY T S DH AH V AE L Y UW UH AH V G R IY N S P EY S,D EH M AH P N S T AY R EY T S DH ' AH V AE L Y UW AH V G R IY N S P EY S,G D D EH M AH N S T R EY P T N S DH AH V AE L Y UW AH V G R M IY N IY S P EY S
ITS DESIGN VALUES,IH T S D IH Z AY N V AE L Y UW Z,IH T S L IH Z AY N V AE L Y UW Z,IH T S ER IH Z AY N V AE L Y UW Z,IH TH NG D IH Z AY N V AE L Y UW G,IH T S D IH Z AY N V AE L Y UW,IH T S IH Z AY N V AE L Y UW Z,IH S D Z AY N AE L Y UW Z,IH T S D IH HH Z AY N V AE L Y UW Z,IH T S EH D IH Z AY N V AE L Y UW Z,IH T S D IH Z EH AY N DH V EH AE L Y UW Z
THE SIX HIGHEST SCORING RUNNERS UP WILL QUALIFY,DH AH S IH K S HH AY AH S T S K AO R IH NG R AH N ER Z AH P W IH L K W AA L AH F AY,DH AH S IH K S HH AY AH S T S K AO R OY CH R AH N ER Z AH P W IH L K W AA L AH F AY,DH AH S B K S HH AY AH S T S K AO R IH NG R AH N ER Z AH P W IH L K W HH L AH F W,DH AH S IH K S HH AY EH ' T S K AO SH IH NG R AH N V Z AH P W IH L K W JH L S AO AY,DH AH S IH K S HH AY AH S T S AO R IH NG R AH N ER Z AH P W IH L K W AA L AH AY,DH AH S IH K S HH AY AH S S K AO R IH NG R AH N ER Z AH P W IH K W AA L F AY,DH AH S IH K HH AH T S K AO R NG R AH N ER AH P W L K W AA L AH F,DH AH S IH K S HH AY AH S T S K HH AO R IH NG R AH N G ER Z AH P W IH L K W AA L AH F AY,DH AH S B IH K S HH AY AH S T S K AO R IH NG R AH N ER Z AH P W IH L K W G AA L AH F V AY,DH AH S IH S K ' S HH AY AH S T S K AO R HH IH NG R S AH N ER Z AH P HH W IH L K W S AA L F AH F AY
CHRISTMAS PUDDING THAT NOBODY REALLY LIKES,K R IH S M AH S P UH D IH NG DH AE T N OW B AA D IY R IH L IY L AY K S,K R IH S M AH S P UH D IH NG DH AE T N OW B AA D IY JH IH L IY L AY K S,K R IH S UW AH S P UH D IH NG DH AE S N OW B AA D IY R IH L IY W AY K S,K R IH S M AH S P UH K IH HH DH OW T N OW B SH D ER R T L IY L AY K S,K R IH S AH S P UH D IH NG DH AE T N OW B AA D IY R IH L IY L AY K S,K R IH S M AH P UH D IH NG DH AE T OW B AA D IY R IH L IY L AY S,IH S AH UH D IH NG DH AE T OW B AA D IY R IH L IY L AY K S,K R IH S M AH S P UH D IH NG CH DH AE T N OW B AA D IY R IH L IY L AY K S,K R IH S V M AH S P UH D IH NG DH AE UH T N OW B AA D IY R IH L IY S L AY K S,K R HH IH S M P AH S P UH JH D IH NG DH AE T N OW Y B AA D IY M R IH L IY L AY K R S
AND IN THE MORNING,AH N D IH N DH AH M AO R N IH NG,AH N D IH N DH AH K AO R N IH NG,AH N D IH N DH AH M AO K N IH NG,AH Y D N N DH Y M AO R N IH NG,AH N D IH N AH M AO R N IH NG,AH N D IH N DH M AO R N IH NG,AH D IH N DH AH AO N IH NG,AH N D IH N DH AH M AO R JH N IH NG,AH N D IH N DH AH M AO K R N IH NG,AH N D AY IH SH N DH AH NG M AO R N IH NG
BUT NOW THERE'S MORE PROTECTION,B AH T N AW DH EH R EH S M AO R P R AH T EH K SH AH N,B AH ' N AW DH EH R EH S M AO R P R AH T EH K SH AH N,B AH T N AW DH EH R EH S M AO R P UH AH T EH K P AH N,' AH T N AW DH EH R EH IH M AO AH P R AH T EH K SH AH Y,B AH T N AW EH R EH S M AO R P R AH T EH K SH AH N,B T N AW EH R EH S M AO R P R AH T EH K SH AH N,B AH T N AW DH R EH S M AO R R AH T EH SH N,B AH T N AW DH EH R EH S M AO R P K R AH T EH K SH AH N,B AH T N AW DH EH R EH S M AO R P P R AH T EH K TH SH AH N,B AH T N AW DH EH AA R EH S M IY AO IY R P R AH T EH W K SH AH N
ASKING FOR PERMISSION,AE S K IH NG F AO R P ER M IH SH AH N,AE S K IH NG F AO Y P ER M IH SH AH N,AE S K IH NG F AO R DH ER M IH SH S N,AE S K IH NG F AO R P JH M F SH AH TH,AE S K IH NG F AO R ER M IH SH AH N,S K IH NG F R P ER M IH SH AH N,AE S K IH NG F R P ER M SH AH,AE S K IH NG F AO R P ER M IH SH AH AO N,AE S K IH NG F AO R DH P ER M IH SH R AH N,AE S K IH NG F W AO R P ER ' M IH SH IH AH N
IT WAS ACTUALLY EXTREMELY WELL PLACED,IH T W AA Z AE K CH AH W AH L IY IH K S T R IY M L IY W EH L P L EY S T,IH T EY V Z AE K CH AH W AH L IY IH K S T R IY M L IY W EH L P L EY S T,IH T W AA Z AE K CH AH W AH L IY IH K G T R IY M L IY W S L P L IH S T,IH T W AA Z AE S AE AH W AH AY IY IH K S T R IY HH JH IY W EH L CH L EY S T,IH T W AA Z AE K CH AH W AH L IY IH K S T R IY M L IY W EH P L EY S,IH T W AA Z AE K CH W AH L IH K S T R IY M L IY W EH L P L EY S,IH T W AA AE K AH W AH L IH K T R IY M IY EH L P L EY S T,W IH T W AA Z AE K CH AH W AH L IY IH ZH K S T R IY M L IY W EH L P L EY S T,IH T W AA Z AE K CH AH W AH L IY IH K G S T R IY M L IY W HH EH L P L R EY S T,IH F T W AA Z AE K CH AH W AH L IY IH K S T R IY M M L Z IY W F EH IY L P L T EY S T
ONE WAS A PILOT,W AH N W AA Z AH P AY L AH T,W AH N W AA Z AH P IH L AH T,W AH N W AA Z AH P AY L IY T,N AH N W AA Z AH P AY CH AH T,W AH N W AA Z AH P L AH T,W AH N W AA Z AH AY L AH T,N W AA Z AH P AY L AH T,W AO AH N W AA Z AH P AY L AH T,W AH N W AA Z AH P AY L IH AH T,W AH N HH W AA Z AH P AY L ZH AH T
I'M SURE YOU CAN IMAGINE,AY AH M SH UH R Y UW K AE N IH M AE JH AH N,AY AH M SH M R Y UW K AE N IH M AE JH AH N,AY AH M SH UH R Y UW K AE N IH M AE JH IY G,AY AH P SH UH ER Y UW K ER N IH M AE JH AH N,AH M SH UH R Y UW K AE N IH M AE JH AH N,AY AH M SH UH R Y UW K N IH M JH AH N,AY AH SH UH R Y K AE N IH M JH AH N,AY AH M SH UH R TH Y UW K AE N IH M AE JH AH N,AY AH M SH UH R Y UW K AE N IH M AE JH IH AH G N,AY AH M R SH JH UH R Y UW K AE N IH M AE AE JH AH N
I TEND TO USE NATURAL BRITISH STONE,AY T EH N D T UW Y UW S N AE CH ER AH L B R IH T IH SH S T OW N,AY T HH N D T UW Y UW S N AE CH ER AH L B R IH T IH SH S T OW N,AY T HH N D T UW Y UW S N AE CH ER JH L B R IH T IH SH IH T OW N,AY T EH N UH T UW Y UW S N IH CH ER AH L T DH IH T IH SH S T OW IH,AY T EH N D T UW Y UW S N AE CH ER AH L B R IH IH SH S T OW N,AY T EH N D T UW Y UW S N AE CH ER AH L B R IH T IH SH OW,AY EH N D T UW Y UW S N AE CH ER L R IH T IH SH T OW,AY T EH N D T UW Y CH UW S N AE CH ER AH L B R IH T IH SH S T OW N,AY T IH EH N D T UW Y UW S N AE CH ER G AH L B R IH T IH SH IY S T OW N,AY EH T EH N OY D T UW Y UW S N K AE CH ER AH L B R IY IH T IH SH S AW T OW N
BUT I FELT HE WAS EXPOSED,B AH T AY F EH L T HH IY W AA Z IH K S P OW Z D,B AH T AY F EH L T HH IY W JH Z IH K S P OW Z D,B AH T AY F EH L T HH IY UW AA Z IH K S P OW Z AW,B AH T G F EH L T HH AO D AA Z IH OY S P OW Z D,B AH T AY F EH L T HH IY AA Z IH K S P OW Z D,B AH T AY F EH L T HH IY W AA Z IH K P Z D,B AH T F EH L HH IY W AA Z IH S P Z D,B AH T AY F EH L T HH IY W AO AA Z IH K S P OW Z D,B AH T AY F EH L T HH IY AW W AA Z IH K S P OW Z UW D,B AH T AY DH F EH IH L T HH IY W TH AA Z IH K S P UH OW Z D
WE HAVE TO PAY FOR THAT,W IY HH AE V T UW P EY F AO R DH AE T,W IY S AE V T UW P EY F AO R DH AE T,W IY F AE V T UW P EY F AO R DH AE NG,W IY HH AE V T UW P OY F AO R AW NG T,W IY HH AE V T UW EY F AO R DH AE T,W IY V T UW P EY F AO R DH AE T,W IY AE V T UW EY F AO R AE T,W IY HH AE V T UW P EY F AO R DH AE G T,W IY NG HH AE V T UW P EY F AO R DH AE F T,W IY HH AE B V T UW L P EY F AO R DH IY AE T
HE ABSOLUTELY INSISTED ON WRITING HIS OWN INTRO,HH IY AE B S AH L UW T L IY IH N S IH S T AH D AA N R AY T IH NG HH IH Z OW N IH N T R OW,HH IY AE B S AH L UW T L IY IH N S IH S T AH D ' N R AY T IH NG HH IH Z OW N IH N T UW OW,HH IY AE B V AH L UW T P IY IH N L IH S T AH D AA N R AY T IH NG SH IH Z OW N IH N T R OW,IH IY AE B S AH L NG T L IY IH N S IH S Z AH D AA N F AY AY IH NG HH IH Z N N T N T R OW,HH AE B S AH L T L IY IH N S IH S T AH D AA N R AY T IH NG HH IH Z OW N IH N T R OW,HH IY AE S AH L UW T L IY IH N IH S T AH AA N R AY T IH NG HH IH Z OW N IH N T OW,HH IY AE B S AH L UW T L IY IH N S IH S T AH D AA R AY T IH NG N IH R OW,HH IY AE B S AH L UW T L IY IH N S IH S T AH R D AA N R AY DH T IH NG HH IH Z OW N IH N T R OW,HH IY AE B S S AH L UW T UW L IY IH N L S IH S T AH D AA N R AY T IH NG OY HH IH Z OW N IH N T R OW,HH IY AE B UW S AH L UW T HH L IY IH N S ' IH S T AH D AA N R AY T IH OW NG HH AW IH Z N OW V N IH N T R OW
LET'S SAY FOR EXAMPLE,L EH T EH S S EY F AO R IH G Z AE M P AH L,L EH T EH S S EY F AO R IH G Z AE M P AH JH,L P T EH S S EY F AO R IH G Z F M P AH L,AO EH T EH S S EY K AO R SH G Z AE M P P L,L EH T EH S S EY F AO R IH Z AE M P AH L,L T EH S S EY F AO R G Z AE M P AH L,L EH T EH S EY F AO R IH Z AE P AH,L EH T EH S S EY F AO R IH G Z AE M P AH JH L,L OY EH T EH S S EY F AO R IH G Z EY AE M P AH L,L EH T N EH S S EY F AO R NG IH Y G Z AE HH M P AH L
HERSELF CURRENTLY LEARNING TO SIGN,HH ER S EH L F K ER AH N T L IY L ER N IH NG T UW S AY N,HH ER S EH L F K ER AH N T L IY L ER N IH NG T UW S B N,HH ER S EH L F K ER AH N T L AA L ER N IH NG Y UW S AY N,HH HH S B AY F K ER AH V T L IY L ER CH IH NG T UW S AY N,HH ER S EH L F K ER AH T L IY L ER N IH NG T UW S AY N,HH S EH L F K ER AH N T L IY L ER N IH NG UW S AY N,HH ER S EH L F K N T L IY L IH NG T UW AY N,HH ER S EH L F K ER AH N T L IY L ER N IH NG T UH UW S AY N,HH ER S EH L F K ER AH N T L W IY L ER N IH NG AA T UW S AY N,F HH ER S ZH EH L F K K ER AH N T L IY L ER V N IH NG T UW S ZH AY N
I THINK IT LOOKS GREAT,AY TH IH NG K IH T L UH K S G R EY T,AY TH IH NG K IH T L UH K S G R EY CH,AY TH IH NG K IH ' N UH K S G R EY T,AY TH IH NG K Z V P UH K S G R EY T,AY TH IH K IH T L UH K S G R EY T,AY TH IH NG K IH T K S G R EY T,AY TH IH NG IH T L UH K S G T,V AY TH IH NG K IH T L UH K S G R EY T,AY TH IH NG K IH M T ' L UH K S G R EY T,AY OY TH IH NG K IH T L UH K JH S G R EY S T
WHILE I'M SURROUNDED BY WATER RIGHT NOW,W AY L AY AH M S ER AW N D AH D B AY W AO T ER R AY T N AW,W AY L AY AH M S ER CH N D AH D B AY W AO T ER R AY T N AW,W AY L AY AH M S ER AW P D AH V B AY W AO T ER R AY T N AW,W AY L NG P M S ER AW N D AH D IY AY W AO T ER R AE T N TH,W L AY AH M S ER AW N D AH D B AY W AO T ER R AY T N AW,W AY L AY AH S ER AW N D AH D B AY W T ER R AY T N AW,W AY L AY AH M S N D AH D B AY T ER R T N AW,W AY L AY AH M S ER AW AY N D AH D B AY W AO T ER R AY T N AW,W AY L AY AH M S ER AW UW N D AH OY D B AY W AO T ER R AY T N AW,W CH AY L UW AY G AH M S ER AW AY N D AH D B AY B W AO T ER R AY T N AW
HAVE YOU GOT IT,HH AE V Y UW G AA T IH T,HH W V Y UW G AA T IH T,HH AE V Y UW G AA T ZH T,HH AE V R UW G AA G IH T,HH AE V UW G AA T IH T,AE V Y UW G AA T IH T,HH V Y UW G AA IH T,HH AE HH V Y UW G AA T IH T,HH AE V Y UW G AA T Z IH T,HH AE V Y UW G UW AA N T IH T
NOT FOR SUBJECT MATTER,N AA T F AO R S AH B JH EH K T M AE T ER,N AA T F IY R S AH B JH EH K T M AE T ER,N AA T F AO R S G B JH EH K T M AE IH ER,N AA T V AO R S AH B JH N NG T M AE T ER,N AA F AO R S AH B JH EH K T M AE T ER,N AA F AO R S AH B JH EH K T M AE T,N AA T F R S B EH K T M AE T ER,N AA T AY F AO R S AH B JH EH K T M AE T ER,N AA T F AO R S IH AH B JH EH K T M AE F T ER,N AA T F T AO R S AH B JH EH K T AY M OY AE T ER
FOR SOMETHING COMPLETELY DIFFERENT,F AO R S AH M TH IH NG K AH M P L IY T L IY D IH F ER AH N T,F AO R S AH M TH IH NG ZH AH M P L IY T L IY D IH F ER AH N T,F AO R S AH M TH IH NG K AH M P AA IY NG L IY D IH F ER AH N T,F SH R AA AH M ZH IH EY K AH M AW L IY T L IY D IH F ER AH N T,F AO S AH M TH IH NG K AH M P L IY T L IY D IH F ER AH N T,F AO S AH TH IH NG K AH M P L IY T L IY D IH F ER AH N T,F AO S M TH NG K M P L IY T L D IH F ER AH N T,F AO R S AH M TH IH NG K AH M P L IY T L IY D IH F ER AH V N T,F AO R S AH M TH IH NG K AH M P NG L IY AA T L IY D IH F ER AH N T,F G AO R S AH M TH IH R NG K AH M P R L IY T L IY D EY IH F ER N AH N T
A RATHER SPECIAL,AH R AE DH ER S P EH SH AH L,AH R AE M ER S P EH SH AH L,AH R AE DH ER OW P EH SH AH L,HH R AE DH ER CH P EH SH AH L,AH R AE DH ER S P SH AH L,AH R AE DH ER S P EH SH L,AH R DH ER S EH SH AH L,AH R IH AE DH ER S P EH SH AH L,AH R AE DH ER OW S P EH SH AH L,AH UW R AE DH ER N S P EH SH AH L
SO TO DO BALLROOM,S OW T UW D UW B AO L R UW M,S OW T HH D UW B AO L R UW M,S OW T UW D UW B AO L R UW DH,S OW T W D UW B AO L AO UW M,S T UW D UW B AO L R UW M,S T UW D UW B AO L R UW M,S OW T D UW B AO L R UW,S OW T UW Z D UW B AO L R UW M,S OW T UW D UW B AO L R UW DH M,S OW T UW D OW UW B AO L R AH UW M
LEARN AS MUCH AS POSSIBLE,L ER N AE Z M AH CH AE Z P AA S AH B AH L,L ER N AE Z M AH CH AE Z P AA S AH B AH TH,L ER N AE AA M AH CH AE Z P AA S AH V AH L,L ER N AE Z M G CH AE Z P AA S DH B AH M,L ER N AE M AH CH AE Z P AA S AH B AH L,L ER N AE Z M AH AE Z P AA AH B AH L,L ER AE Z M CH AE Z P AA S B AH L,L ER N AE Z M L AH CH AE Z P AA S AH B AH L,L ER N AE UW Z M AH CH AE Z P AA S AH ZH B AH L,L EY ER N AE Z M AW AH CH S AE Z P AA S AH B AH L
NOT QUITE AS HIGH,N AA T K W AY T AE Z HH AY,N AA T K AH AY T AE Z HH AY,N AA T K W AY Z AE Z HH AY,D AA T K W AY T AE Z IY AY,N AA K W AY T AE Z HH AY,N T K W AY T AE Z HH AY,N AA T K W T AE HH AY,N AA T HH K W AY T AE Z HH AY,OW N AA T K W AY T AE Z HH AY,N AA T K W AY T AE Z AH HH AA AY
NOT JUST A HOTEL,N AA T JH AH S T AH HH OW T EH L,N R T JH AH S T AH HH OW T EH L,N AA T JH AH S T AH HH AA T EH L,N AA EH JH AA S T AH B OW T EH L,N AA T JH AH S T AH HH OW EH L,N AA T JH AH S T AH HH T EH L,AA T JH AH S HH OW T EH L,N AA T JH AH S T AH T HH OW T EH L,N AA T JH AH S T AH HH W OW T EH L,N AA T EY JH AH W S T AH HH OW T EH CH L
BUT EVERYONE GOING INTO THE DEN GETS A FRESH CHANCE TO TURN THINGS ROUND,B AH T EH V R IY W AH N G OW IH NG IH N T UW DH AH D EH N G EH T S AH F R EH SH CH AE N S T UW T ER N TH IH NG Z R AW N D,B AH L EH V R IY W AH N G OW IH NG IH N T ' DH AH D EH N G EH T S AH F R EH SH CH AE N S T UW T ER N TH IH NG Z R AW N D,B AH T EH V EH IY W OW N G OW IH NG IH N T UW DH AH D EH N G EH T S IH F K EH SH CH AE N S T UW T ER N AH IH NG Z R AW N D,P S T Z V R IY W D N G N IH NG IH B UH UW DH AH T EH UW G EH T S AH F R EH SH CH AE N S T AO T ER N TH IH NG Z R AW N D,B AH T EH V R IY W AH N G OW IH NG IH N T UW DH AH D EH N G EH T S AH F R SH CH AE N T UW T ER N TH IH NG Z R AW N D,B AH EH V R IY W AH N G OW IH NG IH T UW DH AH D EH N G EH T S AH F R EH SH CH AE N S T N TH IH NG Z R AW N D,T EH V R IY W AH N G OW IH IH N T UW DH AH D EH N G T AH F R SH CH AE N S T ER N TH IH NG R N D,B AH T P EH V R IY W AH N G OW IH NG IH N AW T UW DH AH D EH N G EH T S AH F R EH SH CH AE N S T UW T ER N TH IH NG Z R AW N D,B HH AH T EH V AH R IY W AH N G OW IH NG IH N T UW DH AH D EH N G EH T S EH AH F R EH SH CH AE N S T UW T ER N S TH CH IH NG Z R AW N D,' B AH T EH CH V R IY W AH AA N G OW IH B NG EH IH N T UW DH AH D HH EH N G EH T S AH F R EH SH CH AE N UW S T CH UW D T ER N TH IH NG Z R IH AW N D
MR TRUMP TAKES OFFICE IN JANUARY,M IH S T ER T R AH M P T EY K S AO F AH S IH N JH AE N Y UW EH R IY,M IH S T ER T R AH M P T EY K S AO F AH S IH N JH AE N Y CH EH R IY,M IH S T ER T L AH M P IH EY K S OW F AH S IH N JH AE N Y UW EH R IY,M T S UW ER T R AA M P T EY K S K F SH S IH AH JH AE N Y UW EH R IY,M IH S T ER R AH M P T EY K S AO F AH S IH N JH AE N Y UW EH R IY,M IH T ER T R AH M P T EY K AO F AH S IH N JH N Y UW EH R IY,M IH S T ER T R AH M T AO F AH IH N JH AE N Y EH R IY,M IH S T ER T R AH M P T EY K S AO F AH S IH N JH AE N Y UW EH IH R IY,M IH S T ER T L R AH M P K T EY S K S AO F AH S IH N JH AE N Y UW EH R IY,M IH S T ER T R OY AH M P CH T AH EY K S AO F AH S HH IH N JH AE N Y UW EH EH AA R IY
SO WHEN THE FARMERS COME,S OW W EH N DH AH F AA R M ER Z K AH M,S OW W EH N DH AH F EH R M ER Z K AH M,S OW W EH T DH AH F AA R M ER Z AW AH M,S OW W EH N DH TH F AA R S ER AY K AH M,S OW W EH N DH AH F R M ER Z K AH M,S OW W EH N DH AH F AA R ER Z K M,S OW W N DH AH AA R M ER Z K AH,S ' OW W EH N DH AH F AA R M ER Z K AH M,S OW W EH HH N DH AH F AA R M ER OY Z K AH M,S N OW W R EH N DH AH F AA R M SH ER Z K AH M
YOU UNFOLD THE BOARD,Y UW AH N F OW L D DH AH B AO R D,Y UW AH N F OW L D DH AH B S R D,UW UW AH N F OW L D DH AH B AO R D,Y ZH AH N F AO L D DH AH B AO R DH,Y UW AH N F OW L D AH B AO R D,Y UW AH N OW L D DH AH B AO R D,Y UW AH N OW DH AH B AO R D,Y UW AH N F CH OW L D DH AH B AO R D,Y UW AH N F OW L D DH AH B AO R AW D,Y F UW AH N F OW L D TH DH R AH B AO R D
TRYING TO BRING THEM DOWN OVER THE CENTURIES,T R AY IH NG T UW B R IH NG DH EH M D AW N OW V ER DH AH S EH N CH ER IY Z,T R AY IH NG T UW B R IH NG DH EH M D AW N R V ER DH AH S EH N CH ER IY Z,T AO AY IH NG T UW AA R IH NG AE EH M D AW N OW V ER DH AH S EH N CH ER IY Z,T R AY IH K T UW B NG IH NG DH EH M D AW N SH IY ZH UW AH S EH N CH ER IY Z,T R AY IH NG T UW B R IH NG DH EH M D AW N OW V ER DH AH S EH N CH ER Z,T R AY IH NG T B R IH NG DH EH M D AW N OW V ER DH EH N CH ER IY Z,R AY IH NG T UW B R IH DH M D AW N OW V ER DH S EH N ER Z,T R AY IH NG T UW B R IH NG DH EH M D AW N OW V ER HH DH AH S EH N CH ER IY Z,M T R AY IH NG T UW B R IH NG DH EH M D AH AW N OW V ER DH AH S UW EH N CH ER IY Z,T OW R AY IH NG T UW B R IH NG DH EH M D AW SH N OW V AH ER DH AA AH S S EH N JH CH ER IY Z
TEN DAYS BEFOREHAND,T EH N D EY Z B IH F AO R HH AE N D,T EH N D EY Z B IH ' AO R HH AE N D,T EH N AA EY Z B IH F AO R HH AE N DH,T EH N D EY Z W IH AY CH R HH AE N D,T EH N D EY Z B IH F R HH AE N D,T EH N EY B IH F AO R HH AE N D,T EH D EY Z B F AO R AE N D,T EH R N D EY Z B IH F AO R HH AE N D,T EH N AE D EY Z B IH F AO AO R HH AE N D,T AO EH N D EY Z R B IH F AO T R HH AE N D
BECAUSE THERE WAS NO ROLE MODEL,B IH K AO Z DH EH R W AA Z N OW R OW L M AA D AH L,B IH K AW Z DH EH R W AA Z N OW R OW L M AA D AH L,B IH K AO B DH EH T W AA Z N OW R OW L M AA D AH L,B IH K AO Z DH P OW W AA Z N OW L SH L M AA D AH L,B IH K AO Z DH EH R W AA Z N OW OW L M AA D AH L,B IH K AO Z DH EH R AA Z N R OW L M AA D AH L,IH K AO DH EH R W AA Z N OW R OW L M D L,B IH K AO Z DH EH R W AA Z N OW R OW L M P AA D AH L,AA B IH K AO Z DH EH ER R W AA Z N OW R OW L M AA D AH L,B IH Y K AO ZH Z DH EH R W AA IH Z N OW R OW L M AA D AH CH L
IF YOU'RE WATCHING,IH F Y UW ' R EY W AA CH IH NG,IH F Y UW ' R EY W AA CH IH D,IH F Y UW ' R EY W AA F IH NG,IH R Y UW ' R L W AA CH IH NG,IH F Y ' R EY W AA CH IH NG,IH F UW ' R EY W AA CH IH NG,IH F Y UW ' R W AA IH NG,IH F Y UW ' R EY W ' AA CH IH NG,IH F Y UW ' R EY W AA D CH IH NG,IH F Y UW ' Z R EY W NG AA CH IH NG
WE LIKE TO REMINISCE,W IY L AY K T UW R EH M AH N IH S,W IY L AY K T UW R AE M AH N IH S,W IY L AY K T UW HH EH M AH N IH S,W IY L AY T N UW R EH M DH N IH S,W IY L AY K T UW R M AH N IH S,W IY L AY K T UW R EH M N IH S,IY L AY K T UW R EH N IH S,W AO IY L AY K T UW R EH M AH N IH S,W IY L CH AY K T UW R EH M AH N IH S,W IY L AY P K T UW Z R TH EH M AH N IH S
WHERE IS THE GAS,W EH R IH Z DH AH G AE S,W EH R IH Z Z AH G AE S,W EH R IH Z EH AH G AE S,W AW R IH Z DH AH G AE AW,W EH R Z DH AH G AE S,W EH R IH DH AH G AE S,W R IH Z DH G AE S,W EH UW R IH Z DH AH G AE S,W EH R IH Z DH AH B G AE S,W EY EH R IH Z DH AH G AE V S
IT DIDN'T SURVIVE,IH T D IH D EH N T AY S ER V AY V,IH T D IH D EH N T DH S ER V AY V,IH T D IH D EH N T AY ZH ER V AY V,IH CH D IH D EH NG T AY S ER W AY V,IH T D IH D EH N T AY S ER AY V,IH T D IH D EH N AY S ER V AY V,IH T IH D EH N AY S ER V AY,N IH T D IH D EH N T AY S ER V AY V,IH T D IH D EH N T AY EY S ER V AY V,IH T D S IH D EH L N OY T AY S ER V AY V
SOME DECENT SCORES,S AH M D IY S AH N T S K AO R Z,S AH M D IY S D N T S K AO R Z,S AH M D IY S AH N T S K CH R Z,W AH M D IY S AH N B L K AO R Z,S AH M D S AH N T S K AO R Z,S AH M D IY AH N T S K AO R Z,AH M D S N T S K AO R Z,S AH M D IY S AH N T V S K AO R Z,S AH M D IY S AH HH N T S K AO R Z,S AH M D IY S P AH N T S K K AO R AY Z
BY SOME MIRACLE,B AY S AH M M IH R AH K AH L,K AY S AH M M IH R AH K AH L,B AY JH AH M M IH R AH K AH L,B AY S AH M AH R R AH K AH L,B AY S AH M M R AH K AH L,B S AH M M IH R AH K AH L,B AY S M IH R AH K AH L,B AY P S AH M M IH R AH K AH L,B AY S AH M DH M IH R AH K AH L,B AY S AH M N M IH R AH K HH AH L
AS YOU MAY KNOW,AE Z Y UW M EY N OW,AE Z Y UW M AE N OW,AE Y Y UW M EY N OW,AE Z Y UW JH EY N M,AE Z Y UW M N OW,Z Y UW M EY N OW,AE Z UW M EY N,AE Z AE Y UW M EY N OW,AE DH Z Y UW M EY N OW,AE Z AO Y UW M SH EY N OW
BUT WHAT EXACTLY IS IT,B AH T W AH T IH G Z AE K T L IY IH Z IH T,B AH T W AH T IH G Z AE K EY L IY IH Z IH T,Y AH T W AH T IH G Z OW K T L IY IH Z IH T,B AH M SH AH T AY G Z AE K T L IY IH Z F T,B AH T W AH T IH G Z AE K T L IY Z IH T,B AH T AH T IH G Z AE K T L IY Z IH T,B AH T W AH T IH G AE T IY IH Z T,B AH T W AH T IH G Z N AE K T L IY IH Z IH T,B AH T AA W AH T IH G Z Y AE K T L IY IH Z IH T,B AH V T W AH T CH IH G Z AE K T L IY IH Z N IH AY T
WHICH THE NORWEGIAN GOVERNMENT WAS SUPPORTING,W IH CH DH AH N AO R W IY JH AH N G AH V ER M AH N T W AA Z S AH P AO R T IH NG,W IH CH DH AH N W R W IY JH AH N G AH M ER M AH N T W AA Z S AH P AO R T IH NG,W IH CH DH B N AO R W IY JH AH G G AH V ER M AH N T W AA Z S Z P AO R T IH NG,W IH CH W AH N AO IH AA IY JH AH N G AH V ER M ZH N T W AA P W AH P AO R T IH NG,W IH CH DH AH N AO W IY JH AH N G AH V ER M AH N T W AA Z S AH P AO T IH NG,W IH CH DH N AO R W IY JH AH N AH V M AH N T W AA Z S AH P AO R T IH NG,IH DH AH N AO R IY JH AH N G AH ER M AH N T W AA Z S AH AO R T IH,W IH G CH DH AH N AO R W IY JH AH N G AH V ER M AH N T W EY AA Z S AH P AO R T IH NG,W IH CH DH AH N AO R W IY JH AH N G AH V ER M AH Y N T W AA Z AO S ER AH P AO R T IH NG,W IH CH IY DH AH N AO R W IY AH JH AH N G AH V ER P M M AH N T OY W AA Z S AH P AO R B T IH NG
MORE OPEN MINDED PERHAPS,M AO R OW P AH N M AY N D AH D P ER HH AE P S,M AO R OW P AH N M AY N D AH D D ER HH AE P S,M AO R AE P AH N M AY Y D AH D P ER HH AE P S,L AO R OW P N N M ' EH D AH D P ER HH AE P S,M AO R OW P AH N AY N D AH D P ER HH AE P S,M AO R OW AH N M AY N D D P ER HH AE P S,M R OW P AH N AY N D D P ER HH AE S,M AO R M OW P AH N M AY N D AH D P ER HH AE P S,M AO R Z OW P AH N JH M AY N D AH D P ER HH AE P S,M AO R AY OW P AH F N M AY SH N D D AH D P ER HH AE P S
PLAYED BY JIM BROADBENT,P L EY D B AY JH IH M B R AO D B EH N T,P L EY D B AY JH DH M B R AO D B EH N T,P L EY D B AY JH IH M B R NG D AO EH N T,P AW EY D DH AY JH IH M B R AO AA B EH N T,P L EY D B AY JH M B R AO D B EH N T,P L D B AY JH M B R AO D B EH N T,P D B AY JH IH M B R AO B EH N T,P L EY D B AY JH IH M B R AO D ZH B EH N T,P UW L EY M D B AY JH IH M B R AO D B EH N T,P F L EY D B AY JH IH M B R W AO D B EH N IH T
IT'S ACTUALLY A SALSA,IH T EH S AE K CH AH W AH L IY AH S AO L S AH,IH T EH S AE P CH AH W AH L IY AH S AO L S AH,IH T EH S AE K CH AH W AH P IY AH S AO L ' AH,IH T EH S AE K M AH W AH L IY EH S AO L SH NG,IH T S AE K CH AH W AH L IY AH S AO L S AH,IH T EH S AE K CH AH W L AH S AO L S AH,T EH S AE K W AH L IY AH AO L S AH,IH T EH S G AE K CH AH W AH L IY AH S AO L S AH,IH T EH S AE K CH AH W AH L TH IY AH AO S AO L S AH,L IH T EH S AE K CH AH JH W AH L IY AH IH S AO L EH S AH
IT'S A VERY ATTRACTIVE GUIDE PRICE FOR A SUBSTANTIAL HOUSE SO WELL,IH T EH S AH V EH R IY AH T R AE K T IH V G AY D P R AY S F AO R AH S AH B S T AE N CH AH L HH AW S S OW W EH L,IH L EH S AH V EH R IY AH T OY AE K T IH V G AY D P R AY S F AO R AH S AH B S T AE N CH AH L HH AW S S OW W EH L,IH T EH S AH V D R IY AH T R AE K T IH V G AY D P R AY EH F AO R R S AH B SH T AE N CH AH L HH AW UW S OW W EH L,IH T EH ZH AH T EH R IY S OY R AE K T IH V G AY AW IH R AY S F AO R AH S AH B S T AE N CH S L R AW IH S OW W EH L,IH EH S AH V EH R IY AH T R AE K T IH V G AY D P AY S F AO R AH S AH B S T AE N CH AH L HH AW S S OW W EH L,IH T EH S AH V EH R IY AH R AE K T IH V G AY P R AY S F AO R AH AH B S T AE CH AH L HH AW S S OW W EH,IH EH S AH V EH T R AE T V G AY D P R AY S F AO R AH S AH S T AE N CH L HH S S OW W EH L,IH T EH S AH V EH R IY AH AA T OY R AE K T IH V G AY D P R AY S F AO R AH S AH B S T AE N CH AH L HH AW S S OW W EH L,D IH T EH S AH V EH R IY AH T R AE K T IH V G AY D P S R AY S F AO N R AH S AH B P S T AE N CH AH L HH AW S AY S OW W EH L,N IH DH T EH S L AH V EH R IY S AH T OY R AE K T IH V G AY D P R NG AY S F EY AO R AH S AH B S T AE N CH UH AH L HH AW S S AW OW W EH L
I'M NOT MASSIVELY HAPPY,AY AH M N AA T M AE S IH V L IY HH AE P IY,AY AH M N AA T M IY S IH V L IY HH AE P IY,AY AH M N AA T M AE SH IH V L IY HH AE R IY,AY AH M B AA IY R AE S IH V L IY HH AE P IY,AY AH M N AA T M S IH V L IY HH AE P IY,AH M N AA T M AE S IH V L IY HH AE P,AY AH M N AA T M AE IH V L HH P IY,AY AH M N AA L T M AE S IH V L IY HH AE P IY,AY AH M N AA IH T M AE S IH V L IY UH HH AE P IY,AY AH M N AA T M AE S AW IH Z V L W IY HH AE P IY
HOW DO I CHOOSE THIS,HH AW D UW AY CH UW Z DH IH S,HH AW AY UW AY CH UW Z DH IH S,HH AW D UW AY CH UW Z DH IY S,HH AW D UW AY CH UW Z DH UW TH,HH AW D UW AY CH UW Z DH S,HH AW D UW AY CH UW Z DH IH,HH AW UW AY UW Z DH IH S,HH AW D UW AY CH G UW Z DH IH S,HH AW D UW AY CH UW Z DH UW IH S,ZH HH AW DH D UW AY CH UW Z DH IH S
SO I THINK IT IS A PIECE OF VERY ONE DIMENSIONAL LEFT WING PROPAGANDA,S OW AY TH IH NG K IH T IH Z AH P IY S AH V V EH R IY W AH N D IH M EH N SH AH N AH L L EH F T W IH NG P R AA P AH G AE N D AH,S OW EY TH IH NG K IH T IH Z AH P IY S AH V V EH R IY W AH N G IH M EH N SH SH N AH L L EH F T W IH NG P R AA P AH G AE N D AH,S OW AY TH IH Y K IH T IH Z AH P IY S SH V NG EH R G W AH N D IH M EH L SH AH N AH L L EH F T W IH NG P R AA P AH G AE N D AH,TH OW IH ' IH NG K IH T IH Z AH P R IY AH V V EH CH IY W AH N D L M EH N SH AH N AH L L EH F T B IH NG P EY AA P AH G AE N ER AH,OW AY TH NG K IH T IH Z AH P IY AH V V EH R IY W AH N D IH M EH N SH AH N AH L L EH F T W IH NG P R AA P AH G AE N D AH,S OW AY TH IH NG IH IH Z AH P IY S AH V V EH IY W AH N D IH M EH N SH AH N AH L L F T W IH NG P AA P AH G AE N D AH,S AY TH IH NG T IH AH P IY S AH V V EH IY W AH N D IH M EH N SH AH N AH L L EH F IH NG P R AA P G N D,S OW AY TH IH NG K IH T IH AE Z AH P IY S AH V NG V EH R IY W AH N D IH M EH N SH AH N AH L L EH F T W IH NG P R AA P AH G AE N D AY AH,S OW AY TH IH NG K IH T IH Z AH P IY S AH V V EH R IY W AH N D IH M AW EH N G SH K AH N AH L L EH F T W IH NG P R AA P AH IH G AE N Y D AH,S OW AY Y TH IH IY NG K IH T IH Z AH P IY S AH V B V EH R IY W AH N D IH M P EH M N SH AH B N AH L L EH F T TH W IH NG P EY R IH AA P AH OY G AE N D AH
GOES OUT THE OTHER,G OW Z AW T DH AH AH DH ER,G OW Z AW T K AH AH DH ER,TH OW Z AW T DH AH AH DH ER,G OW UW AW T DH G AH DH ER,OW Z AW T DH AH AH DH ER,G OW Z AW DH AH AH DH ER,G OW Z AW DH AH DH ER,G OW Z AW T DH AH F AH DH ER,G OW Z AW R T DH AH AH DH ER,G OW Z AW T DH AH AE AH JH DH ER
IT MIGHT BE BONFIRE NIGHT,IH T M AY T B IY B AA N F AY ER N AY T,IH T M AY T B IY G AA N F AY ER N AY T,IH T EY AY T B IY B AA N TH AY ER N AY T,IH P M AY T B AA B AA N F AE ER N AY T,IH T M AY T B IY AA N F AY ER N AY T,IH T M T B IY B AA N F AY ER N T,IH T M T B IY B AA N F N AY T,IH T M AY T B S IY B AA N F AY ER N AY T,IH T M AY T B IY W B AA N F AY S ER N AY T,IH T M AY T B EY IY ' B AA AH N F AY ER N AY T
YOU WANT ME TO BE HAPPY,Y UW W AA N T M IY T UW B IY HH AE P IY,ER UW W AA N T M IY T UW B IY HH AE P IY,Y UW W AA N T M IY T UW B HH M AE P IY,Y P W AA N T M IY T UW B IY HH AE K Y,Y UW AA N T M IY T UW B IY HH AE P IY,Y UW W N T M IY T UW B HH AE P IY,Y UW AA N T M IY T B HH AE P IY,Y UW W AA N T M IY T UW B JH IY HH AE P IY,Y UW W AA N T T M IY T UW B IY AA HH AE P IY,Y UW W IY AA N T M IY T HH UW B IY CH HH AE P IY
THE ROMANS FELT THEIR PRESENCE WAS STRONG ENOUGH HERE,DH AH R OW M AH N Z F EH L T DH EH R P R EH Z AH N S W AA Z S T R AO NG IH N AH F HH IY R,DH AH R OW M AH N Z F EH L T DH EH R P R EH Z AH N AO W AA Z IH T R AO NG IH N AH F HH IY R,HH AH R OW M AH N Z F EH L T DH EH R P R EY Z AH N S W AA Z S T R AO NG IH N AH P HH AW R,AY AH R OW M AH N AW F EH L T DH EH R P R EH N AH N S W AA Z DH S R AO NG IH N AH F HH R K,DH AH OW M AH N Z F EH L T DH EH R P R EH Z AH N W AA Z S T R AO NG IH N AH F HH IY R,DH AH R OW M AH N Z F L T DH EH R P R AH N S W AA Z S T R AO NG IH N AH F HH R,DH AH OW M AH F EH L T DH EH R R Z N S AA Z S T R AO NG IH N AH F HH IY R,DH OW AH R OW M AH N Z F EH L T DH EH ER R P R EH Z AH N S W AA Z S T R AO NG IH N AH F HH IY R,DH AH R OW M AH N Z F EH L IH T DH L EH R P R EH Z AH HH N S W AA Z S T R AO NG IH M N AH F HH IY R,AO DH AH R OW M M AH N V Z F EH L TH T DH EH R P R EH Z AH F N S W AA Z S T UW R AO NG IH NG N AH F HH IY R
FROM SMALL SHIPS,F R AH M S M AO L SH IH P S,F R AH M M M AO L SH IH P S,F R AH M S M AO W SH IH P S,F R AH Z S M OY L SH IH P S,F AH M S M AO L SH IH P S,F R AH M S M AO L SH P S,F R AH M S M L SH IH S,F R AH M S IH M AO L SH IH P S,F R AH M S M AO L SH IH IH P S,AA F R AH M S M P AO L SH IH P S
SOMETIMES IT DOESN'T,S AH M T AY M Z IH T D AH Z EH N T AY,S AH M T AY M Z IH T D AH Z V N T AY,S AH M T AY M Z T T D AH T EH N T AY,S AH JH T AY M L IH T D AH Z EH F T AY,S AH M T AY M Z T D AH Z EH N T AY,S AH M T AY M IH T D AH EH N T AY,S M T AY M Z IH D AH EH N T AY,S AH IH M T AY M Z IH T D AH Z EH N T AY,AW S AH M T AY M Z IH ER T D AH Z EH N T AY,S P AH M T AY M Z IH T D AH Z EH N W T K AY
FOR GOOD REASONS AND BAD REASONS,F AO R G UH D R IY Z AH N Z AH N D B AE D R IY Z AH N Z,F AO R G UH D R IY Z AH AA Z AH N D B AE D R IY Z AH N Z,JH AO R G UH D R IY Z AH N Z AH N AW B AE D R IY Z AH N Z,F AO UH G UH UW R IY Z AH B Z AH N D B EY D R IY M AH N Z,F AO R G UH D R IY AH N Z AH N D B AE D R IY Z AH N Z,F AO R G UH D IY Z AH Z AH N D B AE D R IY Z AH N Z,AO R G UH D R IY Z AH Z AH D AE D R IY AH N Z,F AO R G UH D R IY Z AH N TH Z AH N D B AE D R IY Z AH N Z,F AO R G UH D R T IY Z AH N Z AH N D B AE D R IY Z AH N OY Z,F AO R G UH D R IY Z AH N Z K AH AA N D B AE D OW R IY B Z AH IY N Z
WE DID A DIFFERENT VERSION OF THINGS AND THEN,W IY D IH D AH D IH F ER AH N T V ER ZH AH N AH V TH IH NG Z AH N D DH EH N,W IY D HH D AH D IH F ER AH N T V ER ZH AH N AH V TH IH NG Z AH N D DH ER N,W IY D IH D AH D G F ER AH N JH V ER ZH AH N AH V TH IH Z Z AH N D DH EH N,W IY D IH ER AH D ZH F ER AH AY T V ER ZH AH N AH V ER IH NG D AH N IH DH EH N,W IY D IH D AH D IH F ER AH N T V ER AH N AH V TH NG Z AH N D DH EH N,W IY D IH D AH D IH F ER AH N T V ER ZH AH N AH V NG Z AH N D EH N,W IY D D AH D IH F ER AH T ZH AH N AH V IH Z AH N D DH EH N,W IY D IH D AH D IH F ER AH N L T V ER ZH AH N AH V TH UW IH NG Z AH N D DH EH N,W IY D IH D AH D R IH F ER AH N T V ER ZH AH T N AH V TH IH NG Z SH AH N D DH EH N,W IY D IH D Y AH D IH F ER AH P N T V G ER ZH AH N AH AY V TH IH P NG Z AH AW N D DH EH N
BUT NOW WE HAVE THESE VIRUSES,B AH T N AW W IY HH AE V DH IY Z V AY R AH S AH Z,B AH T N AW W IY HH AE V DH IY Z V AY R AH S IH Z,B AH T N AW W IY HH AE V DH W Z V AY UW AH S AH Z,B AH Y N SH Z IY HH AE V DH IY Z V AY S AH S AH Z,B AH T N AW W HH AE V DH IY Z V AY R AH S AH Z,B AH T N AW W IY HH V DH IY Z V AY R S AH Z,B AH T N IY HH AE V DH IY Z AY R S AH Z,B B AH T N AW W IY HH AE V DH IY Z V AY R AH S AH Z,F B AH IY T N AW W IY HH AE V DH IY Z V AY R AH S AH Z,B AH L T N AW W IY HH AE V DH IY F Z V AY R L AH S AH JH Z
IT'S HIGHER THAN BEFORE,IH T EH S HH AY ER DH AE N B IH F AO R,AY T EH S HH AY ER DH AE N B IH F AO R,IH T EH S HH W M DH AE N B IH F AO R,IH T EH S HH AY ER DH AE K L IH F AO D,IH T EH S HH AY ER DH N B IH F AO R,IH T EH S AY ER AE N B IH F AO R,IH T EH S AY ER DH AE IH F AO R,IH T EH S HH AY ER DH AE N B IH F AO HH R,IH T EH S HH AY JH ER DH AE N B G IH F AO R,IH UH T B EH S HH AY ER DH AE N B IH TH F AO R
IT'S DOWN TO OUR BRAIN GETTING THINGS WRONG,IH T EH S D AW N T UW AW ER B R EY N G EH T IH NG TH IH NG Z R AO NG,IH T EH S D AW N T UW AW ER B R EY N G EH T IH R TH IH NG Z R AO NG,IH T EH S D AW N T UW AW ER IY R EY HH G EH T IH NG TH IH JH Z R AO NG,IH T Z S D AW N T UW UH ER B R EY IH AH EH T IH NG M IH NG Z R AO NG,IH T EH S AW N T UW AW ER B R EY N G EH T IH NG TH IH NG Z R AO NG,IH S D AW N T UW AW ER B R EY N G EH T IH NG IH NG Z R AO NG,IH T EH S D AW N T UW AW ER B R EY EH IH NG TH IH NG Z NG,IH T EH S D Y AW N T UW AW ER B R EY N G EH T IH NG TH IH NG Z R AO NG,IH T EH S D AW N T UW AW ER UH B R EY N G EH T V IH NG TH SH IH NG Z R AO NG,IH T EH S D AW HH N T UW AW ER D B R EY N G AY EH T IH NG TH IH NG G Z D R AO NG
WITH OTHER PEOPLE,W IH DH AH DH ER P IY P AH L,W IH DH AH DH L P IY P AH L,W IH DH CH DH ER P IY P AH L,W SH DH AH S ER P IY P AH L,W IH DH AH DH ER P IY P L,W IH DH AH DH ER IY P AH L,W IH DH AH DH ER IY P L,W IH DH AH AE DH ER P IY P AH L,W IH DH AH DH P ER P IY P AH L,W IH D DH Z AH DH ER P IY P AH L
MOST OF HIS LIFE,M OW S T AH V HH IH Z L AY F,M OW S T AH V ZH IH Z L AY F,M OW S T AH V HH IH Z L AY ER,NG OW S T AH V HH IH Z L AY JH,M OW S T AH V HH IH Z AY F,M OW S T V HH IH Z L AY F,M OW S T HH IH Z L AY F,M Z OW S T AH V HH IH Z L AY F,M OW S T AH V HH IH Z L AY V F,M T OW S T AH V HH IH Z L EH AY F
AND WE WERE RIGHT,AH N D W IY W ER R AY T,AH N D W IY W ER R CH T,AH N D W IY B ER R AY T,AH ZH D W IY W ER R AY UH,AH N D W IY W ER AY T,N D W IY W ER R AY T,AH D IY W ER R AY T,AH N D W IY W M ER R AY T,AH N D W IY M W ER R AY T,AH N D W IY W ER ZH R AY W T
ADD ANOTHER TEN ON,AE D AH N AH DH ER T EH N AA N,AE D AH N AH DH Y T EH N AA N,AE D AH N AH DH ER T EH N AA V,AE D AH N AH DH Z W EH N AA N,AE D AH AH DH ER T EH N AA N,D AH N AH DH ER T EH N AA N,AE D AH N DH ER EH N AA N,AE D AH N AH DH ER T EH N AA K N,AE D AH N AH DH ER T EH N AA S N,AE D AH N AH D DH ER T EH N K AA N
PONDERING THE IMMENSITY,P AA N D ER IH NG DH AH IH M EH N S AH T IY,P AA N D ER IH HH DH AH IH M EH N S AH T IY,P AA N D ER EY T DH AH IH M EH N S AH T IY,P Y N D ER IH NG DH AH IH M EH N S EY K IY,P AA N D ER IH NG DH AH IH M EH N S AH IY,P AA N D IH NG DH AH IH EH N S AH T IY,P AA N D ER IH NG AH M EH N S T IY,P AA N D ER IH NG DH AH IH M EH N Z S AH T IY,P AA N D ER IH NG DH F AH HH IH M EH N S AH T IY,P AA IH N D ER IH NG JH DH AH IH M EH N S R AH T IY
THEY ARE UNDER A LOT OF STRESS,DH EY AA R AH N D ER AH L AA T AH V S T R EH S,DH R AA R AH N D ER AH L AA T AH V S T R EH S,DH EY AA R AH N D ER ZH L AA T AH V S T IY EH S,DH AW AA R M N D ER AH L AA T AH V S R AY EH S,DH EY AA R AH N D ER AH L AA T AH S T R EH S,DH EY AA R AH D ER L AA T AH V S T R EH S,EY AA R AH N D ER AH L T V S R EH S,DH EY AA R AH N D ER AH L AA T AH V S T B R EH S,DH EY AA B R AH N K D ER AH L AA T AH V S T R EH S,DH AE EY R AA R AH N D ER AH L AA S T AH V S T R EH JH S
IT'S A MOVIE THEME,IH T EH S AH M UW V IY TH IY M,UW T EH S AH M UW V IY TH IY M,IH ER EH S AH M UW V IY TH IY M,IH T EH S AH M UW V EH TH AE M,IH T EH AH M UW V IY TH IY M,IH T EH S AH M UW V IY TH IY,IH T S AH UW V IY TH IY M,IH T EH S AH M W UW V IY TH IY M,IH T EH S AH M UW V IY TH IY UW M,AO IH T EH S AH IY M UW V IY TH IY M
WELL INTO NOVEMBER,W EH L IH N T UW N OW V EH M B ER,W EH L IH N T UW N OW V EH M V ER,W EH L IH F T UW N OW V EH M B ER,W EH L S N T UW UW OW V EH UW B ER,W L IH N T UW N OW V EH M B ER,W EH L IH N T UW OW V EH M B ER,W EH L N UW OW V EH M B ER,W EH L HH IH N T UW N OW V EH M B ER,W EH L IH N T UW N OW V EH M EH B ER,W NG EH L IH N T UW N OW TH V Z EH M B ER
CHOOSING A GOOD LOCATION,CH UW Z IH NG AH G UH D L OW K EY SH AH N,CH UW Z IH NG AH NG UH D L OW K EY SH AH N,CH UW ' IH NG AH G UH D L OW JH EY SH AH N,CH UW Z IH NG JH G UH D L OW K EY SH P OW,CH UW Z NG AH G UH D L OW K EY SH AH N,CH UW Z IH NG AH G UH L OW K EY AH N,CH UW Z IH G UH L OW K EY SH AH N,CH P UW Z IH NG AH G UH D L OW K EY SH AH N,CH UW Z IH IH NG AH SH G UH D L OW K EY SH AH N,CH UW Z IH NG AH G UH W D R L OW K EY SH AE AH N
LOUISE AND KEVIN,L UW IY Z AH N D K EH V IH N,L UW IY Z AH N AO K EH V IH N,L UW IY Z AH N D K EH V IH V,L UW IY Z AH ZH D K EH V AH N,L UW IY Z AH N D K EH V N,UW IY Z AH N D K EH V IH N,L UW IY Z N D K EH IH N,UH L UW IY Z AH N D K EH V IH N,L UW IY Z AH N D K EH V IH Y N,L UW IY Z Z AH N D K EH V K IH N
TO BE A SUCCESSFUL ENTREPRENEUR,T UW B IY AH S AH K S EH S F AH L AA N T R AH P R AH N ER,T UW B IY AH S AH K S EH S F AH L AA N T R AH P R M N ER,T UW B IY AE S AH K AH EH S F AH L AA N T R AH P R AH N ER,T UW IH ZH AH S AH K S EH IY F AH L AA N T D AH P NG AH N ER,T UW B IY AH S AH K S EH S F AH AA N T R AH P R AH N ER,T UW AH S AH K S EH S F AH L AA N T R AH P R AH N ER,UW IY AH S K S EH S F AH L AA N AH P R AH N ER,T UW B IY AH S AH K S EH S F AH L AA N T ER R AH P R AH N ER,T UW B IY AH S AH K S EH S F AH L AA N AY T R AH IY P R AH N ER,T EH UW B IY TH AH S AH K S EH S F AH L AW AA L N AY T R AH P R AH N ER
I JUST CAN'T SEEM TO WIN,AY JH AH S T K AH EH N T AY S IY M T UW W IH N,AY JH AH S T K AH EH N T CH S IY M T UW W IH N,AY JH AH S T K AH EH N TH AY S IY M T UW W CH N,AY JH OY S CH K AH EH N T K ZH IY M T UW W IH N,AY JH AH S T K AH EH N T AY IY M T UW W IH N,AY JH AH S K AH EH N T AY S IY M T UW W N,AY JH AH S T K AH N T AY S IY T W IH,AY JH AH S T K AH EH N T AY P S IY M T UW W IH N,AY JH AH S T K N AH EH N F T AY S IY M T UW W IH N,AY DH JH AH S T K AH ZH EH N T AY S IY M UH T UW UH W IH N
SET UP BY THE GOVERNMENT,S EH T AH P B AY DH AH G AH V ER M AH N T,S EH T AH P B AY DH AH UH AH V ER M AH N T,IY EH T Y P B AY DH AH G AH V ER M AH N T,S EH NG AH P B AY DH D M AH V ER M AH N T,S EH T AH P B AY DH AH G AH V ER AH N T,S T AH P B AY DH AH G AH ER M AH N T,S EH T AH P B AY AH G AH V ER M AH,S EH L T AH P B AY DH AH G AH V ER M AH N T,S EH T AH P UW B AY DH AH ' G AH V ER M AH N T,S EH T AH P B AY DH AH G AH OY V ER M NG AH N IY T
BECAUSE IT WAS OFFICES,B IH K AO Z IH T W AA Z AO F AH S AH Z,B IH K AO Z IH T W AA OY AO F AH S AH Z,B IH K AO Z IH T L AA Z AO F AH S AH R,B IH R AO Z IH T W AA Z UH F AH S NG Z,B IH K AO Z IH T W AA Z AO F AH AH Z,B IH K AO IH W AA Z AO F AH S AH Z,K AO IH T W AA Z AO F AH S AH Z,B IH K AO Z IH T W AA Z B AO F AH S AH Z,B IH K AO AH Z IH T W AA Z AO F AH S AH AE Z,B IH K AO Z IH T W AA AO Z L AO F AH S AH AH Z
STANDING IN FOR YOUR REGULAR HOST FOR ONE WEEK ONLY,S T AE N D IH NG IH N F AO R Y AO R R EH G Y AH L ER HH OW S T F AO R W AH N W IY K OW N L IY,S T AE N D IH NG IH N F AO R Y AO R R EH G Y AH IY ER HH OW S W F AO R W AH N W IY K OW N L IY,S T AE AO D IH NG IH N F AO B Y AO R R OY G Y AH L ER HH OW S T F AO R W TH N W IY K OW N L IY,S F AE N D IH NG IH N F AO AO UW JH R R EH G Y DH L AY HH CH S T F AO R W AH UH W IY K OW N L IY,S T AE D IH NG IH N F AO R Y AO R R EH G Y AH L ER HH OW S T F AO R AH N W IY K OW N L IY,S T N D IH NG IH F AO R Y AO R R EH G Y L ER HH S T F AO R W AH N W IY K OW N L IY,S T AE N D IH NG IH N F AO R Y AO EH G Y L ER S F R W N W IY K OW N L IY,S T AE N D IH NG IH N F AO R Y AO R R EH G Y OY AH L ER HH OW S T F AO R W AH N JH W IY K OW N L IY,S T AE N D IH NG IH IY N F AO R Y AO R R EH G W Y AH L ER HH OW S T F AO R W AH ' N W IY K AY OW N L IY,S T AE N D IH Z NG IH N CH F AO R Y AO R R OW EH G JH Y AH L M ER HH OW D S T F AO R W AH N W IY K Y OW N L AW IY
WHICH UPSET SOME OF OUR FEMALE RESIDENTS,W IH CH AH P S EH T S AH M AH V AW ER F IY M EY L R EH Z IH D AH N T S,W IH CH AH ER S EH T S AH M AH V AW ER F IY M EY L R EH Z IH D AH N T S,W IH AH AH P S EH T S AH M AH V AW ER F IY M D L D EH Z IH D AH N T S,W D CH AH P S EH T S AH EH AH V AW ER F OW M EY L R DH Z ZH D AH CH T S,W IH CH AH P S EH T S AH M AH V AW ER F IY M EY L R Z IH D AH N T S,W IH CH AH P S EH T S AH M AH V AW ER F IY M EY L R EH Z IH D N,W IH CH AH P S EH T S AH V AW F IY EY L R EH D AH N T S,W IH CH AH P S EH T S AH OW M AH V AW ER F IY M EY L R EH Z IH D AH N T S,W IH CH AH P S EH T S AH HH M AH V AW AH ER EH F IY M EY L R EH Z IH D AH N T S,W IH TH CH AH P S EH T S P AH M AH AW V AW ER F IY UH M EY L CH R EH L Z IH D AH N T S
RESCUING A DAMSEL IN DISTRESS,R EH S K Y UW IH NG AH D AE M Z AH L IH N D IH S T R EH S,R EH S K Y UW IH NG AH D AE M Z OW L IH N D IH S T R EH S,R EH S K Y UW IH NG AH HH AE M Z AH L IH N D AW S T R EH S,R EH S K Y N IH NG AH D AE M Z AH S IH N D IH OY T R AE G,R EH S K Y UW IH NG AH D AE M Z AH L IH N D IH S R EH S,R S K Y UW IH NG AH D AE Z AH L IH N D IH S T R EH S,R EH S Y UW IH AE M Z AH L IH N D IH S T R EH,R EH S K Y UW IH NG AH D AE M Z AH L IH N D IH S T R IY EH S,R EH S OW K Y UW IH NG AH D AE M Z AH L AO IH N D IH S T R EH S,CH R EH S K Y F UW ER IH NG AH T D AE L M Z AH L IH N D IH S T R EH S
THROUGH THE ACCESSIBILITY TO THOSE CHILDREN,TH R UW DH AH AE K S EH S AH B IH L IH T IY T UW DH OW Z CH IH L D R AH N,TH R UW DH AH AE K S EH S AH B IH L IH T IY T UW DH OW EH CH IH L D R AH N,TH R UW P AH AE K S EH S AH B IH L IH T IY ZH UW DH OW Z CH IH ZH D R AH N,TH R UW DH AH AE K N EH G AH B IH L ER T IY T UW V OW Z CH T JH D R AH N,TH R UW DH AH AE K S EH S AH B IH L IH T IY T UW DH Z CH IH L D R AH N,TH R UW DH AH AE EH S AH B IH L IH T IY T UW DH OW CH IH L D R AH N,TH R UW AH AE S EH S B IH L IH T IY UW DH OW Z L D R AH N,TH R UW DH AH AE K S EH S AH B IH L IH T IY CH T UW DH OW Z CH IH L D R AH N,TH R D UW DH AH AE K S EH S AH B IH L IH D T IY T AH UW DH OW Z CH IH L D R AH N,TH R CH UW ZH DH L AH AE K S EH AE S AH B IH L IH T UH IY T UW DH OW Z CH IH L UW D R AH N
WITH PEOPLE WITHOUT CREATING,W IH DH P IY P AH L W IH TH AW T K R IY EY T IH NG,W IH DH P IY P AH L W IH TH AW T K R IY EY T IH Y,W IH DH P IY P AH OW W IH TH AW T K R IY EY T IH UW,W IH DH P IY P AH L W P TH AW T K UH IY EY T OW UW,W IH DH IY P AH L W IH TH AW T K R IY EY T IH NG,W IH DH IY P AH L W IH TH T K R IY EY T IH NG,W IH DH P IY L W IH TH AW T K R EY T NG,W IH DH P IY P OY AH L W IH TH AW T K R IY EY T IH NG,W IH DH P IY P AH L W G IH TH AW T K R IY EY T AW IH NG,W IH DH P R IY DH P AH L W IH TH AW ZH T K R IY EY T IH EH NG
WE STILL HAVE ALL OF THIS TO COME,W IY S T IH L HH AE V AO L AH V DH IH S T UW K AH M,W IY S T IH L HH AE V OY L AH V DH IH S T UW K AH M,W IY S T IH L HH AE V AO L AH V DH K S T UW K AH Z,W IY S T NG AH T AE W AO L AH V DH IH S T UW K AH M,W S T IH L HH AE V AO L AH V DH IH S T UW K AH M,W IY S T IH L HH AE V AO L AH V IH S T K AH M,W IY S T IH L HH AE L AH V DH IH S UW AH M,W IY S T IH L HH AE V AO L AH EH V DH IH S T UW K AH M,W IY S Z T IH L HH AE V AO L AH V DH IH S T OY UW K AH M,W R IY S T IH L HH IY AE V AO L ZH AH V R DH IH S T UW K AH M
I DO MISS IT A LITTLE BIT,AY D UW M IH S IH T AH L IH T AH L B IH T,K D UW M IH S IH T AH L IH T AH L B IH T,AY D UW M IH S IH T AH AH IH T AH Y B IH T,AY D UW AW IY S IH T AH L IH T AH L B IH DH,AY D UW M IH S IH T AH L IH T L B IH T,AY D UW M S IH AH L IH T AH L B IH T,AY D UW S T AH L IH T AH L B IH T,AY D UW M IH S IH T AH OW L IH T AH L B IH T,AY D UW M IH S IH R T AH L IH T R AH L B IH T,AY D UW M N IH S IH ER T AH L IH T AH L B IH SH T
HOW GREAT IS THIS,HH AW G R EY T IH Z DH IH S,HH AW G R F T IH Z DH IH S,HH AW G R EY T IH Z DH AY S,HH AW G R EY T IH D R IH S,HH AW G R EY IH Z DH IH S,HH AW R EY T IH Z DH IH S,HH AW G EY IH Z DH IH S,HH AW G R EY T IH Z ' DH IH S,HH AW G R Y EY T IH Z DH IH S,HH AW G R EY T IH Z DH S IH R S
THIS ONE IS TOTALLY OUT OF CONTROL,DH IH S W AH N IH Z T OW T AH L IY AW T AH V K AH N T R OW L,DH IH S W AH N IH Z T OW T AH L Z AW T AH V K AH N T R OW L,DH IH S W AH N HH Z T OW T AH L IY AW T AH V K AH N T R OW EY,NG IH OY W AH N IH AH T OW T UH L IY OY T AH V K AH N T R OW L,DH IH S AH N IH Z T OW T AH L IY AW T AH V K AH N T R OW L,DH IH S W AH IH Z T OW T AH L AW T AH V K AH N T R OW L,IH S W AH IH Z T T AH L IY AW T AH K AH N T OW L,DH IH S W AH N IH Z T IY OW T AH L IY AW T AH V K AH N T R OW L,DH IH S W AH N IH Z T ZH OW T AH L W IY AW T AH V K AH N T R OW L,DH IH S W AH N IH Z T HH OW T AH CH L Z IY AW T ER AH V K AH N T R OW DH L
CAUSES IT NO HARM,K AA Z AH Z IH T N OW HH AA R M,K AA Z AH Z IH T N OW L AA R M,K AA Z AH Z IH T N OW HH AY R M,K AE Z NG Z IH F N OW HH AA R M,K AA Z Z IH T N OW HH AA R M,AA Z AH Z IH T N OW HH AA R M,AA AH IH T N OW HH AA R M,K AA Z P AH Z IH T N OW HH AA R M,ZH K AA Z AH Z IH T N OW HH AA R M,AY K AA Z AH Z IH T V N OW HH N AA R M
STARTING WITH THE COMPOST,S T AA R T IH NG W IH DH DH AH K AA M P OW S T,S T AA R T IH NG W IH DH DH AH K AA S P OW S T,S T AA R T EH NG V IH DH DH AH K AA M P OW S T,S T AA AE SH IH NG W IH DH CH AH K AA M P OW S IY,S T AA R T IH W IH DH DH AH K AA M P OW S T,S T AA R T NG W IH DH AH K AA M P OW S T,S AA R IH NG W IH DH AH K AA M P OW T,S T AA R T IH NG W IH DH DH AH K AA M P OW S Z T,S T AA HH R T IH EY NG W IH DH DH AH K AA M P OW S T,S T TH AA R R T IH NG W IH IH DH DH AH K AA M P DH OW S T
IT'S A TERRIBLE IDEA,IH T EH S AH T EH R AH B AH L AY D IY AH,IH T EH S AH T EH R AH B AH L AY D EY AH,IH T ' S AH T EH R AH B AH L AY D IY P,IH T EH S T T EH R AH B AH ' S D IY AH,IH T EH S AH T R AH B AH L AY D IY AH,IH T EH S AH T EH R AH B AH L IY AH,IH EH S AH T EH R AH B AH L AY IY,IH T EH S AH T EH R AH B S AH L AY D IY AH,IH T EH EH S AH T EH R AH B AH L AY D IY G AH,IH T EH S R AH T F EH R AH B AH L AY AW D IY AH
I DON'T REMEMBER THAT HAPPENING BEFORE,AY D UW EH N T AY R IH M EH M B ER DH AE T HH AE P AH N IH NG B IH F AO R,AY D UW EH N T AY R IH M EH M B ER DH AE SH HH AE P AH N IH NG B IH F AO R,AY D UW EH N T AY R IH M EH M B ER T AE T HH AE AE AH N JH NG B IH F AO R,UW D ZH EH IY T CH R R M EH M B ER DH AE T HH AE P AH N IH NG B IH F AO W,AY D UW EH N T AY R IH M EH M B ER DH AE T AE P AH N IH NG B IH F AO R,AY D UW EH N T AY R IH M EH M B ER DH AE T HH AE P AH IH B IH F R,D UW EH N T AY R IH EH M B ER T HH P AH N IH NG B F AO R,AY D UW EH N T AY R IH M EH M B ER R DH AE T HH AE P AH N IH NG B IH F AO R,AY D R UW EH N OY T AY R IH M EH M B ER DH AE T ' HH AE P AH N IH NG B IH F AO R,N AY AW D UW EH N T AY R IH M EH NG M G B N ER DH AE T HH AE P AH N IH NG B IH F AO TH R
WHO KNEW THAT ONE MAN,HH UW N UW DH AE T W AH N M AE N,HH UW N UW DH AE T W AH N M AE DH,HH UW N IY DH AE T W AH N M AE N,HH OY N AH HH AE T W AH N M AE N,HH UW N UW DH AE T AH N M AE N,HH UW N UW DH AE T W AH N M AE,UW UW DH T W AH N M AE N,HH UW N UW DH AE T W AH N EY M AE N,HH UW N UW DH AE T W AH N M Z AE N,D HH UW N L UW DH AY AE T W AH N M AE N
YOU DO LOVE YOUR DOLL,Y UW D UW L AH V Y AO R D AA L,Y UW D UW L AH V Y AO R AW AA L,Y UW D UW L AH V Y AO R D JH L,Y UW D UW L AH V T AO B AO AA L,Y UW UW L AH V Y AO R D AA L,Y UW D L AH V Y AO R D AA L,Y D UW AH V AO R D AA L,Y UW D UW L AH V Y SH AO R D AA L,Y UW D UW L AH V IY Y AO R D AA L,SH Y UW CH D UW SH L AH V Y AO R D AA L
THE GARDEN OF ENGLAND,DH AH G AA R D AH N AH V IH NG G L AH N D,DH AH G AA R D AH N AH TH IH NG G L AH N D,DH AH IH AA R D AH N AH V IH NG G L G N D,D AH G AA R D AH IY AH V IH R G L AH N D,DH AH G AA R D AH N AH V IH NG G AH N D,DH AH G AA R AH N V IH NG G L AH N D,DH AH AA R D AH AH V IH NG L AH N D,DH AH G AA R AW D AH N AH V IH NG G L AH N D,DH IY AH G AA R D AH IY N AH V IH NG G L AH N D,HH DH AH G AA R D AH N AH V IH NG G L AA AH N AW D
IN TERMS OF FIRE SERVICE RESOURCES,IH N T ER M Z AH V F AY ER S ER V AH S R IY S AO R S IH Z,IH N T ER M Z AH V F AY ER S ER V AH S R IY S AO R L IH Z,IH N T ER M Z AH V F AY ER S ER V AH S R IY P AO ER S IH Z,P N T ER M Z AH UH F AY ER AW ER V AH S R IY N ER R S IH Z,IH N T ER M AH V F AY ER S ER V AH S R IY S AO R S IH Z,IH N T M Z AH V F AY ER S ER V AH S R IY S AO R S Z,IH ER M Z AH V F AY ER S ER V AH S R IY AO IH Z,IH N T ER M Z AH V F TH AY ER S ER V AH S R IY S AO R S IH Z,IH N T ER M Z AH V F AY ER S ER V F AH S R IY S AO R S AO IH Z,IH N T ER G M Z IY AH V F AY ER S ER V AH S R B IY S P AO R S IH UH Z
WHAT WAS IT THAT MADE YOU THINK,W AH T W AA Z IH T DH AE T M EY D Y UW TH IH NG K,W AH G W AA Z IH T DH AE T M EY D Y UW TH IH NG K,W AH T F AA Z IH T DH AE T M EY D Y UW TH D NG K,W AH UH W AA Z IH T DH AE T M EY D Y UW W AA OW K,W AH T W AA Z IH T AE T M EY D Y UW TH IH NG K,W T W AA Z IH T DH AE T M D Y UW TH IH NG K,W AH W Z IH T DH T M EY D Y UW TH IH NG,W AH T W AA Z IH T DH AE T M EY D Y UW TH IH NG L K,W AH T W AA Z IH T P DH AE T M EY D Y UW TH IH ER NG K,W AO AH T S W AA Z IH ZH T DH OY AE T M EY D Y UW TH IH NG K
IT'S THE INTERNET,IH T EH S DH AH IH N T ER N EH T,IH T EH S DH AH IH N T ER JH EH T,IH T EH S D AH IH N T ER N EH T,NG T EH S DH AH IH OW T ER HH EH T,IH T EH S DH AH IH T ER N EH T,IH T EH S DH AH IH T ER N EH T,IH EH DH AH IH N ER N EH T,IH G T EH S DH AH IH N T ER N EH T,IH UW T EH S DH AH IH N T ER N EH T,IH TH T EH S DH AH IH AA N T UW ER N EH T
WHAT SEASON WAS THAT,W AH T S IY Z AH N W AA Z DH AE T,W AH T ER IY Z AH N W AA Z DH AE T,W AO T S IY Z AH N W AA Z DH AE T,M AH T S IY G AH N W AA Z AO AE T,W AH T IY Z AH N W AA Z DH AE T,W AH T IY Z AH N W AA Z DH AE T,W AH T S IY Z N W Z DH T,W AH T S IY Z AH N W AA JH Z DH AE T,W AH T D S IY Z AH N W AA Z DH AE T,W AH T P S IY Z AH N W IY AA Z D DH AE T
IF IT WAS GOING TO BE INCREASED,IH F IH T W AA Z G OW IH NG T UW B IY IH N K R IY S T,IH F IH T AA AA Z G OW IH NG T UW B IY IH N K R IY S T,IH F IH T W ZH Z G OW Y NG T UW B IY IH N K R IY S T,IH F IH AE W AA Z G OW IH NG T UW B IY IH N K M IY CH L,IH F T W AA Z G OW IH NG T UW B IY IH N K R IY S T,IH F IH T W AA G OW IH NG T UW B IH N K R IY S T,IH F IH T W AA Z OW IH NG T B IY IH K R S T,IH F IH T W AA Z ER G OW IH NG T UW B IY IH N K R IY S T,IH F IH T AH W AA Z G AO OW IH NG T UW B IY IH N K R IY S T,AW IH F IH T W AA Z EH G OW IH NG OY T UW B IY IH N K R W IY S T
YOU HAVE TO HOLD YOUR NERVE,Y UW HH AE V T UW HH OW L D Y AO R N ER V,Y G HH AE V T UW HH OW L D Y AO R N ER V,Y UW HH AE V T UW HH OW B D Y AO R SH ER V,Y UW HH AE V SH UW HH OW L SH Y AO EH N ER V,Y UW HH AE V T UW HH OW L D Y AO R ER V,Y UW HH AE V T UW HH OW D AO R N ER V,Y UW HH AE T UW HH OW L D Y AO R ER,Y UW HH AE AA V T UW HH OW L D Y AO R N ER V,Y UW HH AE V W T UW HH OW Z L D Y AO R N ER V,Y TH UW HH AE V T UW HH OW L D UW Y AO R N ER UH V
YOU CAN'T REALLY SAY,Y UW K AH EH N T AY R IH L IY S EY,Y UW K AH EH N T AO R IH L IY S EY,Y UW K AH EH N T AY R IH L K S EY,Y IY AE AH EH N T AY R IH L IY SH EY,Y UW K AH EH N T AY R IH L IY EY,Y UW K AH EH N T AY R IH L IY S,Y UW K AH EH N AY R L IY S,G Y UW K AH EH N T AY R IH L IY S EY,Y UW K AH R EH N T AY R IH L IY S EY,Y UW K AH EH N T AY SH R IH L IY NG S AA EY
AND I'M WARNING YOU,AH N D AY AH M W AO R N IH NG Y UW,AH N D AY AH M W P R N IH NG Y UW,AH N D AY AH M W AO R N IH OY Y UW,L N D AE AH M W AO R N IH NG Y JH,AH N D AY AH M W AO R N IH NG Y,AH N D AY AH M W AO R N IH NG UW,AH N D AY M W AO R IH NG UW,AH N D AY AH M W ZH AO R N IH NG Y UW,AH S N D AY AH M W AO R N IH NG Y UW,AA AH N D AY AH M HH W AO R N N IH NG Y UW
I DON'T WANT TO RESIGN,AY D UW EH N T AY W AA N T T UW R IH Z AY N,AY D UW EH N T OW W AA N T T UW R IH Z AY N,AY D UW EH N T AY W V N T T UW R IH Z TH N,AY D UW EH M T AY W AA N T T ER R IH IY AE N,AY D UW EH N T AY W AA N T T UW R IH Z AY,AY D UW EH N T AY AA N T T UW R IH Z AY,AY UW N T W AA N T UW R IH Z AY N,AY D S UW EH N T AY W AA N T T UW R IH Z AY N,AY D UW EH N T AY W AA TH N T T IH UW R IH Z AY N,AY D CH UW L EH N T AY W AA N T Y T UW R IH Z AY AY N
BECAUSE THE WHOLE POINT OF 9 11 IS THAT IT'S THE JUSTIFICATION FOR THE POLICE STATE,B IH K AO Z DH AH HH OW L P OY N T AH V N AY N IH L EH V AH N IH Z DH AE T IH T EH S DH AH JH AH S T AH F AH K EY SH AH N F AO R DH AH P AH L IY S S T EY T,B IH K AO Z DH AH HH OW L P OY N T AH AY N AY N IH L EH V AH N ' Z DH AE T IH D EH S DH AH JH AH S T AH F AH K EY SH AH N F AO R DH AH P AH L IY S S T EY T,B IH AA AO Z ZH AH HH OW L P OY N T AH V N AY N IH L EH V AH N IH Z G L T IH T EH S DH AH JH AH HH T AH F AH K EY SH AH N F AO R DH AH P AH L AW S S T EY T,B IH K M Z DH AH UW OW L P OY N T AH V N NG N IH L TH V AY N AW Z R AE T IH T EH S DH AH JH AH S T AH TH AH K EY SH AH N F OW R IY AH P AH S IY S S T EY EH,B IH K Z DH HH OW L P OY N T AH V N AY N IH L EH V AH N IH Z DH AE T IH T EH S DH AH JH AH S T AH AH K EY SH AH N F AO R DH AH P AH L IY S S T EY T,B K AO Z DH AH HH OW L P OY T AH V N N IH L V AH N Z DH AE T IH T EH S DH AH JH AH S T AH F K EY SH AH N F AO R DH AH P AH L IY S S T EY T,IH K AO AH HH OW L N AH AY N IH L EH V AH N IH DH AE T IH T EH S DH JH AH S T AH F K EY SH AH N F AO R DH AH P AH L IY S T EY T,B IH K AO Z DH AH HH OW L P OY N T AH V N AY N IH L EH V AH N IH NG Z DH AE T IH T EH S DH AH JH AH S T ER AH F AH K EY SH AH N F AO R DH AH P AH L W IY S S T EY T,B IH AW K AO Z AA DH AH HH OW L P OY N T AH V N AY N IH L EH V AH N IH Z DH HH AE T IH Z T EH S K DH AH JH AH P S T AH F AH K EY SH AH N F AO R DH AH P AH L IY S S T EY T,B IH K K AO Z DH AH HH OW L P AE OY N T AH V N AY N IH L ER EH AE V AH N IH Z DH AE ER T IH T EH S IY DH AH JH AH S T AH AE F AH S K AO EY SH AH N F CH AO R DH EH AH SH P AH L IY S S T EY T
IS IT ALL GOOD NEWS,IH Z IH T AO L G UH D N UW Z,IH Z IH T AO L F UH D N UW Z,IH Z IH T AO L G UH D N Y Z,IH Z IH T AO L EH UH D V UW Z,IH Z IH T AO L G UH N UW Z,IH IH T AO L G UH D N UW Z,IH Z IH T AO L G D UW Z,IH Z IH T AO L G OW UH D N UW Z,IH Z IH W T AO L G UH D N UW Z,IH Z IH T UW AO L G UH OW D N UW Z
BEFORE YOU KNOW IT,B IH F AO R Y UW N OW IH T,B IH UW AO R Y UW N OW IH T,B IH F AO R Y UW N OW AA T,B IH F AO AY AW UW N OW IH T,IH F AO R Y UW N OW IH T,B IH F AO Y UW N OW IH T,B IH F AO Y UW OW IH T,B IH F D AO R Y UW N OW IH T,B IH F AO R Y UW N OW AA IH T,B IH F AO ER R Y UW AE N OW IH T
THAT FIRST MEETING,DH AE T F ER S T M IY T IH NG,DH AE T F ER S T AH IY T IH NG,DH AE T F ER S T M IY T IY NG,DH AE T F ER IY T M IY T K NG,DH T F ER S T M IY T IH NG,DH AE T F ER T M IY T IH NG,AE T ER S T M IY T IH NG,DH AE T F ER S T M IY T ' IH NG,DH AE T F ER S T M IY T IH IH NG,DH AE T F L ER AH S T M IY T IH NG
WOULD NOT BE A HAPPY PLACE,W UH D N AA T B IY AH HH AE P IY P L EY S,W UH D N AA T B B AH HH AE P IY P L EY S,W SH D N AA UW B IY AH HH AE P IY P L EY S,W UH S N AA T B IY AH HH AE P IY M S EY S,W UH D N AA T B AH HH AE P IY P L EY S,W UH D N AA T B IY AH HH AE P P L EY,W UH D N AA T B IY AH AE IY P L EY,W UH D P N AA T B IY AH HH AE P IY P L EY S,W UH UH D N AA SH T B IY AH HH AE P IY P L EY S,W UH D OW N AA T B IY P AH HH AE P N IY P L EY S
EVERYWHERE YOU GO AROUND HERE,EH V R IY W EH R Y UW G OW ER AW N D HH IY R,EH V R IY W EH R Y UW G OW ER AW N CH HH IY R,EH V R IY W EH R Y Z G OW ER AW N ER HH IY R,EH AH R IY N EH R Y UW G OW AO AW OY D HH IY R,EH V R IY W R Y UW G OW ER AW N D HH IY R,EH V R IY W EH R Y UW G ER AW N D HH IY,EH V IY W EH R UW G OW ER AW N HH IY,EH V R IY W EH R EH Y UW G OW ER AW N D HH IY R,EH V R IY W EH R Y Y UW G OW ER AW N EH D HH IY R,EH V UH R IY W EH R Y UW G N OW ER T AW N T D HH IY R
YOU'VE REALLY MADE MY DAY,Y UW ' V IY R IH L IY M EY D M AY D EY,Y UW ' V IY R IH L IY M EY D M AY UW EY,Y UW ' V IY R IH L IY M AW D M TH D EY,R UW AH V IY ZH IH L IY M EY D M AY D EY,Y UW ' V IY R IH L IY M EY D M D EY,' V IY R IH L IY M EY D M AY D EY,Y UW ' V IY R IH L M EY D AY EY,Y UW ' V IY R IH L IY M EY D M AY AH D EY,Y UW ' V IY R IH L IY M AW EY D M T AY D EY,Y P UW ' V IY R IH L AW IY M EY D P M AY D EY
OR MORE CORRECTLY COUNCILS,AO R M AO R K ER EH K T L IY K AW N S AH L Z,AO R M AO R K ER EH K T L IY K AW N S AH ZH Z,AO R M AO R K ER EH K T L M K AW N OY AH L Z,AO R OW AO N K ER Y K T L AE K AW N S AH L Z,AO R M AO R K ER EH K T L IY K AW N AH L Z,AO R M AO R ER EH T L IY K AW N S AH L Z,AO R M R K EH K T L IY K N S AH L,AO R M AO R K ER EH K T L IY K AW N S AH G L Z,AO R M AO R K ER EH K T L L IY K AW N OY S AH L Z,AO R M AO R IY K ER EH K K T AW L IY K AW N S AH AY L Z
SERBIA IS PANDEMONIUM LET LOOSE,S ER B IY AH IH Z P AE N D IH M OW N IY AH M L EH T L UW S,S ER B IY AH IH Z P AE N S IH M OW N IY AH M L EH T L UW S,S ER B IY AH IH Z P AE N AY IH M OW N IY AH M L EH T DH UW S,S ER B IY S IH Z P AE N D CH M OW Y IY AH M L NG T AO UW S,S ER B IY AH IH Z P AE N D IH M OW N AH M L EH T L UW S,S ER B IY AH IH Z P N D IH M OW N IY AH M EH T L UW S,S ER B IY IH Z N D IH M OW N IY AH L EH L UW S,S ER B S IY AH IH Z P AE N D IH M OW N IY AH M L EH T L UW S,S ER B IY AH IH Z P AE N DH D IH M OW N IY AH M L EH T AY L UW S,S ER B IY AH IH Z P AE AE N D IH M R OW M N IY AH M L R EH T L DH UW S
WE HAVE TO LOOK AT HOW SAUDI ARABIA,W IY HH AE V T UW L UH K AE T HH AW S AO D IY ER EY B IY AH,W IY HH AE V T UW L UH K AE T HH AW S AO D IY ER UH B IY AH,W IY HH AE V T UW L UH K TH T HH JH S AO D IY ER EY B IY AH,W IY HH AE V T UW L UH K AA G B AW S AO IY IY ER EY ER IY AH,W IY HH AE V T L UH K AE T HH AW S AO D IY ER EY B IY AH,W HH V T UW L UH K AE T HH AW S AO D IY ER EY B IY AH,W AE UW L UH AE T HH AW S AO D IY ER EY B IY AH,W IY HH AE S V T UW L UH K AE T HH AW S AO D IY ER EY B IY AH,W IY HH AE V T UW L UH K IY AE T HH T AW S AO D IY ER EY B IY AH,W IY HH AE V T UW L TH UH K AE N T HH OW AW S AO D IY ER AO EY AH B IY AH
IN THE FORM OF A DESSERT PLATE,IH N DH AH F AO R M AH V AH D IH Z ER T P L EY T,IH N DH AH F AO R M AH V AH D IH V ER T P L EY T,IH N DH AH F AO R M AH V AH D AE Z ER T P SH EY T,IH N DH F F AO R M AH V AH D S Z ER HH HH L EY T,IH N DH AH F AO R M AH V AH D Z ER T P L EY T,IH N DH AH F AO R M AH V AH D IH ER T P L EY,IH N DH AH F AO R M AH AH D IH Z T P L,IH N DH AH F AO R M AH V AH D IH Z ER T V P L EY T,IH N DH AH F AO R M AH V AH D S IH Z ER T P AE L EY T,G IH N DH AH AO F CH AO R M AH V AH D IH Z AE ER T P L EY T
AND HERE ON TOP OF THE EAGLE TOWER,AH N D HH IY R AA N T AA P AH V DH AH IY G AH L T AW ER,AH N D HH IY R AA N T AA P AH V DH EH IY G AH L T AW ER,AH N IH HH IY R AA N T AA K AH V DH AH IY G AH L T AW ER,AH N D HH IY R S N T D P AH V DH AH AO G AH L B AW ER,AH D HH IY R AA N T AA P AH V DH AH IY G AH L T AW ER,AH N D HH IY R AA N T AA V DH AH IY G AH L T AW ER,AH N D IY R AA N T P AH DH IY G AH L T AW ER,AH N D HH IY R AA N T AA P AH V DH AH IY G AH L K T AW ER,AH N K D HH IY R AA N T AA HH P AH V DH AH IY G AH L T AW ER,AH N D HH IY R AA N T AA P R AH D V DH AH IY G AH Z L T AE AW ER
THE GARRISON TRIED TO SURRENDER BEFORE HE COULD TRY OUT HIS NEW TOY,DH AH G AE R IH S AH N T R AY D T UW S ER EH N D ER B IH F AO R HH IY K UH D T R AY AW T HH IH Z N UW T OY,DH AH G AE R IH S AH N T R AY D T UW S ER EH N D ER B IH F AO R HH IY G UH IH T R AY AW T HH IH Z N UW T OY,AH AH G AE R IH S V N T R AY D T UW S ER EH N D ER B IH F AO SH HH IY K UH D T OY AY AW T HH IH Z N UW T OY,DH AH G AE F EH S AH N T R K D T UW S ER EH CH D NG B UH F AO R HH IY DH UH D T R AY EY B HH IH Z N UW T OY,DH AH G AE R IH S AH N T AY D T UW S ER EH N D ER B IH F R HH IY K UH D T R AY AW T HH IH Z N UW T OY,DH AH G AE R IH S N T R AY D T UW S ER EH N D ER B IH F AO R HH K UH D T AY AW T HH IH N UW T OY,DH AH AE R S AH N T R AY D T UW S ER N D B IH F AO R HH UH D AY T HH IH Z N UW T OY,DH AH G AE R IH S AH N T R AY D T UW S ER EH N D ER B IH F AO R HH IY P K UH D T R AY AW T HH IH Z TH N UW T OY,AH DH AH G AE R IH S OY AH N T R AY D T UW S ER EH N D ER B IH F AO S R HH IY K UH D T UW R AY AW T HH IH Z N UW T OY,DH AH G AE NG R IH S AH UH N T R AY D T UW S ER EH N D ER B IH T F AO EH R HH IY AA K UH D T R B AY AW T G HH IH Z N UW IH T K OY
WHEN IT COMES TO THE ISSUE OF EQUAL MARRIAGE,W EH N IH T K AH M Z T UW DH AH IH SH UW AH V IY K W AH L M EH R IH JH,W EH N IH T K AH M Z T UW DH AH IH SH UW AH V IY K W AH L M EH R IY JH,W EH N IH T K TH M Z T UW AH AH IH SH UW S V IY K W AH L M EH R IH JH,V EH N IH T K AH Y Z T UW CH AH IH SH S AH AW IY K W AH L M EH N IH JH,EH N IH T K AH M Z T UW DH AH IH SH UW AH V IY K W AH L M EH R IH JH,W EH N IH T K M Z T UW DH IH SH UW AH V K W AH L M EH R IH JH,EH IH T K AH T UW DH AH IH SH UW AH V IY W L M EH R IH JH,W EH N IH T K AH M Z T UW DH AH IH SH UW AH V IY K W AH L M EH R V IH JH,W EH N IH T K R AH M Z T UW T DH AH IH SH UW ZH AH V IY K W AH L M EH R IH JH,W EH N ER IH T K AH M T Z T UW DH AH IH SH UW AH IY V IY K W AH ZH L M EY EH R R IH JH
AND SHE WAS BEING INTERVIEWED BY THE AMERICAN JOURNALISTS,AH N D SH IY W AA Z B IY IH NG IH N T ER V Y UW D B AY DH AH AH M EH R AH K AH N JH ER N AH L AH S T S,AH N D SH IY W AA Z B IY IH NG IH N T ER V Y UW D B AY DH AH AH M EH R AH K AH IH JH HH N AH L AH S T S,AH N D SH IY W AA Z CH IY IH NG IH IY T ER V R UW D B AY DH AH AH M EH R AH K AH N JH ER N TH L AH S T S,AH N D SH CH W AA Z B IY IH NG IH N T ER V Y UW L B AY DH AH AH AO UW R AH K S N JH SH N N L AH S T CH,AH N D SH IY W AA Z B IY IH NG IH N T ER Y UW D B AY DH AH M EH R AH K AH N JH ER N AH L AH S T S,N SH IY W AA Z B IY IH NG IH N T ER Y UW D B AY DH AH AH M EH AH K AH N JH ER N AH L AH S T S,AH SH IY W AA Z B IY IH IH N T ER V UW D B AY DH AH AH M EH R AH K N JH ER N AH S T,AH N D SH IY W AA Z B IY R IH NG IH N T ER V Y UW D B AY DH AH AH M EH R SH AH K AH N JH ER N AH L AH S T S,AH N D T SH IY W AA Z B IY IH NG IH R N T ER V IY Y UW D B AY DH AH AH M EH R AH K AH N JH ER N CH AH L AH S T S,AH N D SH EH IY DH W AA JH Z IY B IY IH UW NG IH N T ER V Y UW D V B AY DH AH AH M EH R AO AH K AH N JH ER N AH L M AH S T S
AND IT'S PERFECT FOR TONIGHT,AH N D IH T EH S P ER F EH K T F AO R T AH N AY T,AH N D IH T EH S P ER F EH K T F AW R T AH N AY T,HH N D IH T EH S P ER F EH K T F AO R T AH N EH T,AH N D IH B AH S P ER F EH K T F AO R T R UH AY T,AH N D IH T EH S P ER F EH K T F R T AH N AY T,AH N D IH T EH S P ER F EH K T F AO R N AY T,AH N D IH T S P F EH K T F R AH N AY T,AH N D IH T EH S P G ER F EH K T F AO R T AH N AY T,G AH N D Z IH T EH S P ER F EH K T F AO R T AH N AY T,AH N D T IH T EH S G P ER F EH CH K T F AO R ER T AH N AY T
ALL MY FINGERS WERE HANGING OFF,AO L M AY F IH NG G ER Z W ER HH AE NG IH NG AO F,AO L M AY F IH NG G ER G W ER HH AE NG IH NG AO F,AO L M AY F IH NG G ER ' W ER HH AE NG IH NG W F,AO L M AY L N NG G ER F W ER HH AE NG IH DH AO F,AO L M AY F IH NG G ER W ER HH AE NG IH NG AO F,AO L M AY F IH G ER Z W HH AE NG IH NG AO F,AO L AY F IH NG G ER Z W ER HH NG NG AO,AO L M AY F IH NG G UH ER Z W ER HH AE NG IH NG AO F,AO L M AY F ' IH NG G ER V Z W ER HH AE NG IH NG AO F,AW AO L M AY F IH NG G ER Z W ZH ER HH AE CH NG IH NG V AO F
IT WAS A BRUTAL EXPERIENCE,IH T W AA Z AH B R UW T AH L IH K S P IH R IY AH N S,IH T W AA Z AH B R L T AH L IH K S P IH R IY AH N S,IH T B AA Z AH B R UW T AH L IH F S P IH R IY AH N S,IH T IH AA Z AH B R CH W AH L IH K S P ER R IY AH N S,IH T W AA Z AH B R UW T AH L IH S P IH R IY AH N S,IH T AA Z AH B R UW T AH L IH S P IH R IY AH N S,IH T W AA Z AH B R UW T IH S IH R IY AH N S,IH T W AA Z AH B R UW T AH L IH K S G P IH R IY AH N S,IH T W AA Z AH B R UW T AH L IH F K S P IH AW R IY AH N S,IH T W W AA Z AH B R UW OY T AH L OY IH K S UH P IH R IY AH N S
IT SOUNDS WRONG,IH T S AW N D Z R AO NG,IH T S AW N V Z R AO NG,IH T S AW N D Z B AO NG,IH T S AW AW D Z R UH NG,IH T S AW N D Z R NG,IH T S AW N Z R AO NG,IH S AW N Z R AO NG,IH T S AW R N D Z R AO NG,IH S T S AW N D Z R AO NG,IH AO T K S AW N D Z R AO NG
GET DOWN TO YOUR LOCAL ONE,G EH T D AW N T UW Y AO R L OW K AH L W AH N,G EH CH D AW N T UW Y AO R L OW K AH L W AH N,G EH T D JH N T UW Y AO R L OW K AH UH W AH N,G EH T D AE Y T UW Y AO AW L OW K AH L W AH AA,G EH T D AW N T UW Y AO R L OW K AH W AH N,G EH T AW N T UW Y AO L OW K AH L W AH N,G EH T D AW T UW Y AO L OW AH W AH N,G EH IY T D AW N T UW Y AO R L OW K AH L W AH N,G EH T IY D T AW N T UW Y AO R L OW K AH L W AH N,G EH T D AW N T UW Y AO R EH L OW K Y AH L V W AH CH N
IN EXACT DETAIL,IH N IH G Z AE K T D IH T EY L,IH N F G Z AE K T D IH T EY L,IH N IH G Z AE K T D IH T IY L,HH N IH G Z AE K T D Y EY EY L,IH N G Z AE K T D IH T EY L,IH N IH G Z AE K T D IH T L,IH N IH G AE T D IH EY L,IH N IH IH G Z AE K T D IH T EY L,IH N IH G Z AE K T IH D IH T EY L,IH N B IH G Z AE AH K T D IH T EY TH L
AND THE MAN WHO MADE THE DISCOVERY,AH N D DH AH M AE N HH UW M EY D DH AH D IH S K AH V ER IY,AH N D DH AH M AE N HH UW M EY DH DH AH D IH S K AH V ER IY,AH N D DH AH M AE N HH UW M EY D T AH HH IH S K AH V ER IY,T N D DH AH M AE N HH UW M EY D V AH HH IH S K JH JH ER IY,AH N D DH AH M N HH UW M EY D DH AH D IH S K AH V ER IY,AH N D DH AH M AE N HH M EY D DH AH D S K AH V ER IY,AH DH AH M AE N HH UW EY D DH D IH K AH V ER IY,AH N D DH AH M AE N HH UW K M EY D DH AH D IH S K AH V ER IY,AH N D DH AH M AE N HH UW M EY D G DH AH SH D IH S K AH V ER IY,AH N D DH AW AH IY M AE N HH UH UW M M EY D DH AH D F IH S K AH V ER IY
BUT THESE ARE ONE OF THE MOST WARY BIRDS IN THE WORLD,B AH T DH IY Z AA R W AH N AH V DH AH M OW S T W EH R IY B ER D Z IH N DH AH W ER L D,B AH T DH P Z AA R W AH N AH V P AH M OW S T W EH R IY B ER D Z IH N DH AH W ER L D,B AH T DH IY Z AA R W UH N AH AO DH AH M OW S T W EH R IY B CH D Z IH N ZH AH W ER L D,B M T DH SH ZH AA R W AH N AH V DH AH M OW S T OY EH R EY B ER S Z IH N T AH W ER L D,B AH T DH IY Z AA R W AH N AH V AH M OW S W EH R IY B ER D Z IH N DH AH W ER L D,B AH T DH IY Z AA R W AH N AH V DH AH M OW S T R IY B ER IH N DH AH W ER L D,B AH T DH IY Z AA W AH N AH V DH AH M S T W R IY B ER N DH AH W ER L,B AH T DH IY D Z AA R W AH N AH V DH AH M OW S T W EH R IY B ER D Z IH N DH AH W ER L CH D,B AH T DH IY Z AA R W AO AH N AH CH V DH AH M OW S T W EH R IY B TH ER D Z IH N Z DH AH W ER L D,B AH T DH IY Z AA R D W Y AH N AH Y V DH AH M DH OW TH S T AW W UW EH R IY B ER D Z IH N DH AH W ER L D
AND THE WEATHER HAS BEEN PERFECT,AH N D DH AH W EH DH ER HH AE Z B IH N P ER F EH K T,AH N D DH AH W EH DH ER HH V Z B IH N P ER F EH K T,AH N D DH AH W EH DH M HH AE Z B UH N P ER F EH K T,AH N D DH OY W EH DH ER HH D TH B IH N P ER F EH NG T,AH D DH AH W EH DH ER HH AE Z B IH N P ER F EH K T,AH N D DH AH W EH DH ER AE Z B IH N P ER EH K T,N D DH AH W EH DH ER HH AE Z B P ER EH K T,AH N D DH AH W EH NG DH ER HH AE Z B IH N P ER F EH K T,AH N D DH AH W EH DH TH ER HH AE Z B L IH N P ER F EH K T,AH W N D DH AH AE W EH DH ER HH AW AE Z B IH N P ER F EH AA K T
HE WAS SHOT AND KILLED,HH IY W AA Z SH AA T AH N D K IH L D,HH IY W AA Z SH AA OY AH N D K IH L D,HH IY W AA ' SH AA T AH N D K IH IY D,HH SH W AA Z B AA T HH N D K IH L D,HH IY W AA Z SH AA T AH D K IH L D,HH IY Z SH AA T AH N D K IH L D,IY W Z SH AA T N D K IH L D,HH IY W AA Z SH AA T AH N D D K IH L D,HH IY W AA IY Z SH AA T AH N D K IH ' L D,HH IY W ZH AA OY Z SH AA T AH N W D K IH L D
SO WHEN THE BODY IS BROUGHT BACK,S OW W EH N DH AH B AA D IY IH Z B R AO T B AE K,S EY W EH N DH AH B AA D IY IH Z B R AO T B AE K,S OW W EH N DH AH B AA Z IY IH Z B R AO T B TH K,S OW W EH OW DH AH JH B D IY IH Z B AH AO T B AE K,S OW W EH N DH AH B AA D IY IH Z B R AO T AE K,S OW W EH N DH AH B AA D IY IH R AO T B AE K,S W EH N DH AH B AA D IY Z B T B AE K,S OW W EH N DH AO AH B AA D IY IH Z B R AO T B AE K,S OW W EH N DH AH B AA T D IY IH Z B R AO T B Y AE K,OW S OW W EH N DH AH B AA G D IY IH Z B R SH AO T JH B AE K
RISING ABOVE IT,R AY Z IH NG AH B AH V IH T,R AY Z IH NG AH OW AH V IH T,R AY R IH NG AH B AH V IH T,R AY Z IH NG AH EH AH V G T,AY Z IH NG AH B AH V IH T,R AY Z IH NG AH B AH V IH,R AY Z AH B AH V IH T,R AY Z IH NG AH OY B AH V IH T,R AY R Z IH NG AH B AH V IH T,R AY Z IH AH NG AH B AO AH V IH T
IN THE BASEMENT,IH N DH AH B EY S M AH N T,IH N DH AH B EY S M AH AA T,IH N DH AH B EY S M T N T,IH N DH AH B L S M AH ER T,IH N DH AH B S M AH N T,IH N AH B EY S M AH N T,IH N AH B EY S M N T,IH N DH AH B UW EY S M AH N T,IH N DH AH B EY S M SH AH N T,IH N SH DH AH B EY S OY M AH N T
SOMETHING LIKE A GARDEN COMPOST,S AH M TH IH NG L AY K AH G AA R D AH N K AA M P OW S T,S AH M TH IH NG L AY K AH G AA R D AH N K AA OW P OW S T,S AH M TH IH NG L AY K AH V W R D AH N K AA M P OW S T,S AH M TH IH TH L AY K UH G AA R D OY AA AW AA M P OW S T,S M TH IH NG L AY K AH G AA R D AH N K AA M P OW S T,S AH M TH IH NG L AY K AH G AA R D AH N K AA OW S T,S AH M IH NG L AY K G AA R D K AA M P OW S,S AH M TH IH NG L AY K AH G AA R D OY AH N K AA M P OW S T,S AH M TH IH NG L AY K AH UW G V AA R D AH N K AA M P OW S T,S AH M TH CH IH NG OW L AY K AH M G AA R D K AH N K AA M K P OW S T
BUYING A NEW BUILD PROPERTY SHOULD MEAN YOU DON'T HAVE ANY WORK TO DO,B AY IH NG AH N UW B IH L D P R AA P ER T IY SH UH D M IY N Y UW D UW EH N T AY HH AE V EH N IY W ER K T UW D UW,K AY IH NG AH N UW B IH L D P R AA P ER T IY SH UH D M IY N Y UW D UW EH N M AY HH AE V EH N IY W ER K T UW D UW,B AY IH NG AH N UW B IH L D P F AA P ER T IY SH UH OW M IY N G UW D UW EH Y T AY HH AE V EH N IY W ER K T UW D UW,B AY IH AY AH N UW B IH L D P R JH P T T IY CH UH D M ' N Y UW D UW EH ZH T IH HH AE V EH N V W R K T UW D UW,B AY IH AH N UW B IH L D P R AA P ER T IY SH UH D M IY N Y UW D UW EH N T AY HH AE V EH N W ER K T UW D UW,AY IH NG AH N UW B IH L D P R AA P ER T IY SH D M IY N Y D UW EH N T AY HH AE V N IY W ER K T UW D UW,IH NG AH N UW B IH L P R AA P T IY SH D M IY N Y UW D UW EH N T AY HH AE V N IY ER T D UW,B AY IH NG NG AH N UW B IH L D P R OY AA P ER T IY SH UH D M IY N Y UW D UW EH N T AY HH AE V EH N IY W ER K T UW D UW,B AY IH NG AH N UW B IH L D P F R AA P ER T IY SH UH NG D M IY N W Y UW D UW EH G N T AY HH AE V EH N IY W ER K T UW D UW,B AY IH NG AH N OY UW ZH B IH L D P R AA P NG ER T IY IY SH UH AH D M IY AY N Y UW D UW EH D N T AY G HH AE V R EH N IY W ER K T UW D UW
BORN INTO A FAMILY OF DANCERS,B AO R N IH N T UW AH F AE M AH L IY AH V D AE N S ER Z,B AO R N IH N T UW AH F AE M P L IY AH V D AE N S ER Z,B T R N IH N T UW AH F AE M AH K IY AH V D AE N S ER Z,B W R N IH N T UW AH F AE ER NG L IY AH V AO JH N S ER Z,B AO R N IH N T UW AH F AE M AH L IY V D AE N S ER Z,B AO R N IH N UW AH AE M AH L IY AH V D AE N S ER Z,B AO IH N T AH F AE M AH AH V D AE N S ER Z,B AO R N IH N T UW AH F AE M AH L IY AH V D AA AE N S ER Z,B SH AO R N IH N T UW AH F AE M AH K L IY AH V D AE N S ER Z,B AO R N IH T N S T TH UW AH F T AE M AH L IY AH V D DH AE N S ER Z
WELCOME TO THE TOWER,W EH L K AH M T UW DH AH T AW ER,W EH L K AH M T UW V AH T AW ER,W EH L K AH M T UW DH AH T OW ER,W EH L K AH M W B IY AH T AW ER,W EH L K AH M T UW AH T AW ER,W EH L K AH M UW DH AH T AW ER,W K AH M T UW DH AH AW ER,W EH L K AH M T UW DH AH T AW W ER,W EH L K AH M T UW DH AH T NG AW ER,TH W EH L K OW AH M T AW UW DH AH T AW ER
THE PERFECT FAMILY,DH AH P ER F EH K T F AE M AH L IY,DH AH P ER F EH K T F AE M AH ZH IY,DH AH P ER F EH D T F AE M AH L IY,DH M N ER F EH W T F AE M AH L IY,DH AH P ER F EH K T F AE M AH L,DH AH P ER F EH K T F AE M AH IY,DH AH P ER EH K F AE M L IY,DH AH P ER F EH SH K T F AE M AH L IY,DH AH P ER F EH D K T F AE M AH L IY,DH AH P AH ER F EH K M T F AE M AH Y L IY
HE WAS ABOUT TO FIND OUT,HH IY W AA Z AH B AW T T UW F AY N D AW T,HH IY W AA Z AH B TH T T UW F AY N D AW T,HH UH W AA Z AH B AW T T UW F AY N D D T,HH IY W OY TH AH B AW T T UW ZH AY N D AW T,HH IY W AA Z AH B AW T T UW F AY N D AW,HH IY W AA Z AH B AW T T F AY N AW T,HH IY W AA Z AH AW T UW F AY N D AW,M HH IY W AA Z AH B AW T T UW F AY N D AW T,HH TH IY W AA Z AH B AW T T UW F AY N D CH AW T,HH IY IY W AA Z AH B SH AW T Z T UW F AY N D AW T
EVERY SINGLE PERSON,EH V ER IY S IH NG G AH L P ER S AH N,EH V ER IH S IH NG G AH L P ER S AH N,EH V ER IY S S NG G AH AY P ER S AH N,CH V ER IY S IH NG G AE L P ER S M N,EH V IY S IH NG G AH L P ER S AH N,EH V ER IY S IH NG AH L P ER S AH,EH V ER IY S IH NG AH L P ER S,EH V ER IY NG S IH NG G AH L P ER S AH N,EH V ER IY S R IH NG G AH AY L P ER S AH N,HH EH CH V ER IY S IH NG G P AH L P ER S AH N
THERE IS A HUGE CROSSOVER BETWEEN THE TWO,DH EH R IH Z AH HH Y UW JH K R AO S OW V ER B IH T W IY N DH AH T UW,DH EH R IH Z AH HH Y UW JH K R AO TH OW V ER B IH T W IY N DH AH T UW,DH EH R ' Z AH HH Y UW JH K R AO S P V D B IH T W IY N DH AH T UW,DH EH R IH K AH HH Y UW JH K R AO S K TH CH B IH T W IY N DH AH ZH UW,DH R IH Z AH HH Y UW JH K R AO S OW V ER B IH T W IY N DH AH T UW,DH EH R IH Z AH Y UW JH K R AO S OW V B IH T W N DH AH T UW,DH EH R IH AH HH UW JH K R S V ER IH T W IY N DH AH T UW,DH EH R IH Z AH HH Y UW JH K R AO S OW V ER B IH T W IY N DH AH T OY UW,DH EH R OY IH Z AH HH Y UW JH K R AO S D OW V ' ER B IH T W IY N DH AH T UW,DH ER EH R IH Z AH HH Y UW JH K V R W AO S OW V ER B IH T W IY N AH DH OW AH T UW
I'LL MEET YOU AT THE PARTY,AY ' L EH L M IY T Y UW AE T DH AH P AA R T IY,OW ' L EH L M IY T Y UW AE T DH AH P AA R T IY,AY ' HH EH T M IY T Y UW AE T DH AH P AA R T IY,AY ' L EH L UH IY T Y V TH T UH AH P AA R T IY,AY ' L EH L M IY T Y UW AE T DH AH P AA T IY,AY ' L EH L IY T Y UW AE T DH AH P R T IY,AY ' EH M T Y UW AE T DH AH P AA T IY,AY ' L EH L M IY T Y UW AE T DH AH P AA R UW T IY,AY ' HH L EH SH L M IY T Y UW AE T DH AH P AA R T IY,AY ' V L EH L M IY T Y R UW AE TH T DH AH P AA R NG T IY
THIS IS A SEMIFINAL,DH IH S IH Z AH S EH M IY F AY N AH L,DH IH S IH Z OY S EH M IY F AY N AH L,DH IH S IH Z OY S EH M AW F AY N AH L,DH IH S IH N AH S EH M AA F T N AH L,DH S IH Z AH S EH M IY F AY N AH L,DH S IH Z AH S EH M IY AY N AH L,DH IH S IH AH S EH M IY F AY L,DH IH S IH Z AH S EH M IY F AY Z N AH L,DH IH S IH Z AW AH S EH M OW IY F AY N AH L,DH IH S IH CH Z AH S EH M B IY F AY N ZH AH L
IT WON'T TAKE A MOMENT,IH T W OW EH N T AY T EY K AH M OW M AH N T,IH T W OW EH SH T AY T EY K AH M OW M AH N T,IH T W OW EH N T AY T EY L AH TH OW M AH N T,IH T W AA EH N T AY T T JH AH M ZH M AH N T,IH T W OW EH T AY T EY K AH M OW M AH N T,IH T W OW EH N T AY T K AH M OW M AH T,IH T W OW EH N T AY EY AH M M AH N,IH T W OW EH N T T AY T EY K AH M OW M AH N T,IH T W OW EH N T AY T EY T K AH K M OW M AH N T,IH T W D OW EH N T AY T EY K N AH V M OW M AH L N T
AND IT WAS BUILT TOTALLY BY PUBLIC SUBSCRIPTION,AH N D IH T W AA Z B IH L T T OW T AH L IY B AY P AH B L IH K S AH B S K R IH P SH AH N,AH N D IH T W AA Z AA IH L T T OW T AH L IY B AY P AH B L IH K S AH B S K R IH P OW AH N,AH N G IH AW W AA Z B IH L T T OW T R L IY B AY P AH B L IH K S AH B S K R IH P IY AH N,AH N D Y R W AA Z B IH ER T T OW AE AH G IY B AY P AH B L AA K S AH B S B R IH P SH AH N,AH N D IH W AA Z B IH L T T OW T L IY B AY P AH B L IH K S AH B S K R IH P SH AH N,AH N D IH T AA Z B IH L T T OW T L IY B P B L IH K S AH B S K R IH P SH AH N,N D IH T W AA Z B L T T OW T AH L P AH B L IH K S AH S K IH P SH AH N,AH N D IH T W AA Z B IH L T T OW T T AH L P IY B AY P AH B L IH K S AH B S K R IH P SH AH N,AH N P D IH AW T W AA Z B IH L T T OW T F AH L IY B AY P AH B L IH K S AH B S K R IH P IY SH AH N,AH Z N D D IH T W AA Z B IH L T S T OW T AH L IY B AY P AH B L IH UH K S AH B S K R SH IH L P SH CH AH N
AND PEOPLE LIVING,AH N D P IY P AH L L IH V IH NG,AH N D P IY P AH L L Y V IH NG,AH AY D P IY P AH L L IH V IH NG,AH N P P IY OY F L L IH V IH NG,AH N D P IY P L L IH V IH NG,AH N D IY P AH L L IH V IH NG,AH N D P IY AH L IH V NG,NG AH N D P IY P AH L L IH V IH NG,AH AY N D P IY P AH L L IH V IH NG,AH N DH D P IY K P AH L ZH L IH V IH NG
HE DOESN'T OWN ME,HH IY D AH Z EH N T AY OW N M IY,HH IY D AH Z EH N T AY OW AA M IY,HH IY D AH Z EH N DH AY OW N M IY,HH IY D AH Z EH N UW AH CH N M IY,HH D AH Z EH N T AY OW N M IY,HH IY D AH Z EH N T AY OW N M,HH IY D AH Z EH T OW N M,HH IY D AH Z OW EH N T AY OW N M IY,HH IY D AH Z EH N DH T AY OW N M IY,HH IY D AH TH Z EH L N T AY Y OW N M IY
BUT IN THOSE DAYS,B AH T IH N DH OW Z D EY Z,B R T IH N DH OW Z D EY Z,B AH T IH AA DH OW Z D EY Z,B AH T L N DH OW Z T EY Z,B AH T IH N DH OW Z D Z,B AH T N DH OW Z D EY Z,B AH T IH N OW D EY Z,B AH S T IH N DH OW Z D EY Z,B AH T IH AA N DH OW Z D EY Z,B AH T IH N DH OW Z W D EY T Z
HE'S JAPANESE MADE,HH IY EH S JH AE P AH N IY Z M EY D,HH IY SH S JH AE P AH N IY Z M EY D,L IY EH S JH AE P AH N IY Z M EY D,HH IY EH S JH V SH AH EH IY Z M EY D,HH IY EH JH AE P AH N IY Z M EY D,HH IY S JH AE P AH N IY Z M EY D,HH IY EH JH AE P AH N IY Z EY,HH IY ZH EH S JH AE P AH N IY Z M EY D,K HH IY EH S JH AE P AH N IY Z M EY D,B HH IY EH S L JH AE P N AH N IY Z M EY D
WHAT HAVE YOU LEARNED,W AH T HH AE V Y UW L ER N D,W AH AH HH AE V Y UW L ER N D,IY AH T HH AE V Y UW L ER N D,W AH T HH AE M Y UW HH ER N D,W AH T HH AE V Y UW L N D,AH T HH AE V Y UW L ER N D,W AH T AE V Y UW L N D,W AH T HH AE V Y UW AA L ER N D,IY W AH T HH AE V Y UW L ER N D,W AH T HH AE V AA Y UW L JH ER N D
I'M SORRY THAT DOESN'T MEET WITH YOUR APPROVAL,AY AH M S AA R IY DH AE T D AH Z EH N T AY M IY T W IH DH Y AO R AH P R UW V AH L,AY AH M S AA R IY DH AE T D AH Z EH N T L M IY T W IH DH Y F R AH P R UW V AH L,AY AH M S AA R IY DH AE T D AH Z EH N T AY M IY T W IH D G AO R AH UW R UW V AH L,AY AH M S AA R IY F TH SH D AH JH EH N T AY K IY T W IH DH Y AO R AH P R UW F AH IY,AY AH S AA IY DH AE T D AH Z EH N T AY M IY T W IH DH Y AO R AH P R UW V AH L,AY AH S AA R IY DH AE T D AH Z EH N AY M IY T W IH DH Y AO R AH P R UW AH L,AY M S AA R IY DH AE T AH Z T AY M IY T W IH DH Y R AH R UW V AH,AY P AH M S AA R IY DH AE T D AH Z EH N T AY M IY T W IH DH Y AO AW R AH P R UW V AH L,AY AH M S AA R IY DH AE T D AH Z EH N T AY M IY T W IH UH DH G Y AO R AH D P R UW V AH L,AY AH M S AA R IY DH AE T D AH Z EH N T UH AY M DH IY T SH W IH DH Y Y AO AH R AH P R UW F V AH W L
IT SEEMED TO BE,IH T S IY M D T UW B IY,IH T S IY M D T K B IY,IH T S IY M D Y UW B IY,IH T S IY M IY T UW JH IY,IH T S IY M D UW B IY,IH T S IY M D T UW B,IH T S IY M D B IY,IH T S S IY M D T UW B IY,IH T S IY M D W T UW B IY,IH T S IY M D G T UW B D IY
HE ORDERED THEM BACK INSIDE,HH IY AO R D ER D DH EH M B AE K IH N S AY D,HH IY AO R D ER D DH EH M OW AE K IH N S AY D,HH IY AO R D EH D DH EH M B AE K IH N S AY AW,HH IY AO M D ER D DH EH M B AE D AE N S JH D,HH IY AO R D ER D DH EH M B AE K IH N S D,HH IY R D ER D DH EH M B AE K IH S AY D,IY AO R ER D DH EH M B AE IH N AY D,HH IY AO R D AH ER D DH EH M B AE K IH N S AY D,HH IY AO R D AW ER D DH EH M B AE K IH N S AY EH D,D HH OY IY AO K R D ER R D DH EH M B AE K IH N S AY D
THAT'S QUITE A LARGE LEAF,DH AE T EH S K W AY T AH L AA R JH L IY F,DH AE T EH S K W AY OY AH L AA R JH L IY F,DH AE T EH S K W Z T AH L AA TH JH L IY F,DH AE HH EH S T W AY T S L AA R JH L IY F,DH AE T EH S K W AY T AH AA R JH L IY F,DH AE T EH S K AY T AH L AA R L IY F,DH AE T EH K W AY T AH AA R L IY F,DH AE T EH S K W AY NG T AH L AA R JH L IY F,DH AE T EH S K W Y AY T AH L AA T R JH L IY F,DH AE T EH S K SH W AY T AH L AA R ZH JH L TH IY F
THERE IS NO AIR SO THERE IS NO SOUND,DH EH R IH Z N OW EH R S OW DH EH R IH Z N OW S AW N D,DH EH R IH Z N OW EH AW S OW DH EH R IH Z N OW S AW N D,DH EH R IH S N OW IH R S OW DH EH R IH Z N OW S AW N D,DH EH R IH G N AY EH G S OW DH EH R IH Z N Z S AW N D,DH EH R IH Z N OW EH S OW DH EH R IH Z N OW S AW N D,DH EH R IH Z N OW EH R S OW DH R IH N OW S AW N D,EH R Z N OW EH R S OW DH EH R Z OW S AW N D,DH EH R IH Z N OW EH R S EY OW DH EH R IH Z N OW S AW N D,DH EH R IH HH Z N OW S EH R S OW DH EH R IH Z N OW S AW N D,DH UH EH R IH SH Z N K OW EH R S OW DH EH R IH Z V N OW S AW N D
TODAY'S CONTESTANTS ARE,T AH D EY EH S K AH N T EH S T AH N T S AA R,T AH D EY EH S K AH N T EH S T AH N AA S AA R,T AH D EY EH S K AH SH T EH S T AH ' T S AA R,T AO D EY EH S K P N T EH S T AH N T AY M R,T AH D EY EH S AH N T EH S T AH N T S AA R,T AH D EY EH S K N T EH S AH N T S AA R,T AH EY S K AH N T EH S T N T S AA,T AH D EY EH S K AH N T EH S T AH K N T S AA R,T AH D EY EH S K AH S N T EH S T AH ' N T S AA R,T AH D EY EH M S K AH N T UW EH S L T AH UW N T S AA R
WE MIGHT FIND SOME MARITIME MEMORABILIA,W IY M AY T F AY N D S AH M M EH R AH T AY M M EH M ER AH B IY L Y AH,W IY M AY T F AY N D S AH M M EH R AH T AY M M EH M ER V B IY L Y AH,W IY M AY T F AY N D DH AH M M EH R AH T AY M M EH AO ER AH B IY L Y V,W IY M EH SH F AY N D S AH M M EH R W T AY M M EH P ' AH T IY L Y AH,W IY M AY T F AY N D S AH M M EH R AH T AY M M EH ER AH B IY L Y AH,W IY M AY F AY N D S AH M M EH R AH T AY M M M AH B IY L Y AH,W IY M AY T F AY N S M M EH R T AY M EH M AH B L Y AH,W IY M AY T F AY N D S NG AH M M EH R AH T AY M M EH M ER AH B IY L Y AH,W IY M AY T F AY N D AO S AH M M EH R AH T AY M M EH DH M ER AH B IY L Y UW AH,W IY M AY T F AY N D S AH M M EH R AH T AY M M IH EH G M ER ER SH AH ZH B IY L Y HH AH
ESPECIALLY AS IT RELATES TO CHILDREN,AH S P EH SH L IY AE Z IH T R IH L EY T S T UW CH IH L D R AH N,AH M P EH SH L IY AE Z IH T R IH L EY T S T UW CH IH L D R AH N,AH S P EH SH L IY AE Z IH T P IH L K T S T HH CH IH L D R AH N,AH S P EH SH L AH AE Z Y F R IH L EY T S T UW CH JH L D R AY N,AH S P EH SH L IY AE Z IH T R IH L EY T S T UW CH IH L R AH N,S P SH L IY AE Z IH T R IH L EY T S T UW CH IH L D R N,AH S EH SH L IY AE Z IH R L EY T S T UW CH D R AH N,AH S P EH SH L IY AE OY Z IH T R IH L EY T S T UW CH IH L D R AH N,AH S P EH SH L IY AE Z IH T HH R IH L P EY T S T JH UW CH IH L D R AH N,AH S P EH SH L IY M AE Z SH IH T R IH L EY T S K T UW CH IH L T D R EY AH N
SO WONDERFUL TO SEE THAT,S OW W AH N D ER F AH L T UW S IY DH AE T,S OW W AH N D ER AO AH L T UW S IY DH AE T,S OW W AH N D ER F AH OW T UW S IY EY AE T,S EH W AH N AE OY F AH L T UW S IY DH AE T,S OW W AH N D ER F AH L UW S IY DH AE T,S OW W AH N D ER AH L T UW S DH AE T,S OW W AH N D ER F AH L UW IY DH T,S OW W AH N D ER F AW AH L T UW S IY DH AE T,S OW W AH N D ER F AH NG L T UW S IY ER DH AE T,S NG OW W AH N D ER F UW AH W L T UW S IY DH AE T
THAT I'LL BE OK,DH AE T AY ' L EH L B IY OW K EY,DH AE T AY ' L EH L B IY OW K AE,DH AE T AY ' L EH AY B IY OW K EY,DH AE ' AY ' L EH AE B IY OW K JH,DH AE T ' L EH L B IY OW K EY,DH AE AY ' L EH L B IY OW K EY,DH AE T AY ' L EH IY OW EY,DH AE T AY ' L EH AA L B IY OW K EY,DH AE T AY ' L EH AY L B IY OW K EY,DH AE IY T AY ' AE L IY EH L B IY OW K EY
THERE'S NO OBVIOUS REASON,DH EH R EH S N OW AA B V IY AH S R IY Z AH N,HH EH R EH S N OW AA B V IY AH S R IY Z AH N,DH EH R EH S N OW Y B V IY AH M R IY Z AH N,DH EH R V TH N OW AA B S UW AH S R IY Z AH N,DH EH R EH S N OW AA V IY AH S R IY Z AH N,DH EH R EH S N OW AA B V IY AH S R Z N,DH EH S N OW B V AH S R IY Z AH N,DH EH R EH S N OW AA B V IY AH S R IY Z AH AH N,DH EH R EH S N OW M AA B V IY AH W S R IY Z AH N,DH EH ER R EH S N OW AA B V EY IY SH AH S R HH IY Z AH N
AS WELL AS THE GREEN MAN,AE Z W EH L AE Z DH AH G R IY N M AE N,AE Z W EH L AE AA DH AH G R IY N M AE N,AE Z W EH L AE Z DH AH JH R AA N M AE N,AE Z W EH SH AE Z DH EY G R IY N IH AE N,AE Z W EH L AE Z DH AH G R IY M AE N,AE W EH L AE Z DH G R IY N M AE N,AE Z W L AE Z DH AH R N M AE N,AE Z W EH L AE Z DH AH G R F IY N M AE N,AE Z W EH L AE Z DH AH AA G R IY IY N M AE N,AE Z W EH L AE Z DH AY AH G R IY N M CH AE IH N
BUT SHE'S NOT CONFUSED,B AH T SH IY EH S N AA T K AH N F Y UW Z D,B AH T SH G EH S N AA T K AH N F Y UW Z D,B AH T SH IY EH S N Y T K AH ' F Y UW Z D,B AH T S IY ER S N AA T HH ' N F Y UW Z D,B AH T SH EH S N AA T K AH N F Y UW Z D,B AH T IY EH S AA T K AH N F Y UW Z D,B AH IY EH S N AA T K AH Y UW Z D,B AH AE T SH IY EH S N AA T K AH N F Y UW Z D,B AH T SH IY EH S N W AA T K AH ' N F Y UW Z D,B AH AH T SH IY EH S F N AA T F K AH N F Y UW Z UH D
IT REALLY WAS THAT BAD,IH T R IH L IY W AA Z DH AE T B AE D,IH T T IH L IY W AA Z DH AE T B AE D,IH T R IH L IY W AA Z DH ZH T B AO D,IH T R IH L Y W AA Z DH AE IY EY AE D,IH T R IH L IY W AA Z DH T B AE D,IH T IH L IY W Z DH AE T B AE D,IH R IH L IY W AA Z DH B AE D,IH T R IH L IY W AA Z DH AE T AA B AE D,IH T R IH L IY W AA Z DH Z AE T B AH AE D,IH CH T R IH L AY IY SH W AA Z DH AE T B AE D
AND FOR ME THE SURPRISE WAS,AH N D F AO R M IY DH AH S ER P R AY Z W AA Z,AH N D Y AO R M IY DH AH S ER P R AY Z W AA Z,AH N D F AO R M IY DH ZH S ER P R AY F W AA Z,AH N D F AO AW M IY DH AH EH ER OW AY AY Z W AA Z,AH N D F AO R M IY DH S ER P R AY Z W AA Z,AH N D F AO R M IY DH AH S ER P R Z AA Z,N D F AO M IY DH S ER P R Z W AA Z,AH N D F AO R M ER IY DH AH S ER P R AY Z W AA Z,AH N D F AO R M IY DH Z AH S ER P R AY F Z W AA Z,IY AH N D F AO ER R M IY DH AH S ER P SH R AY Z W SH AA Z
