phonemes,target,prediction,is_homophone
AY K AH M F R AH M L AE NG K AH SH AY R,I COME FROM LANCASHIRE,I COME FROM LANCASTER,True
Y UW N OW W AH T HH IY S EH D,YOU KNOW WHAT HE SAID,YOU KNOW WHAT HE SAID,True
AW T DH EH R IH N DH AH F EH R,OUT THERE IN THE FAIR,OUT THERE IN THE FIELD,True
AE Z W AH N AH V HH IH Z F R EH N D Z D IH S K R AY B D HH IH M,AS ONE OF HIS FRIENDS DESCRIBED HIM,AS ONE OF HIS FRIENDS DESCRIBED HIM,True
IH N DH AH S IH T IY AH V D EY V IH D,IN THE CITY OF DAVID,IN THE CITY OF DAVID,True
DH EH N DH AH HH OW L P L EY S W UH D EH N T AY K AE CH AA N F AY ER,THEN THE WHOLE PLACE WOULDN'T CATCH ON FIRE,THEN THE WHOLE PLACE WON'T CATCH ON FIRE,True
AH N D AW ER G R IY N R UW M IH Z CH AA K F UH L AH V B Y UW T AH F AH L F EY S AH Z T AH N AY T,AND OUR GREEN ROOM IS CHOCK FULL OF BEAUTIFUL FACES TONIGHT,AND OUR GREEN ROOM IS CHECK FULL OF BEAUTIFUL FADES TONIGHT,True
W IH L DH AH EH K S P ER T S B IY EY B AH L T UW K IY P AW ER T IY M Z AA N DH AH S T R EY T AH N D N EH R OW AE Z DH EY B R AW Z DH IY Z V AE S T,WILL THE EXPERTS BE ABLE TO KEEP OUR TEAMS ON THE STRAIGHT AND NARROW AS THEY BROWSE THESE VAST,WILL THE EXPERTS BE ABLE TO KEEP OUR TEAMS ON THE STRAIGHT AND NEAR AS THEY BRO,True
IH T K AE N B IY K W AY T IH K S P EH N S IH V,IT CAN BE QUITE EXPENSIVE,IT CAN BE QUITE EXPENSIVE,True
W AH N D ER F AH L AE N T IY K S DH AH IH N G R IY D IY AH N T S AH V AH K L AE S IH K S EY L,WONDERFUL ANTIQUES THE INGREDIENTS OF A CLASSIC SALE,WONDERFUL ANTIQUES THE INGREDIENTS OF A CLASSIC SAUCE,True
DH EY W UH D HH AE V AH N AH M B ER AH V AY P IY S AH Z AH N D S L AY D Z AH N D TH IH NG Z DH AE T W EH N T W IH DH DH EH M AH N D L AA T S AH V,THEY WOULD HAVE A NUMBER OF EYEPIECES AND SLIDES AND THINGS THAT WENT WITH THEM AND LOTS OF,THEY WOULD HAVE AN NUMBER OF PIECES AND SLIDES AND THINGS THAT WENT WITH THEM AND LOTTS OF,True
Y UW ' V IY G AA T DH IH S L AA R JH P L AA T,YOU'VE GOT THIS LARGE PLOT,YOU'VE GOT THIS LARGE PLAT,False
B AH T D UW EH N T AY W ER IY,BUT DON'T WORRY,BUT DON'T WORRY,True
M EH N IY AH V AH S D UW M AH CH AH V AW ER R AY T IH NG AA N AH K IY B AO R D AH N D DH AH K AH M P Y UW T ER AO R DH AH S M AA R T F OW N IH Z AW ER P EY JH,MANY OF US DO MUCH OF OUR WRITING ON A KEYBOARD AND THE COMPUTER OR THE SMARTPHONE IS OUR PAGE,MANY OF US DO MUCH OF OUR WRITING ON A COMPUTER OR THE SMARTPHONE IS OUR PAYJ,True
W IY T UH K Y UW T UW DH AH M IH S T ER IY HH AW S,WE TOOK YOU TO THE MYSTERY HOUSE,WE TOOK YOU TO THE MYSTERY HOUSE,True
AY TH AO T T ER T AH L M AY T HH AE V B IH N AE N AE M F IH B IY AH N,I THOUGHT TURTLE MIGHT HAVE BEEN AN AMPHIBIAN,I THINK TURTLE MAY HAVE BEEN AN AMPHIBIAN,True
AY D UW AH G R IY W IH DH Y UW,I DO AGREE WITH YOU,I DO AGREE WITH YOU,True
DH EH R IH Z N OW EH R S OW DH EH R IH Z N OW S AW N D,THERE IS NO AIR SO THERE IS NO SOUND,THERE IS NO AIR SO THEIR IS NO SOUND,True
DH EH R IH N JH ER IY Z K AE N B IY L AY F CH EY N JH IH NG,THEIR INJURIES CAN BE LIFE CHANGING,THERE INJURIES CAN BE LIFECHANGING,True
DH EY K AE N T EH L IY CH AH DH ER AH P AA R T,THEY CAN TELL EACH OTHER APART,THEY CANTEACH OTHER UPART,True
AY IH K S P EH K T T UW S P EH N D F IH F T IY N,I EXPECT TO SPEND 15,I EXPECT TO SPEND 15,True
DH AH AA K SH AH N K AE T AH L AO G S EH Z IH T W UH D G IH V AH P AH T EH N SH AH L P ER CH AH S ER AE N AY D IY L AA P ER T UW N AH T IY T UW K AE R IY AW T,THE AUCTION CATALOGUE SAYS IT WOULD GIVE A POTENTIAL PURCHASER AN IDEAL OPPORTUNITY TO CARRY OUT,THE AUCTION CATALOGUE SAID IT WOULD GIVEN US AN ECONOMIC PURCHASER IN A,True
F R AH M CH AA R L Z K IH NG Z L IY T UW W IH L Y AH M W ER D Z W ER TH,FROM CHARLES KINGSLEY TO WILLIAM WORDSWORTH,FROM CHARLES KING TO WILLIAM WORDSWORTH,True
F AO R T UW T W AA M IH L Y AH N F AO R AH F R AE N S AH S B EY K AH N P EY N T IH NG,42 MILLION FOR A FRANCIS BACON PAINTING,FOR TWO MILLION FRANCE BECAME PAINTING,True
P IY P AH L W AA CH IH NG TH AO T HH IY W AA Z K AH M IH NG IH N AH B IH T T UW F AE S T,PEOPLE WATCHING THOUGHT HE WAS COMING IN A BIT TOO FAST,PEOPLE WATCHING THINK HE WAS COMING IN A BIT TOO FAST,True
HH IY W AA Z M AY D IH V AO R S L AO Y ER F R AH M JH AE K R AY AH N,HE WAS MY DIVORCE LAWYER FROM JACK RYAN,HE WAS MY DIVORCE LAWER FROM JACKRYNE,False
Y UW ' V IY G AA T T UW K AH M T UW W AH N AH V DH IY Z,YOU'VE GOT TO COME TO ONE OF THESE,YOU'VE GOT TO COME TO ONE OF THESE,True
DH IH S IH Z DH AH N EY M AH V DH AH G EY M,THIS IS THE NAME OF THE GAME,THIS IS THE NAME OF THE GAME,False
K L OW S T UW W EH R W IY AA R AE T DH AH M OW M AH N T,CLOSE TO WHERE WE ARE AT THE MOMENT,CLOSE TO WHERE WE ARE AT THE MOMENT,True
Y UW M AY T IH K S P EH K T S AH K S EH S F AH L AA P ER T UW N IH S T IH K AE N AH M AH L Z T UW B IY B OW L D AH N D G OW S T R EY T IH N,YOU MIGHT EXPECT SUCCESSFUL OPPORTUNISTIC ANIMALS TO BE BOLD AND GO STRAIGHT IN,YOU MAY EXPECTS SUCCESSFUL OPERATIONS TO BE BOULDEN AND GO STRAIGHT IN,True
DH AH N EY SH AH N P AO Z D F AO R AH T UW M IH N AH T S AY L AH N S,THE NATION PAUSED FOR A TWO MINUTE SILENCE,THE NAISHA POSED FOUR QUESTIONS,True
Y UW K AE N W IH N AH P T UW T W EH L V,YOU CAN WIN UP TO 12,YOU CAN WIN UP TO 12,True
HH AE V Y UW T EY K AH N Y AO R M EH D AH K EY SH AH N,HAVE YOU TAKEN YOUR MEDICATION,HAVE YOU TAKE ON YOUR MEDICATION,True
K ER AH JH AH N D K AH N V IH K SH AH N,COURAGE AND CONVICTION,CEREGUIN AND CONVICTION,False
B AH T IH F DH AH F IY D B AE K W IY ' V IY R AH S IY V D IH Z EH N IY TH IH NG T UW G OW B AY,BUT IF THE FEEDBACK WE'VE RECEIVED IS ANYTHING TO GO BY,BUT IF THE FEEDBACK WE'VE RECEIVED IS ANYTHING TO GO BY,True
D R EH D F AH L P L EY S T UW W ER K,DREADFUL PLACE TO WORK,DRILLED PLACE TO WORK,True
L EH T EH S P UH T IH T T UW DH AH T EH S T,LET'S PUT IT TO THE TEST,LET'S PUT IT TO THE TEST,True
DH AE T EH S W AH T AY AH M S EH L IH NG,THAT'S WHAT I'M SELLING,THAT'S WHAT I'M SAYING,False
AE N AW ER F AO R M IY D IY AH M R EH R,AN HOUR FOR MEDIUM RARE,AN HOUR FOR ME DEAR,True
AY W AA Z R AY T IH NG W IH DH P L EY AH W EY DH EH N AH N D AY W AA Z R AY T IH NG AO L M OW S T AO L DH AH K AA M AH D IY,I WAS WRITING WITH PLAY AWAY THEN AND I WAS WRITING ALMOST ALL THE COMEDY,I WAS WRITING WITH PLACE AWAY THEN AND I WASWRITING ALL MOST ALMOST THE COMEDY,True
N OW W EH R EH L S IH N DH AH W ER L D,NOWHERE ELSE IN THE WORLD,NOW WHERE ELSE CAN THE WORLD,True
W EH N Y UW HH IY R AW L Z K AO L IH NG,WHEN YOU HEAR OWLS CALLING,WHEN YOU HEAR CALLING,True
HH AW EH L M T R IY Z AA R R IH T ER N IH NG T UW AW ER L AE N D S K EY P AH N D T IH P S AA N M EY K IH NG EH L D ER F L AW ER SH AE M P EY N,HOW ELM TREES ARE RETURNING TO OUR LANDSCAPE AND TIPS ON MAKING ELDERFLOWER CHAMPAGNE,HOW ELSE ARE RETIRING TO OUR LANDSCAPE AND TOPICS ON MAKING ELDERFLOWER SHAMPO,True
HH IY G IH V Z AH G R IY T IH NG F R AH M SH IY HH UW IH Z IH N B AE B AH L AA N,HE GIVES A GREETING FROM SHE WHO IS IN BABYLON,HE GIVES A GREAT INCREASE FROM SHE WHO IS ENBABLED ON,True
AY K UH D EH N T AY S K IH M DH AH S IY L IH NG Z,I COULDN'T SKIM THE CEILINGS,I COULDN'T SKIM THE SEALS,True
S OW AH N AH DH ER G ER L,SO ANOTHER GIRL,SO ANOTHER GIRL,True
JH AH S T AH S EH M IY S EH T K R IY M,JUST A SEMI SET CREAM,JUST A SEMI SET CREAM,True
DH AE T W IH L B IY AO L,THAT WILL BE ALL,THAT WILL BE ALL,True
Y UW W IH N IH T F EH R AH N D S K W EH R,YOU WIN IT FAIR AND SQUARE,YOU WIN IT FAR AND SQUARE,True
IH N AA R K AH T EH K CH ER AH L T ER M Z,IN ARCHITECTURAL TERMS,IN ARCHITECTURAL TERMS,True
AY K AH EH N T AY R IH M EH M B ER,I CAN'T REMEMBER,I CAN'T REMEMBER,True
W IY ' R EY G OW IH NG T UW K IY P D UW IH NG W AH T D UW IH NG,WE'RE GOING TO KEEP DOING WHAT DOING,WE'RE GOING TO KEEP DOING WHAT DOES,True
W AA Z T EH R AH B L IY N ER V AH S W EY T IH NG T UW S IY DH AH B AY ER,WAS TERRIBLY NERVOUS WAITING TO SEE THE BUYER,WAS TERABLY NAUSEATING TO SEE THE BUYER,True
JH OY N AH S AH G EH N S UW N F AO R M AO R T R EY D S IY K R AH T S,JOIN US AGAIN SOON FOR MORE TRADE SECRETS,JOIN US AGAIN SOON FOR MORE TRADE SECRETS,True
K IH CH AH N Z AH N D TH IH NG Z L AY K DH AE T,KITCHENS AND THINGS LIKE THAT,CHEESE AND THINGS LIKE THAT,False
AH N D SH IY W AA Z AE N IH K S T R IY M L IY W EH L TH IY W UH M AH N,AND SHE WAS AN EXTREMELY WEALTHY WOMAN,AND SHE WAS AN EXTRAORDINARILY WELL THOUGHT WOMAN,True
DH AH OW L D W EY AH V DH EH M B IY IH NG T R IY T AH D W AA Z S OW IH N IH F EH K T IH V DH AE T M OW S T AH V DH EH M IY DH ER D AY D AO R,THE OLD WAY OF THEM BEING TREATED WAS SO INEFFECTIVE THAT MOST OF THEM EITHER DIED OR,THE OLD WAY OF THEM BEING TREATED WAS SO EFFECTIVE THAT MOST OF THEM THERE DECIDED TO,True
D EH B IY AH N D M AA R G ER IH T,DEBBIE AND MARGARET,DEBIE AND MARJORIT,False
AY JH AH S T N OW AY W AA N T AH D HH IH M T UW S T AA P SH AW T IH NG AE T M IY,I JUST KNOW I WANTED HIM TO STOP SHOUTING AT ME,I JUST NOUGHT HIM TO STOP SHOOTING AT ME,True
DH AH M AY T IY N IY S AA N JH T ER W AA Z AO L M OW S T HH AE F AH M IH N AH T S L OW ER,THE MIGHTY NISSAN GTR WAS ALMOST HALF A MINUTE SLOWER,THE MYTENEAN SUNGTH WAS ALL MOST HAFFAMINETS LOWER,False
IH T W AA Z EH N T AY AH TH AE NG K Y UW V EH R IY M AH CH,IT WASN'T A THANK YOU VERY MUCH,IT WASN'T UTHANKYOUVERYMUCH,True
Y UW W UH D B IY S ER P R AY Z D,YOU WOULD BE SURPRISED,YOU WOULD BE SURPRISED,True
G EH T S Y UW EH V ER IY T AY M,GETS YOU EVERY TIME,GETS YOU EVERY TIME,True
AY AH M G OW IH NG T UW G OW W AH N HH AH N D R AH D N AY N T IH F AY T ER,I'M GOING TO GO 195,I'M GOING TO GO 120 KNIGHTFIGHTER,True
AH N D AE T S AH M P OY N T DH EH N,AND AT SOME POINT THEN,AND AT SOME POINT THEN,True
D UW AY S IY F AY V EH N IY W EH R,DO I SEE FIVE ANYWHERE,DO I SEE 5 EVEN WHERE,True
W IH CH AY HH AE V AH B AW T M AY P ER S AH N HH IY R,WHICH I HAVE ABOUT MY PERSON HERE,WHICH I HAVE ABOUT MY PERSONAL HEAR,True
HH IH Z F AA DH ER W ER K T IH N F AO R D,HIS FATHER WORKED IN FORD,HIS FATHER WORKED IN FOOD,True
Y EH T S T IH L F AY N D Z DH AH T AY M T UW B IY AH S K UW L G AH V ER N ER AH N D W ER K W IH DH Y AH NG AA N T R AH P R AH N ER Z AE T DH AH B R AY T,YET STILL FINDS THE TIME TO BE A SCHOOL GOVERNOR AND WORK WITH YOUNG ENTREPRENEURS AT THE BRIGHT,YES STILL FINDS THE TIME TO BE A SCHOOL GOVERNOR AND WORK WITH YOUNG ANTROPRUNERS,True
DH IH S IH Z AH HH AA T P R AA P ER T IY,THIS IS A HOT PROPERTY,THIS IS A HOT PROPERTY,False
IH F Y UW D UW EH N T AY AH N D ER S T AE N D S AH M TH IH NG,IF YOU DON'T UNDERSTAND SOMETHING,IF YOU DON'T UNDERSTAND SOMETHING,True
Y UW ' L EH L W AA N T T UW N OW W AH T DH AH W EH DH ER W IH L B IY D UW IH NG,YOU'LL WANT TO KNOW WHAT THE WEATHER WILL BE DOING,YOU'LL WANT TO KNOW WHAT THE WEATHER WILL BE DOING,True
P OW AH T S AH N D AA R T AH S T S HH AE V AO L T R AE V AH L D TH R UW P ER TH CH ER,POETS AND ARTISTS HAVE ALL TRAVELLED THROUGH PERTHSHIRE,POTSON AND ARTHUR HAVE ALL TRAVELLED THROUGH PERCHANCE,True
AY W EH N T DH EH R B IH K AO Z AY W AA N T AH D AH D R IH NG K,I WENT THERE BECAUSE I WANTED A DRINK,I WENT THERE BECAUSE I WANTED A DRINK,True
W IH CH M EY K S HH IH M AE T HH AY R IH S K F AO R T R AE N Z P L AE N T EY SH AH N,WHICH MAKES HIM AT HIGH RISK FOR TRANSPLANTATION,WHICH MAKES HIM AT HIGH RISK FOR TRANSPORTATION,True
W IY F AY N D HH IY EH S S EH N T IH T T UW K W AY T AH N AH M B ER AH V HH IH Z CH AH M Z,WE FIND HE'S SENT IT TO QUITE A NUMBER OF HIS CHUMS,WE FIND HE'S SENT IT TO QUITE AN NUMBER OF HIS CHUMS,True
AH N D IH T W AA Z DH AH F ER S T T AY M IH N HH IH S T ER IY DH AE T AH HH AO R S F R AH M DH AH N AO R TH HH AE D W AH N AH B IH G R EY Z D AW N S AW TH,AND IT WAS THE FIRST TIME IN HISTORY THAT A HORSE FROM THE NORTH HAD WON A BIG RAISE DOWN SOUTH,AND IT WAS THE FIRST TIME IN HIS HISTORY THAT A HORSE FROM THE NORTH HAD WON A BIG PRIZE DOWN,True
W IY L AE M DH AH M AH JH AO R AH T IY AH V AW ER F L AA K IH N D AO R Z,WE LAMB THE MAJORITY OF OUR FLOCK INDOORS,WE LAUGHED THE MAGIC OF OUR FLICKER ORS,True
B AH T DH AH G R EY T TH IH NG W AA Z,BUT THE GREAT THING WAS,BUT THE GREAT THING WAS,True
AY F AW N D IH T R IH L IY IH N T R AH S T IH NG,I FOUND IT REALLY INTERESTING,I FOUND IT REALLY INTERESTING,True
IH N DH AH S AH M ER AH V N AY N T IY N F AO R T IY,IN THE SUMMER OF 1940,IN THE SUMMER OF 1944,True
AH L AA T W AA Z HH AE P AH N IH NG F AO R B R IH T AH N,A LOT WAS HAPPENING FOR BRITAIN,A LOT WAS HAPPENING FOR BRITAIN,True
AY K AH EH N T AY IY V IH N TH IH NG K AH V AH S EH N S AH B AH L AE N S ER,I CAN'T EVEN THINK OF A SENSIBLE ANSWER,I CAN'T EVEN THINK OF A SUSPENSABLE ANSWER,True
Y UW K AE N W EY T F AO R HH ER,YOU CAN WAIT FOR HER,YOU CAN WAIT FOR HER,True
W IY T R AE V AH L D AO L OW V ER DH AH P L EY S,WE TRAVELLED ALL OVER THE PLACE,WE TRAVEL ALL OVER THE PLACE,True
F ER S T TH IH NG W AA Z AH K R IH S M AH S K AA R D,FIRST THING WAS A CHRISTMAS CARD,FIRST THING WAS A CHRISTMAS CARD,False
IH T R IH L IY IH Z DH EH R,IT REALLY IS THERE,IT REALLY IS THERE,True
DH AE T W IY D UW EH N T AY M EY K S T AH F EH N IY M AO R AH N D W IY S ER T AH N L IY D UW EH N T AY M EY K V IY HH IH K AH L Z,THAT WE DON'T MAKE STUFF ANY MORE AND WE CERTAINLY DON'T MAKE VEHICLES,THAT WE DON'T MAKE STUFF ANYMORE AND WE SERVANT ONLY DO ENTICE MEALS,True
DH IH S IH Z DH AH W AH N DH AE T EH S R IH L IY G EH R AH N T IY D T UW G EH T M AY G OW T,THIS IS THE ONE THAT'S REALLY GUARANTEED TO GET MY GOAT,THIS IS THE ONE THAT'S REALLY GERMANE TO GET MY GOAT,True
AY TH IH NG K JH AH S T S T AO R IY Z DH AE T P IY P AH L,I THINK JUST STORIES THAT PEOPLE,I THINK JUST STORIES THAT PEOPLE,True
F AO R AH L AA T AH V P IY P AH L,FOR A LOT OF PEOPLE,FOR A LOT OF PEOPLE,True
IH T EH S W AH N AH V DH AH M OW S T B Y UW T AH F AH L K AA M AH N Z IH N DH AH K AH N T R IY AH N D IH T EH S K EH P T IH N SH EY P P AA R T L IY B AY DH IY Z L AH V L IY,IT'S ONE OF THE MOST BEAUTIFUL COMMONS IN THE COUNTRY AND IT'S KEPT IN SHAPE PARTLY BY THESE LOVELY,IT'S ONE OF THE MOST BEAUTIFUL COMMAS IN THE COUNTRY AND IT'S KEPT IN SHAPE,True
W IY T R AY AH N D G EH T M OW S T TH IH NG Z R AY T,WE TRY AND GET MOST THINGS RIGHT,WE TRY AND GET MOST THINGS RIGHT,True
S IH K S HH AH N D R AH D AH N D AY W AA Z W EH L AW T AH V M AY K AH M F ER T Z OW N,600 AND I WAS WELL OUT OF MY COMFORT ZONE,600 AND I WAS WELL OUT OF MY COMFORTZONE,True
M EH N IY W UH D F L AA K HH IY R JH AH S T T UW T EY K DH AH W AO T ER Z,MANY WOULD FLOCK HERE JUST TO TAKE THE WATERS,MANY WOULD FLICK HERE JUST TO TAKE THE WATER,True
DH AH ER IH JH AH N AH L K AE S AH L W AA Z B IH L T B AY AH N AO R M AH N L AO R D,THE ORIGINAL CASTLE WAS BUILT BY A NORMAN LORD,THE ORIGINAL CASEAL WAS BUILT BY AN ORMONDE LORD,True
AH SH AA P IH NG T R IH P IH N N UW Y AO R K AH N D P AA S AH B L IY,A SHOPPING TRIP IN NEW YORK AND POSSIBLY,SHOPPING TRIP IN NEW YORK AND POSSIBLY,True
W IH L HH IY G EH T DH AH P L AE N IH NG P ER M IH SH AH N,WILL HE GET THE PLANNING PERMISSION,WILL HE GET THE PLANNING PERMISSION,False
S AH M TH IH NG Z F L UW AW T,SOME THINGS FLEW OUT,SOMETHING'S FLUX,True
W AH T K AE N HH IY S EY,WHAT CAN HE SAY,WHAT CAN HE SAY,True
W IY ' D IY L AO S T AO L AW ER K R EY N Z AE Z W EH L,WE'D LOST ALL OUR CRANES AS WELL,WE'D LOSE ALL OUR CREDIT CRUNCH AS WELL,True
F R AH M DH AH AE N T IY K S R OW D SH OW T IY M AH N D AH V K AO R S,FROM THE ANTIQUES ROADSHOW TEAM AND OF COURSE,FROM THE ANTIQUE ROADSHOW TEAM AND A CHOIR,True
DH AH Y UH R AH P IY AH N S P EY S EY JH AH N S IY EH S R IY S ER CH AH N D T EH K N AA L AH JH IY S EH N T ER,THE EUROPEAN SPACE AGENCY'S RESEARCH AND TECHNOLOGY CENTRE,THE EUROPEAN SPACE AGENCY'S RESEARCH AND TECHNOLOGICAL CENTRE,False
AY D UW EH N T AY K IY P DH OW Z,I DON'T KEEP THOSE,I DON'T KEEP THOSE,True
IH T EH S K AH N JH EH S CH AH N CH AA R JH IH G Z EH M P T,IT'S CONGESTION CHARGE EXEMPT,IT'S CONNEXCHON CHARJEEZ EMPT,False
DH AH K AH N AE L IH Z AH N AY S R AH N,THE CANAL IS A NICE RUN,THE CONAL IS AN EASY RUN,False
B IH K AO Z IH T EH S B IH N T UW K OW L D,BECAUSE IT'S BEEN TOO COLD,BECAUSE IT'S BEEN TOO COLD,True
S AH M W EH R OW V ER DH EH R T UW DH AH IY S T,SOMEWHERE OVER THERE TO THE EAST,SOMEWHERE OVER THERE TO THE EAST,True
W IY ' R EY AH L IH T AH L M AO R P R IY P EH R D T UW D IY L W IH DH IH T,WE'RE A LITTLE MORE PREPARED TO DEAL WITH IT,WE'RE A LITTLE MORE PREPARED TO DEAL WITH IT,True
AY L AH V DH AH W AH N W IH DH DH AH M IH S IH NG IY R,I LOVE THE ONE WITH THE MISSING EAR,I LOVE THE ONE WITH THE MISSING E,True
P AA R T AH V DH AH T AA P G AH N JH EH N ER EY SH AH N,PART OF THE TOP GUN GENERATION,PART OF THE TOP GENERATION,False
AO R HH AE Z AH B IH G B UW T,OR HAS A BIG BOOT,OR HAS A BIG BOOB,True
B AH T W IY W IH L AH L AW DH EH M T UW R OW S T AA K S,BUT WE WILL ALLOW THEM TO ROAST OX,BUT WE WILL ALLOW THEM TO ROAST STOCKS,True
L AA T S AH V M EH M ER IY Z F AO R Y UW,LOTS OF MEMORIES FOR YOU,LOT OF MEMORIES FOR YOU,True
AY ' L EH L B IY AO F R OW D IH NG W IH DH AH D IH F ER AH N S ER AW N D DH AH SH AO R Z AH V L AA K L OW M AH N D,I'LL BE OFF ROADING WITH A DIFFERENCE AROUND THE SHORES OF LOCH LOMOND,I'LL BE OFFROADING WITH A DIFFERENCE ROUND THE SHORES OF LOCH LUOMOND,True
T UH K AO F DH AH P AY P AH N D G EY V IH T AH SH EY P AH N D AW T F EH L AH HH EH JH HH AA G W IH DH IH T S N EH S T IH NG M AH T IH R IY AH L,TOOK OFF THE PIPE AND GAVE IT A SHAPE AND OUT FELL A HEDGEHOG WITH ITS NESTING MATERIAL,TO COFFEE THE PIPE AND GIVE IT SHAPE AND OUTFELL A HEDGEHOG WITH ITS NEXT,False
W IY HH OW P Y UW K AE N JH OY N AH S DH EH N,WE HOPE YOU CAN JOIN US THEN,WE HOPE YOU CAN JOIN US THEN,True
AH N D DH AE T IH T W AA Z AH V EH R IY S EH K S IY,AND THAT IT WAS A VERY SEXY,AND THAT IT WAS A VERY SEXY,True
S AH M TH IH NG DH AE T IH Z AE B S AH L UW T L IY F R AH M DH IH S EH R IY AH,SOMETHING THAT IS ABSOLUTELY FROM THIS AREA,SOMETHING THAT IS ABSOLUTELY FROM HERE,False
JH ER M AH N AO R S AH M S K AE N D IH N EY V IY AH N P R AA D AH K T,GERMAN OR SOME SCANDINAVIAN PRODUCT,GERMAN OR SOME CANDIDATE IN A PRODUCT,True
IH T W AA Z F AO R G AY N AH K AH L AA JH AH S T S AH N D M IH D W AY V Z,IT WAS FOR GYNAECOLOGISTS AND MIDWIVES,IT WAS FOR GUINEA COLOGE JUST SUN AND MIDWIVES,True
W IY HH AE V F AO R F EY M AH S F EY S AH Z,WE HAVE FOUR FAMOUS FACES,WE HAVE FOUR FAIMS FEASES,True
Y UW S T AE N D AH G UH D CH AE N S AH V B IY IH NG EY B AH L T UW AY S AH L EY T IH N D AH V IH JH AH W AH L Z,YOU STAND A GOOD CHANCE OF BEING ABLE TO ISOLATE INDIVIDUALS,YOU STAND A GOOD CHANGE OF BEING ABLE TO ISOLATE INDIVIDUALS,True
IH F Y UW ' R EY B AY IH NG S AH M TH IH NG F AO R W AH N HH AH N D R AH D,IF YOU'RE BUYING SOMETHING FOR 100,IF YOU'RE BUYING SOMETHING FOR 120,True
Y UW D UW EH N T AY P UH SH B AH T AH N Z T UW D UW DH AE T,YOU DON'T PUSH BUTTONS TO DO THAT,YOU DON'T PUSH BUTTONS TO DO THAT,True
F R IY R EY N JH G UH D,FREE RANGE GOOD,FREE RANGE GOOD,False
AH N D W EH N AY M EH T T OW N IY,AND WHEN I MET TONY,AND WHEN I METTOWNIE,True
AY W UH D EH N T AY HH AE V S EH D W AY N,I WOULDN'T HAVE SAID WINE,I WOULDN'T HAVE SAID WHY,True
Y UW M AH S T B IY V EH R IY P R AW D,YOU MUST BE VERY PROUD,YOU MUST BE VERY PROUD,True
B OW TH AH V Y UW AA R TH R UW T UW DH AH N EH K S T K AE T AH G AO R IY AH N D TH R UW T UW DH AH S EY F Z OW N,BOTH OF YOU ARE THROUGH TO THE NEXT CATEGORY AND THROUGH TO THE SAFE ZONE,BOTH OF YOU ARE THROUGH TO THE NEXT CATEGORY AND THROUGH TOTHE SAFES ON,True
AY B IH L IY V DH AE T W IY K UH D G EH T DH EH R W IH DH IH N AH D EH K EY D,I BELIEVE THAT WE COULD GET THERE WITHIN A DECADE,I BELIEVE THAT WE COULD GET THERE WITHIN A DECADE,True
IH N M AY OW N L IH T AH L W ER L D,IN MY OWN LITTLE WORLD,IN MY OWN LITTLE WORLD,True
HH IH Z R EH R B R IY D K AE T AH L HH AE Z T EH S T AH D P AA Z AH T IH V AH G EH N,HIS RARE BREED CATTLE HAS TESTED POSITIVE AGAIN,HIS REBREED CATALOGUE HAS TESTED POSITIVE AGAIN,False
W IH CH IH Z HH EY Y AA,WHICH IS HEY YA,WHICH IS HAYEYA,True
W AA Z T UW G EH T DH AH IH N IH SH AH L IH N F ER M EY SH AH N,WAS TO GET THE INITIAL INFORMATION,WAS TO GET THE INSTITUTIONAL INFORMATION,True
Y UW Z IH NG DH AH HH AE SH T AH G,USING THE HASHTAG,USING THE HAT TAG,False
N EH V ER T UH K EH N IY B EH N AH F IH T,NEVER TOOK ANY BENEFIT,NEVER TOOK ANY BENEFIT,False
AH N D W IY W IH L S IY S AH M W IH N T R IY SH AW ER Z AH N D S K AA T L AH N D,AND WE WILL SEE SOME WINTRY SHOWERS AND SCOTLAND,AND WE WILL SEE SOME WINTRY SHOWERS ON SCOTLAND,True
S OW G OW IH NG F AO R W ER D T UW,SO GOING FORWARD TO,SO GOING FORWARD TO,True
AY AH M S EH K R AH T EH R IY AH V N AO R DH ER N P R AY D IH V EH N T S L IH M IH T IH D,I'M SECRETARY OF NORTHERN PRIDE EVENTS LTD,I'M SECRETARY OF NORTH PRIDE DIVISION SLIMMED,True
B AH T AE Z Y UW ' R EY B AE K,BUT AS YOU'RE BACK,BUT AS YOU'RE BACK,True
L IH T AH L M AA R G ER IH T D AY D IH N AO R K N IY AA N HH ER W EY T UW S K AA T L AH N D,LITTLE MARGARET DIED IN ORKNEY ON HER WAY TO SCOTLAND,LITTLE MORE IT DID IN OR KNIGHTON HER WAY TO SCOTLAND,True
DH AH S AH S P EH K T AH D R IH NG L IY D ER AH V DH AH P EH R IH S T EH R ER AH T AE K S IH Z D EH D,THE SUSPECTED RINGLEADER OF THE PARIS TERROR ATTACKS IS DEAD,THE SUSPECTED LEADER OF THE PERISHER ARCHAEOLOGICAL SOCIETY IS DEAD,False
IH T EH S AE B S AH L UW T L IY G AO R JH AH S,IT'S ABSOLUTELY GORGEOUS,IT'S ABSOLUTELY GARAGE,False
HH AE V W AH N HH Y UW JH K IH CH AH N,HAVE ONE HUGE KITCHEN,HAVE ONE HUGE CHEESECAKE,True
AY T AO K T UW M AH CH,I TALK TOO MUCH,I TOOK TWO MUCH,True
L EH T ER Z T UW DH AH P OW P,LETTERS TO THE POPE,LETTERS TO THE POPE,True
AY ' V IY K EH P T IH T B IH L OW DH AH T EH N,I'VE KEPT IT BELOW THE TEN,I'VE KEPT IT BELOW THE 10,False
AY N OW DH AE T N AW,I KNOW THAT NOW,I KNOW THAT NOW,True
D UW EH N T AY P R EH SH ER M IY S OW SH AH L IY,DON'T PRESSURE ME SOCIALLY,DON'T PRESSURE ME SO SOCIALLY,False
AY AH M HH OW P IH NG T UW K AE CH AH G L IH M P S AH V DH EH M L EY T ER TH R UW D EY V EH S T EH L AH S K OW P,I'M HOPING TO CATCH A GLIMPSE OF THEM LATER THROUGH DAVE'S TELESCOPE,I'M HOPEFULLY TOUCHING UP SOME THEATER THROUGH DAVID'S CUP,True
DH EY W ER Y UW Z IH NG IH T F AO R AH V ER AY AH T IY AH V TH IH NG Z,THEY WERE USING IT FOR A VARIETY OF THINGS,THEY WEARING IT FOR A VIEW OF THINGS,True
K W IY N K L EH M EH N T IY N AH IH Z,QUEEN CLEMENTINA IS,QUINCEMENTINE IS,False
W IH CH W AA Z DH AH HH OW M AH V AA R T AH S T S ER S T AE N L IY S P EH N S ER,WHICH WAS THE HOME OF ARTIST SIR STANLEY SPENCER,WHICH WAS THE HOME OF ARTIST STANLEY SPENCER,True
W IY HH AE V AH R UW M D EH D AH K EY T AH D IH N DH AH P AE N D AH F AH S IH L IH T IY T UW D UW DH AE T,WE HAVE A ROOM DEDICATED IN THE PANDA FACILITY TO DO THAT,WE HAVE A ROOMDEDUCATEDIN THE PANDEMIC TO DO THAT,True
S OW AE T W AH N P OY N T,SO AT ONE POINT,SO AT ONE POINT,True
B AH T HH IY R IH N W AH N D ER F AH L SH R AA P SH AY R,BUT HERE IN WONDERFUL SHROPSHIRE,BUT HERE IN WONDERFUL SHEEPSHAGNE,True
W AY AA R Y UW S EH L IH NG N AW,WHY ARE YOU SELLING NOW,WHY ARE YOU SELLING NOW,True
AW ER EH K S P ER T S HH AE V M EY D AH K R AE K IH NG S T AA R T,OUR EXPERTS HAVE MADE A CRACKING START,OUR EXPERTS HAVE MADE A CRACKING START,True
AA R Y UW N AA T S AH CH AH F AE N AH V DH AH S T EY JH DH EH N,ARE YOU NOT SUCH A FAN OF THE STAGE THEN,ARE YOU NOT SUCH A PHENOMENA OF THE STAGE THEN,True
Y UW HH AE V N OW AY D IY AH AE T AO L,YOU HAVE NO IDEA AT ALL,YOU HAVE NO IDEA AT ALL,True
AY TH IH NG K IH T EH S S AA L M W AH N HH AH N D R AH D TH ER T AH N AY N,I THINK IT'S PSALM 139,I THINK IT'S SOLM 600THURTYEIGHT,True
AO L W EY Z V EH R IY W EH L K AH M IH NG DH EH R AE Z W EH L,ALWAYS VERY WELCOMING THERE AS WELL,ALWAYS VERY WELL COMING THERE AS WELL,True
IH T HH AE D AH L AA R JH HH EH R IY K R EH S T R AH N IH NG D AW N IH T S S P AY N,IT HAD A LARGE HAIRY CREST RUNNING DOWN ITS SPINE,IT HAD A LARGE HERITAGE CHRISTENING DOWN ITS SPINE,True
AY G EH T AH L AA T AH V DH AE T AA N AH F R AY D IY N AY T IH N DH AH B AO L R UW M W IH DH DH AH JH EH N T AH L M AH N EH S IH K S K Y UW S M IY,I GET A LOT OF THAT ON A FRIDAY NIGHT IN THE BALLROOM WITH THE GENTLEMAN'S EXCUSE ME,I GET A LOT OF THAT ON FRIDAY NIGHT IN THE BALLROOM WITH THE GENERAL MAN'S EXCUSE ME,True
HH IY AE K CH AH W AH L IY TH AO T AH V DH AH IH N D IY AH N P IY P AH L AE Z D IY P R EY V D,HE ACTUALLY THOUGHT OF THE INDIAN PEOPLE AS DEPRAVED,HE ACTUALLY THOUGHT A INDIA PEOPLE AS DEPRAVED,False
S OW L AA T S T UW P L EY F AO R,SO LOTS TO PLAY FOR,SO LOT TO PLAY FOR,True
IH T EH S AH P T UW AH S T UW P R AH T EH K T DH EH M AH N D P R AH M OW T DH EH M,IT'S UP TO US TO PROTECT THEM AND PROMOTE THEM,IT'S UP TO US TO PROTECT THEM AND PROMOTE THEM,True
B AH T W EH N S AH M TH IH NG IH Z S OW S AH B L AY M,BUT WHEN SOMETHING IS SO SUBLIME,BUT WHEN SOMETHING IS SO SUBLIME,True
V EH R IY HH AY M AO R T AE L AH T IY R EY T,VERY HIGH MORTALITY RATE,VERY HIGH MORALITY RATE,True
DH EH N SH IY K AE N K IH K B AE K AH N D EH N JH OY DH AE T V Y UW,THEN SHE CAN KICK BACK AND ENJOY THAT VIEW,THEN SHE CAN COOK BACK AND ENJOY THAT VIEW,True
B AH T AY AH M G OW IH NG T UW T EY K S AH M AH V DH AH S IY D AH N D P R AA P AH G EY T DH EH M T UW K R IY EY T S AH M N UW P L AE N T S F AO R AH N AH DH ER,BUT I'M GOING TO TAKE SOME OF THE SEED AND PROPAGATE THEM TO CREATE SOME NEW PLANTS FOR ANOTHER,BUT I'M GOING TO TAKE SOME OF THE SEED AND PROPAGATE THEM TO CREATE SOMNEW PLANTS,True
IH Z DH AE T P AA S AH B AH L,IS THAT POSSIBLE,IS THAT POSSIBLE,False
B AE R IY W AA Z G IH V IH NG M IY AH T EH M P AH L M AH S AA ZH,BARRY WAS GIVING ME A TEMPLE MASSAGE,BARRE WAS GIVEN ME A TEMPLE MASS ASH,True
T EH L M IY AH B AW T DH AH F AE M AH L IY HH AW S,TELL ME ABOUT THE FAMILY HOUSE,TELL ME ABOUT THE FAMILY HOME,False
DH EH R EH S B IH N G ER L Z AH N D,THERE'S BEEN GIRLS AND,THERE'S BEEN GIRLS AND,True
W EH N Y UW S P EH N D W AH N HH AH N D R AH D AW ER Z IH N DH AH B IH Z N AH S EH V ER IY W IY K,WHEN YOU SPEND 100 HOURS IN THE BUSINESS EVERY WEEK,WHEN YOU SPEND 100 HOURS IN THE BUSINESS EVERY WEEK,True
AH N D W AH N AH V DH AH R IY Z AH N Z W AY IH T AE K CH AH W AH L IY HH AE Z S AH CH P R EH S T IY ZH IH Z DH EH R EH S AH R EH L AH T IH V L IY S M AO L AH M AW N T AH V IH T,AND ONE OF THE REASONS WHY IT ACTUALLY HAS SUCH PRESTIGE IS THERE'S A RELATIVELY SMALL AMOUNT OF IT,AND ONE OF THE REASONS WHY IT ACTUALLY HAS SUCH PRESTIGE IS THERE'S A RELAT,True
DH AE T EH S DH AH K W EH S CH AH N,THAT'S THE QUESTION,THAT'S THE QUESTION,False
HH OW P F AH L IY IH T EH S G OW IH NG T UW CH EY N JH IH N DH AH N EH K S T F Y UW W IY K S,HOPEFULLY IT'S GOING TO CHANGE IN THE NEXT FEW WEEKS,HOPEFULLY IT'S GOING TO CHANGE IN THE NEXT FEW WEEKS,True
D UW EH N T AY B L OW Y AO R T AA P,DON'T BLOW YOUR TOP,DON'T BLEW YOUR TOP,False
AY TH IH NG K DH EY W ER F AO R V IH Z AH T ER Z DH AE T W EH N T T UW B R UH K L AH N D Z,I THINK THEY WERE FOR VISITORS THAT WENT TO BROOKLANDS,I THINK THEY WAR FOR VISITORS THAT WENT TO BRUCE'S,True
AO R N EH T IH NG AH V EH N IY K AY N D,OR NETTING OF ANY KIND,OR NOT EVEN KIND,True
W IH CH IH Z IH N IH T AH L IY,WHICH IS IN ITALY,WHICH IS IN ITALIAN,True
DH EY ' R EY AH P HH IY R W AH T EH V ER DH AH W EH DH ER,THEY'RE UP HERE WHATEVER THE WEATHER,THEY'RE UP HERE WHATEVER THE WEATHER,True
W IY IH N T EH N D T UW F IH K S DH AH HH AW S AH P AH N D R EH N T IH T,WE INTEND TO FIX THE HOUSE UP AND RENT IT,WE ENDED UP FIXING THE HOUSE UP AGAIN,True
IH F Y UW K AE N R AH N AH F AA R M L AY K DH IH S,IF YOU CAN RUN A FARM LIKE THIS,IF YOU CAN RUN A FARMLIKE THIS,True
DH AH B UH SH K AA K S IH N DH AH G AA R D AH N,THE BUSH COCKS IN THE GARDEN,THE BUSSHOCKS IN THE GARDEN,True
AH N D DH EY L UH K JH AH S T L AY K DH AE T,AND THEY LOOK JUST LIKE THAT,AND THEY LOOK JUST LIKE THAT,False
W IY W UH D N AA T HH AE V HH AE D DH AH JH OY AH V S IY IH NG DH AH L EY B AW R HH AY K AH M AE N D IH N AH G R EH G Z T R AY IH NG T UW P R IY T EH N D,WE WOULD NOT HAVE HAD THE JOY OF SEEING THE LABOUR HIGH COMMAND IN A GREGGS TRYING TO PRETEND,WE WOULD NOT HAVE HAD THE JOY OF SEEING THE LABOUR HIGH COMMAND IN ACTION,True
AH B AW T F AO R T IY AH V W AH T Y UW ' V IY HH ER D AH B AW T M IY AO R IH G IY AO R AA Z IY AO R EH N IY TH IH NG L AY K DH AE T IH Z P R AA B AH B L IY T R UW,ABOUT 40 OF WHAT YOU'VE HEARD ABOUT ME OR IGGY OR OZZY OR ANYTHING LIKE THAT IS PROBABLY TRUE,ABOUT 40 OF WHAT YOU'VE HEARD ABOUT ME ORIGINALLY OR AS EARLY AS ANYTHING LIKE THAT,True
R IH L IY G R EY T S T AO R AH JH S P EY S,REALLY GREAT STORAGE SPACE,REALLY GREAT STORIES,False
AY ' D IY AO L S OW K AH N S IH D ER IH T AE N HH AH N ER,I'D ALSO CONSIDER IT AN HONOUR,I'D ALSO CONSIDER IT AN HONOUR,True
IH N AH N AA T G AA R D AH N L AY K DH IH S W AH N AE T HH AE T F IY L D,IN A KNOT GARDEN LIKE THIS ONE AT HATFIELD,IN ANNOTATED GUIDE LIKE THIS ONE AT HATFIELD,True
AY D UW EH N T AY W AA N T T UW S T AA R T W IH DH K R IH T IH S IH Z AH M,I DON'T WANT TO START WITH CRITICISM,I DON'T WANT TO START WITH CRITICISM,True
Y UW SH UH D S AO L T DH AH IH N G R IY D IY AH N T F ER S T,YOU SHOULD SALT THE INGREDIENT FIRST,YOU SHOULD SOLVE THE INGREDIENT FIRST,True
DH AH EH K S P ER T S T UW W IH L B IY T R AY IH NG T UW F AY N D S AH M TH IH NG T UW B UW S T DH EH R T IY M EH S P R AA F IH T S,THE EXPERTS TOO WILL BE TRYING TO FIND SOMETHING TO BOOST THEIR TEAM'S PROFITS,THE EXPERTS TO WILL BE TRYING TO FIND SOMETHING TO BOAST THEIR TEAM'S PROFIT,True
Y UW ' R EY W AH N IH N AH M IH L Y AH N,YOU'RE ONE IN A MILLION,YOU'RE ONE IN A MILLION,True
Y UW K AE N B IY M AY W AY F,YOU CAN BE MY WIFE,YOU CAN BE MY WIFE,True
IH F Y UW R IH L IY B IH L IY V DH AE T,IF YOU REALLY BELIEVE THAT,IF YOU REALLY BELIEVE THAT,True
S OW P L EH N T IY T UW P L EY F AO R,SO PLENTY TO PLAY FOR,SO PLEASE TO PLAY FOR,True
AY K AE N B IY M AY OW N K L AY AH N T,I CAN BE MY OWN CLIENT,I CAN BE MY OWN CLIENT,True
AH N D W EH N Y UW G EH T DH EH R,AND WHEN YOU GET THERE,AND WHEN YOU GET THERE,True
F L AE V ER AH N D T R AH D IH SH AH N,FLAVOUR AND TRADITION,FLAVOUR AND TRADEITION,False
HH IY IH Z W AH N AH V DH AH L IY D IH NG AH TH AO R AH T IY Z,HE IS ONE OF THE LEADING AUTHORITIES,HE IS ONE OF THE LEADING AUTHORS,True
DH AH L AA R JH AH S T S P IY SH IY Z AH V S EH N T IH P IY D F AW N D AA N ER TH,THE LARGEST SPECIES OF CENTIPEDE FOUND ON EARTH,THE LARGE JUSTICE OF SENATE PIED FOUND ON ARTH,False
AH N D IH T EH S AO L T UW D UW W IH DH G ER L P AW ER,AND IT'S ALL TO DO WITH GIRL POWER,AND IT'S ALL TO DO WITH GIRL POWER,True
B IH K AO Z W AO R F EH R S IY M Z T UW HH AE V B IH N EH N D EH M IH K,BECAUSE WARFARE SEEMS TO HAVE BEEN ENDEMIC,BECAUSE WARFARES TOO HAVE BEEN ENDEMIC,True
B IH K AO Z DH EY ' R EY HH AE V IH NG T UW P EY AW T M AO R M AH N IY,BECAUSE THEY'RE HAVING TO PAY OUT MORE MONEY,BECAUSE THEY'RE HAVING TO PAY OUT MORE MONEY,True
DH EH R EH S P L EH N T IY M AO R F AO R Y UW T UW S IY,THERE'S PLENTY MORE FOR YOU TO SEE,THERE'S PLENTY MORE FOR YOU TO SEE,True
IH T EH S JH AH S T R IH L IY K AA T M AY AY,IT'S JUST REALLY CAUGHT MY EYE,IT'S JUST REALLY CUTE MY EYE,True
B AH T DH IH S W AA Z AW T W EY D B AY HH IH Z T EH R AH F AY IH NG K W AA L AH T IY Z,BUT THIS WAS OUTWEIGHED BY HIS TERRIFYING QUALITIES,BUT THIS WAS OUTWIDE BY HIS TERRIFYING QUALITIES,True
N EH K S T W IY K W IY ' L EH L B IY IH N DH AH P IY K D IH S T R IH K T,NEXT WEEK WE'LL BE IN THE PEAK DISTRICT,NEXT WEEK WE'LL BE IN THE PACIFIC DISTRICT,True
AH N D F AO R HH IH Z K AH V ER AH JH AH V DH AH F ER S T G AH L F W AO R,AND FOR HIS COVERAGE OF THE FIRST GULF WAR,AND FOR HIS COVERAGE OF THE FIRST GOLF WAR,True
AY ' V IY AO L W EY Z F AW N D DH AH B EH S T W EY T UW R IH L IY V P R EH SH ER IH Z T UW T R IY T Y ER S EH L F,I'VE ALWAYS FOUND THE BEST WAY TO RELIEVE PRESSURE IS TO TREAT YOURSELF,I'VE ALWAYS FOUND THE BEST WAY TO REALLY PRESCRIBE TO TRY YOURSELF,True
L EH T EH S HH AE V AH L UH K,LET'S HAVE A LOOK,LET'S HAVE A LOOK,True
AY AH M N AA T DH AH T AY P T UW AE K CH AH W AH L IY D UW EH N IY TH IH NG,I'M NOT THE TYPE TO ACTUALLY DO ANYTHING,I'M NOT THE TYPE TO ACTUALLY DO ANYTHING,True
AY D UW AH P R IY SH IY EY T IH T,I DO APPRECIATE IT,I DO APPRECIATE IT,True
IH T EH S G AO N F R AH M T AY ER D AH N D OW L D,IT'S GONE FROM TIRED AND OLD,IT'S GOING FROM TYRE AND OIL,False
AY F EH L T AY HH AE D AH R IY S P AA N S AH B IH L AH T IY,I FELT I HAD A RESPONSIBILITY,I FEEL TIRED RESPONSIBILITY,True
S L AY T L IY AH V DH AH L EY T TH ER T S IY Z,SLIGHTLY OF THE LATE 30S,SLIGHTLY ABOVE THE 60,False
R IH NG IH NG DH EH R HH AE N D Z,WRINGING THEIR HANDS,RINGING THEIR HANDS,True
HH IY W UH D ' V IY B IH N B IH HH EH D IH D,HE WOULD'VE BEEN BEHEADED,HE WOULD'VE BEEN BEHEADED,True
B AH T DH EY ' R EY P R IH D IH K T AH B AH L K AH N S ER V AH T IH V AH T AE K S,BUT THEY'RE PREDICTABLE CONSERVATIVE ATTACKS,BUT THEY'RE PREDECESSORATIVE TAXES,True
DH EH R EH S W AH N L AE S T P L EY S AY HH AE V T UW V IH Z AH T,THERE'S ONE LAST PLACE I HAVE TO VISIT,THERE'S ONE LAST PLACE I HAVE TO VISIT,True
AY N OW Y UW ' R EY W AA CH IH NG OW V ER M IY,I KNOW YOU'RE WATCHING OVER ME,I KNOW YOU'RE WATCHING OVER ME,True
AA N W AH T DH EY N OW AO R TH IH NG K DH EY N OW,ON WHAT THEY KNOW OR THINK THEY KNOW,ON WHAT THEY KNOW OR THINK THEY KNOW,True
DH AE T W UH D T EY K AH S B AE K W AH N HH AH N D R AH D,THAT WOULD TAKE US BACK 100,THAT WOULD TAKE US BACK 300,True
IH T W AA Z AH M EY Z IH NG DH AH IH F EH K T AH V DH AH K OW L D W EH T SH IY T AA N Y UW,IT WAS AMAZING THE EFFECT OF THE COLD WET SHEET ON YOU,IT WAS AMAZING THE EFFECT OF THE COLD WEATHER ON YOU,True
IH K S AY T AH D AH B AW T DH AH W EH D IH NG,EXCITED ABOUT THE WEDDING,EXCITED ABOUT THE WEEDING,False
AY AH M F R AH M L AH N D AH N AH N D AY AH M S T AH D IY IH NG L AO,I'M FROM LONDON AND I'M STUDYING LAW,I'M FROM ENGLAND AND I'M STUDYING LAW,True
W IY T R EY N AW ER OW N T AE L AH N T,WE TRAIN OUR OWN TALENT,WE TRAIN OUR OWN Talents,True
W IY ' R EY AA N DH AH EH JH AH V DH AH AH B IH S,WE'RE ON THE EDGE OF THE ABYSS,WE'RE ON THE EDGE OF THE ABIS,False
F AO R DH AH S AO R T AH V M IY T S W EH R Y UW N IY D M AA R B AH L IH NG,FOR THE SORT OF MEATS WHERE YOU NEED MARBLING,FOR THE SORT OF MEET WHERE YOU NEED MORBIDING,True
AY TH IH NG K Y UW D UW HH AE V T UW HH AE V DH AE T AH L T AH M AH T D IH S IH ZH AH N T UW M EY K,I THINK YOU DO HAVE TO HAVE THAT ULTIMATE DECISION TO MAKE,I THINK YOU DO HAVE TO HAVE THAT ATTITUDE TO MAKE,True
DH AH N AH M B ER AH V AE K S AH D AH N T S N IY D Z T UW K AH M D AW N,THE NUMBER OF ACCIDENTS NEEDS TO COME DOWN,THE NUMBER OF AXES DON'T NEED TO COME DOWN,True
SH IY W AA Z EH N T AY AH F R EY D,SHE WASN'T AFRAID,SHE WASN'T AFRAID,False
IH F Y AO R JH IY N Z AA R EH N T AY T AY T IH N AH F,IF YOUR JEANS AREN'T TIGHT ENOUGH,IF YOUR GENES AREN'T TIETINOFF,True
IH T EH S V EH R IY S IH M P AH L,IT'S VERY SIMPLE,IT'S VERY SIMPLE,True
N AW UW SH UW EY SH AH IH Z DH AH S IH T IY F R AH M W IH CH DH AH B AE T AH L SH IH P B EH L G R AA N OW S EY L D AA N IH T S F AY N AH L V OY AH JH AE T,NOW USHUAIA IS THE CITY FROM WHICH THE BATTLESHIP BELGRANO SAILED ON ITS FINAL VOYAGE AT,NOW USHA IS THE CITY FROM WHICH THE BATTLSHIP BELGRAVE ON ITS FINAL VOYAGE AT,True
DH EY N OW W AH T W IY ' R EY T AO K IH NG AH B AW T,THEY KNOW WHAT WE'RE TALKING ABOUT,THEY KNOW WHAT WE'RE TALKING ABOUT,True
AH N D DH AE T HH AE Z B IH N AH R IH L IY B AE D K AA M B AH N EY SH AH N,AND THAT HAS BEEN A REALLY BAD COMBINATION,AND THAT HAS BEEN A REALLY BAD COMBINATION,True
W EH R DH EY L AY V,WHERE THEY LIVE,WHERE THEY LIVE,True
B AH T DH EY HH AE V AH HH OW L AH V CH AE N AH L AE Z W EH L,BUT THEY HAVE A WHOLE UV CHANNEL AS WELL,BUT THEY HAVE A HOLIDAY CHANNEL AS WELL,True
AH N D K W AY T F R AE NG K L IY AY W UH D EH N T AY W AA N T T UW,AND QUITE FRANKLY I WOULDN'T WANT TO,AND QUITE FRANKLY I WON'T WANT TO,True
W ER K S W IH DH Y AH NG P IY P AH L T UW HH EH L P DH EH M AH N D ER S T AE N D DH AH K AA Z AH Z AH N D K AA N S AH K W EH N S AH Z AH V K AA N F L IH K T,WORKS WITH YOUNG PEOPLE TO HELP THEM UNDERSTAND THE CAUSES AND CONSEQUENCES OF CONFLICT,WORKS WITH YOUNG PEOPLE TO HELP THEM UNDERSTAND THE CAUSES AND CONSEQUENCES OF CONFlict,True
B AH T HH AE V IH NG DH AE T W IH DH IH N DH AH B AA D IY AH V IH T JH AH S T M EY K S IH T DH AE T L IH T AH L B IH T M AO R K AH L EH K T AH B AH L,BUT HAVING THAT WITHIN THE BODY OF IT JUST MAKES IT THAT LITTLE BIT MORE COLLECTIBLE,BUT HAVING THAT WITHIN THE BODY OF IT JUST MAKES IT THAT LITTLE BIT MORE COLLECTABLE,True
AY AH M JH AH S T L UH K IH NG F AO R M AY P EY SH AH N T,I'M JUST LOOKING FOR MY PATIENT,I'M JUST LOOKING FOR MY PAYMENT,True
AW ER L IH V Z W IH L N EH V ER B IY DH AH S EY M AH G EH N,OUR LIVES WILL NEVER BE THE SAME AGAIN,OUR LIVES WILL NEVER BE THE SAME AGAIN,True
DH AH L AE S T T AY M W IY W ER HH IY R,THE LAST TIME WE WERE HERE,THE LAST TIME WE WERE HERE,True
W IY ' R EY T AO K IH NG AH B AW T D IH S EH P SH AH N HH IY R,WE'RE TALKING ABOUT DECEPTION HERE,WE'RE TALKING ABOUT DESPATION HERE,True
S OW DH EY ' R EY IH N W IH DH AH SH AW T DH EH R,SO THEY'RE IN WITH A SHOUT THERE,SO THEY'RE IN WITH A SHOT THERE,True
N AA T AH V EH R IY W EH L N OW N F UH T B AH L ER,NOT A VERY WELL KNOWN FOOTBALLER,NOT A VERY WELL KNOWN FOOTBALLER,True
L AE S T L IY W IY F L IH P T UW S AH M TH IH NG DH AE T IH Z IH N T AY ER L IY P L EH ZH ER AH B AH L,LASTLY WE FLIP TO SOMETHING THAT IS ENTIRELY PLEASURABLE,LASTLY WE FLIP TO SOMETHING THAT IS INTIRELY PLASERABLE,True
IY V IH N DH OW AY AH M L AH V IH NG DH IH S,EVEN THOUGH I'M LOVING THIS,EVEN THOUGH I'M LOVING THIS,False
B AH T W IY ' V IY G AA T T UW B IY F EH R T UW AO L AH V DH AH K AH N S T IH CH UW AH N T P AA R T S AH V DH AH AH K,BUT WE'VE GOT TO BE FAIR TO ALL OF THE CONSTITUENT PARTS OF THE UK,BUT WE'VE GOT TO BE FAIR TO ALL OF THE CONSTANT PARTS OF THE AUCTION,True
Y UW ' R EY V EH R IY P R AW D AH V HH IH M,YOU'RE VERY PROUD OF HIM,YOU'RE VERY PROUD OF HIM,True
DH IY Z AA R V EH R IY D IH Z AY R AH B AH L,THESE ARE VERY DESIRABLE,THESE ARE VERY DESIRABLE,True
W AH T IH T M EY W EH L D UW IH Z,WHAT IT MAY WELL DO IS,WHAT IT MAY WELL DO IS,True
W IY K AE N B IY F L EH K S AH B AH L W IH DH D EY T S,WE CAN BE FLEXIBLE WITH DATES,WE CAN BE FLICKSABLE WITH DAYS,True
Y UW SH UH D G EH T IH N DH AH R IY JH AH N AH V AH B AW T W AH N HH AH N D R AH D S IH K S T IY,YOU SHOULD GET IN THE REGION OF ABOUT 160,YOU SHOULD GET IN THE REIGN OF ABOUT 600,True
W IY IH N T R AH D UW S IY CH AH DH ER T UW IY CH AH DH ER EH S F AE M AH L IY Z AH N D W ER D AH V M AW TH,WE INTRODUCE EACH OTHER TO EACH OTHER'S FAMILIES AND WORD OF MOUTH,WE INTRODUCE EACH OTHER TO EACHOTHER'S FAMILY AND WORD OF MOUTH,True
AH N D DH AE T P AH T EH N SH AH L P ER CH AH S ER Z M EY K DH EH R OW N IH N K W AY ER IY Z AH V DH AH M AO R G AH JH L EH N D ER Z AE Z T UW W EH DH ER DH AH,AND THAT POTENTIAL PURCHASERS MAKE THEIR OWN INQUIRIES OF THE MORTGAGE LENDERS AS TO WHETHER THE,AND THAT POTENTIAL PURCHASERS MAKE THEIR OWN INQUIRIES OF THE MORE GUARDED ARE AS TO WHETHER,True
DH AE T W UH D B IH L AO NG T UW AH B AE R AH N,THAT WOULD BELONG TO A BARON,THAT WOULD BE LONG TO A BARON,True
T UW T IY M Z AH V AH P T UW F IH F T IY N P L EY ER Z T R AY T UW G EH T AH B AO L B IH T W IY N T UW S EH T S AH V IH K S T EH N D AH D G OW L P OW S T S,TWO TEAMS OF UP TO 15 PLAYERS TRY TO GET A BALL BETWEEN TWO SETS OF EXTENDED GOALPOSTS,TWO TEAMS OF 15 PLAYERS TRY TO GET ALL BITWEEN TWO SETS OF EXTENDED GOALPOSTS,True
F AO R DH IH S P R AA P ER T IY,FOR THIS PROPERTY,FOR THIS PROPERTY,True
S ER T AH N L IY W IH TH AW T DH AH IH N D IY AH N AA R M IY K AA N T R AH B Y UW SH AH N AH N D,CERTAINLY WITHOUT THE INDIAN ARMY CONTRIBUTION AND,CERTAINLY WITHOUT THE INDIA ARMY CONTRIBUTION AND,False
T UW B IY F AH N D AH D B AY DH AH L AY S AH N S F IY,TO BE FUNDED BY THE LICENCE FEE,TO BE FOUND BY THE LISENCE FE,True
IH F Y UW G OW AW T AH N D K AE CH IH T ER L IY,IF YOU GO OUT AND CATCH IT EARLY,IF YOU GO OUT AND CATCH IT EARLY,True
W AH T EH V ER AW ER F Y UW CH ER,WHATEVER OUR FUTURE,WHATEVER OUR FEWER CHILDREN,True
AH N D HH IY HH AE D HH IH Z F ER S T K AH M AE N D Z IH N DH AH W EH S T IH N D IY Z,AND HE HAD HIS FIRST COMMANDS IN THE WEST INDIES,AND HE HAD HIS FIRST COMMAND IN THE WEST INDIES,True
B IH K AO Z DH AE T W AH N T UH K S OW L AO NG F AO R HH IH M T UW D UW,BECAUSE THAT ONE TOOK SO LONG FOR HIM TO DO,BECAUSE THAT ONE TOOK SO LONG FOR HIM TO DO,True
DH AH D EY L IY M EY L W AA Z AH R IH L IY B IH G,THE DAILY MAIL WAS A REALLY BIG,THE DALE MAULE WAS A REALLY BIG,True
Y UW M EY N IY D AH N UW B AE TH R UW M,YOU MAY NEED A NEW BATHROOM,YOU MAY NEED A NEW BATROOM,True
L EH T EH S M IY T DH AH HH AO R S P AW ER,LET'S MEET THE HORSEPOWER,LET'S MEET THE HORSEPOWER,True
IH T K AY N D AH V R IH L IY T AH CH T DH AH HH AA R T,IT KIND OF REALLY TOUCHED THE HEART,IT KIND OF RELIEVED THE HEART,True
AH N D IH F W IY W AA N T AH P R AA S P ER AH S,AND IF WE WANT A PROSPEROUS,AND IF WE WANT A PROSPECTUS,True
W UH D Y UW B IY HH AE P IY S EH L IH NG IH T F AO R S IH K S,WOULD YOU BE HAPPY SELLING IT FOR 6,WOULD YOU BE HAPPY SAYING IT FOR SIX,True
DH AE T W UH D P R AA B AH B L IY B IY IY V IH N M AO R S OW,THAT WOULD PROBABLY BE EVEN MORE SO,THAT WOULD PROBABLY BE EVEN MORE SO,True
S IH N S K AA M IH K R IH L IY F S T AA R T AH D IH N N AY N T IY N EY T AY V IH F,SINCE COMIC RELIEF STARTED IN 1985,SINCE COMIC RELIEF STARTED IN 1984,True
JH OY N AH S AH G EH N F AO R M EH N IY M AO R S ER P R AY Z IH Z,JOIN US AGAIN FOR MANY MORE SURPRISES,JOIN US AGAIN FOR MANY MORE SURPRISES,True
P R OW L IH F IH K D EH K ER EY SH AH N EH V R IY W EH R,PROLIFIC DECORATION EVERYWHERE,PROLIFERATE DECORATION EVERYWHERE,False
N AA T JH AH S T T UW G EH T S AH M F R EH SH EH R,NOT JUST TO GET SOME FRESH AIR,NOT JUST TO GET SOME FRESH AIR,True
SH IY EH S S AH CH AH L AE F,SHE'S SUCH A LAUGH,SHE'S SUCH A CUTE,False
AH N D AY JH AH S T W AA N T AH D T UW N OW,AND I JUST WANTED TO KNOW,AND I JUST WANT TO KNOW,True
M AY N EY M IH Z B AA N D,MY NAME IS BOND,MY NAME IS BOB,False
W EH R Y UW HH AE V DH AH HH EH D N AA T IH N DH AH K ER EH K T AE N AH T AA M AH K AH L P AH Z IH SH AH N,WHERE YOU HAVE THE HEAD NOT IN THE CORRECT ANATOMICAL POSITION,WHERE YOU HAVE THE HEAD NOT IN THE CORRECT ANATOMICAL POSITION,True
Y UW K AE N S IY EH V AH D AH N S EH V R IY W EH R AH V AH S AH B T ER EY N IY AH N AH S AO L T,YOU CAN SEE EVIDENCE EVERYWHERE OF A SUBTERRANEAN ASSAULT,YOU CAN SEE A DENNIS SEVERE WHERE OF US ALL TOLENT,True
W IH CH W AA Z JH AH S T AE Z W EH L,WHICH WAS JUST AS WELL,WHICH WAS JUST AS WELL,True
S AH M K AA Z M EH T IH K W ER K N IY D AH D T UW S AO R T DH IH S W AH N AW T B AH T IH N T R IH N S IH K AH L IY AH G R EY T L IH T AH L P R AA P ER T IY,SOME COSMETIC WORK NEEDED TO SORT THIS ONE OUT BUT INTRINSICALLY A GREAT LITTLE PROPERTY,SOME CAUSE METICULOUS WORK NEEDS TO SORT THIS ONE OUT BUT IN TRINCEAU'S GREAT L,True
DH AH G AE P W AA Z W AY D AH S T W IH DH HH IH P R IY P L EY S M AH N T S L AE S T Y IH R,THE GAP WAS WIDEST WITH HIP REPLACEMENTS LAST YEAR,THE GAP WAS WIDEST WITH HIGH PRECISION LAST YEAR,True
AY ' V IY B IH N W EY T IH NG F AO R W AH N,I'VE BEEN WAITING FOR ONE,I'VE BEEN WAITING FOR ONE,True
AO L W EY Z HH AE V B IH N,ALWAYS HAVE BEEN,ALWAYS HAVE BEEN,True
DH AH B AA N AH V IH L S AO L T F L AE T S D UW EH N T AY F IY CH ER IH N M AY P EH D AH G R IY,THE BONNEVILLE SALT FLATS DON'T FEATURE IN MY PEDIGREE,THE BONNIE OF ISLE OF SCILLY DOESNT FEATHER IN MY PEDIGREE,True
K AO S AY AH S UW M DH AE T M EH N IY,COS I ASSUME THAT MANY,COS I USED THAT MENIE,True
L EH T EH S G OW B AA R G AH N HH AH N T IH NG,LET'S GO BARGAIN HUNTING,LET'S GO BARBARRING,False
W IY N IY D T UW T EY K DH AE T IH N T UW K AH N S IH D ER EY SH AH N,WE NEED TO TAKE THAT INTO CONSIDERATION,WE NEED TO TAKE THAT INTO CONSIDERATION,True
AY W ER K T IH N F UH T B AO L AH N D B AE S K AH T B AO L S OW AY W ER K T W IH DH K IH D Z,I WORKED IN FOOTBALL AND BASKETBALL SO I WORKED WITH KIDS,I WORKED IN FOOTBALL AND BASEKET BALL SO I WORKed WITH CHILDREN,True
W EH N DH AH T R AH S T T UH K OW V ER DH AH HH AW S,WHEN THE TRUST TOOK OVER THE HOUSE,WHEN THE TRUST TOOK OVER THE HOUSE,True
HH IY W AA Z TH IH NG K IH NG AH B AW T DH IH S V EH R IY AE B S T R AE K T P R AA B L AH M IH N DH AH F AW N D EY SH AH N Z AH V M AE TH AH M AE T IH K S,HE WAS THINKING ABOUT THIS VERY ABSTRACT PROBLEM IN THE FOUNDATIONS OF MATHEMATICS,HE WAS THINKING ABOUT THIS VERY ABSTRACT PROBLEM IN THE FOUNDATIONS OF MATHEMATICS,True
W IH CH IH Z AH K AH P AH V K AA F IY,WHICH IS A CUP OF COFFEE,WHICH IS A COUP OF Coffee,True
AY HH OW P W AH T AY G EH T W AH T AY W AA N T DH IH S Y IH R,I HOPE WHAT I GET WHAT I WANT THIS YEAR,I HOPE WHAT I GET THIS YEAR,True
AY K AH EH N T AY B IH L IY V W IY ' R EY HH IY R,I CAN'T BELIEVE WE'RE HERE,I CAN'T BELIEVE WE'RE HERE,True
W EH N W IY CH AE T AH D ER L IY ER,WHEN WE CHATTED EARLIER,WHEN WE CHATTED ONLINE,True
W AH T D UW Y UW W AA N T,WHAT DO YOU WANT,WHAT DO YOU WANT,True
DH EH R IH Z DH AE T B IH T AH V HH IH M,THERE IS THAT BIT OF HIM,THERE IS THAT BIT OF HIM,True
AA R IH N K R EH D AH B AH L HH AE B AH T AE T S AH N D,ARE INCREDIBLE HABITATS AND,ARE INCREDIBLE HABITS AND,True
AY JH AH S T S EH D IH T EH S AH B R IH L Y AH N T K AA R AH N D DH AE T W AA Z DH AH EH N D,I JUST SAID IT'S A BRILLIANT CAR AND THAT WAS THE END,I JUST SAID IT'S A BRILLIANT CAR AND THAT WAS THE END,True
AY AH M N AA T R IY AE K T IH NG,I'M NOT REACTING,I'M NOT REACTING,True
W EH N IH T IH Z G R OW IH NG AA N W AO L Z,WHEN IT IS GROWING ON WALLS,WHEN IT IS GROWING ON WALLS,True
Y UW K AE N F AY N D AO L DH AH D IH T EY L Z,YOU CAN FIND ALL THE DETAILS,YOU CAN FIND ALL THE DETAILS,True
DH IH S IH Z W EH R AO L DH AH AO R F AH N Z K AH M AE T N AY T,THIS IS WHERE ALL THE ORPHANS COME AT NIGHT,THIS IS WHERE ALL THE ORPHANS COME AT NIGHT,True
AE T W AH N P OY N T DH EH R W ER ER AW N D S EH V AH N T IY K L AH B Z IH N DH AH K AH N T R IY,AT ONE POINT THERE WERE AROUND 70 CLUBS IN THE COUNTRY,AT ONE POINT THEREWEREAROUND 70 CLUBS IN THE COUNTRY,True
W AH N K UH D R EH N T DH AH P R AA P ER T IY F AO R ER AW N D W AH N,ONE COULD RENT THE PROPERTY FOR AROUND 1,ONE COULDN'T THE PROPERTY FOR AROUND 1,True
L IH T AH L S T OW N Z AH N D D AH S T B IH N L IH D Z,LITTLE STONES AND DUSTBIN LIDS,LITTLE STONES AND DUSTBIN LIDS,False
AE Z R EH P T AY L Z D UW T AH D EY,AS REPTILES DO TODAY,AS REPTILES DO TODAY,True
B EY DH Z AO L DH AH T IH S Y UW Z IH N DH AH B AA D IY,BATHES ALL THE TISSUES IN THE BODY,BECAUSE ALL THE TEXT IS USED IN THE BODY,True
IH T IH Z P AE K T F UH L AH V DH AH V EH R IY B EH S T F OW T OW Z F R AH M DH IH S Y IH R EH S K AA M P AH T IH SH AH N,IT IS PACKED FULL OF THE VERY BEST PHOTOS FROM THIS YEAR'S COMPETITION,IT IS PACKED FULL OF THE VERY BEST FOOTBALLS FROM THIS YEAR'S COMPETITION,True
TH AE NG K S V EH R IY M AH CH,THANKS VERY MUCH,THANKS VERY MUCH,True
AH N D F AO R DH AH M OW M AH N T,AND FOR THE MOMENT,AND FOR THE MOMENT,True
Z IH R OW G AY D P R AY S M EY S IY M AH B IH T AH V AH B AA R G AH N,000 GUIDE PRICE MAY SEEM A BIT OF A BARGAIN,000 GUIDE PRICE MASSIVE BIT OF A BARGAIN,False
AY AH M HH EH D IH NG AO F S AH M W EH R S P L EH N D AH D,I'M HEADING OFF SOMEWHERE SPLENDID,I'M HEADING OFF SOMEWHERE SPLENDED,False
AY ' V IY TH AO T AH B AW T IH T,I'VE THOUGHT ABOUT IT,I'VE THOUGHT ABOUT IT,False
AH N D IH N S AY D W AA Z AH D AO G K AO L D L EY K AH,AND INSIDE WAS A DOG CALLED LAIKA,AND INSIDE WAS A DOG CALLED LAKE,False
P AE T AH N T AH D AE N IH L EH K T R AH P L EY T IH NG P R AA S EH S,PATENTED AN ELECTROPLATING PROCESS,PATENTED AN ELECTRICAL PLATING PROCESS,True
W EH R D UW Y UW HH AE V IH T,WHERE DO YOU HAVE IT,WHERE DO YOU HAVE IT,True
S OW W IY ' L EH L K AA M P AH N S EY T AH N D B AY S AH M S IH L V ER W EH R T AH D EY,SO WE'LL COMPENSATE AND BUY SOME SILVERWARE TODAY,SO WE'LL COMPENSATE AND BUY SOME SILVER TODAY,True
W IY D UW K AA R B UW T S EY L Z,WE DO CAR BOOT SALES,WE DO CARBOUT SALES,True
DH EH R EH S AH K AH P AH L AH V IH SH UW Z,THERE'S A COUPLE OF ISSUES,THERE'S A COUPLE OF ISSUES,False
DH AH B IH G K W EH S CH AH N T AH D EY IH Z,THE BIG QUESTION TODAY IS,THE BIG QUESTION TODAY IS,False
Y UW ' V IY G AA T AH B IH T AH V P R AY D IH N DH AH JH AA B AH N D IH T EH S G R EY T T UW G OW IH N DH AH P AH B AH V AH F R AY D IY N AY T AH N D S AH M B AA D IY,YOU'VE GOT A BIT OF PRIDE IN THE JOB AND IT'S GREAT TO GO IN THE PUB OF A FRIDAY NIGHT AND SOMEBODY,YOU'VE GOT A BIT OF PRIDE IN THE JOB AND IT'S GREAT TO GO INTO THE PUB AFTER A FR,True
DH EY W UH D EH N T AY B IY AE T K AA M AH D IY,THEY WOULDN'T BE AT COMEDY,THEY WOULDN'T BE AT COMEDY,True
AY W AA Z HH OW P IH NG F AO R AH K W AY AH T D EY,I WAS HOPING FOR A QUIET DAY,I WAS HOPING FOR A QUIET DAY,True
IH F AH W EY F AO R T UW L AO NG,IF AWAY FOR TOO LONG,IF A WAY FOR TOO LONG,True
N AY N TH AW Z AH N D W ER CH AE F IH N CH IH Z,9000 WERE CHAFFINCHES,9000W CHEF INCHES,False
W EH R EH L S K UH D F L AA G IH T B IY,WHERE ELSE COULD FLOG IT BE,WHERE ELSE COULD IT BE,True
IH T EH S G OW IH NG T UW K AA S T AH L AA T AH V M AH N IY T UW IH K S T EH N D AH N D AY M IY N AH L AA T AH V M AH N IY,IT'S GOING TO COST A LOT OF MONEY TO EXTEND AND I MEAN A LOT OF MONEY,IT'S GOING TO COST ALLOT OF MONEY TO EXTEND AND IMME DIATELY AFTER ME,True
SH IY K AE N K L AY M AH P DH AH CH IH M N IY,SHE CAN CLIMB UP THE CHIMNEY,SHE CAN CLIMB UP THE CHEMINIE,True
DH EY ' R EY AO L HH IY R AH N D DH EY ' R EY B Y UW T AH F AH L,THEY'RE ALL HERE AND THEY'RE BEAUTIFUL,THEY'RE ALL HERE AND THEY'RE BEAUTIFUL,True
IH N DH AH S P R IH NG AH N D S AH M ER,IN THE SPRING AND SUMMER,IN THE SPRING AND SUMMER,True
IH F AY W AA Z T UW B AY DH AH P R AA P ER T IY,IF I WAS TO BUY THE PROPERTY,IF I WAS TO BUY THE PROPERTY,True
AY M IY N HH IY IH Z AH K L EH V ER M AE N,I MEAN HE IS A CLEVER MAN,I MEAN HE IS A CLEVER MAN,True
W AH T EH S N AA T T UW L AY K,WHAT'S NOT TO LIKE,WHAT'S NOT TO LIKE,True
AY TH IH NG K IH T M IY N Z Y UW ' R EY P AA S AH B L IY OW V ER W ER K IH NG,I THINK IT MEANS YOU'RE POSSIBLY OVERWORKING,I THINK IT MEANS YOU'RE POSSIBLY OVERWORKING,True
DH AH K AE P T AH N Z W IH L HH AE V S IH K S T IY S EH K AH N D Z T UW D IH S K R AY B AH N AH M B ER AH V OW L IH M P IH K T ER M Z,THE CAPTAINS WILL HAVE 60 SECONDS TO DESCRIBE A NUMBER OF OLYMPIC TERMS,THE CAPTAINS WILL HAVE 60 SECONDS TO DISCRIMINATE NUMBER OF OLYMPIC TERMS,True
S T AE N T AH N EH N JH AH N IH R IH NG W AA Z B R AW N F IY L D AH N D,STANTON ENGINEERING WAS BROWNFIELD AND,STANTON ENGINERING WAS BRUNFIELD AND,False
JH AH S T B IH F AO R DH AH F L AH D K EY M,JUST BEFORE THE FLOOD CAME,JUST BEFORE THE FLOOD CAME,False
Y UW D UW DH AE T L EY T ER,YOU DO THAT LATER,YOU DO THAT LATER,True
DH AE T EH S AH B AW T R AY T,THAT'S ABOUT RIGHT,THAT'S ABOUT RIGHT,True
AY G AA T B IH G B IH R D,I GOT BIG BEARD,I GOT BIG BIRD,True
W EH DH ER B IH T S AH V IH T W ER W ER K IH NG P R AA P ER L IY AH N D DH AE T,WHETHER BITS OF IT WERE WORKING PROPERLY AND THAT,WHETHER BITS OF IT WERE WORKING PROPERLY AND THAT,True
AY HH OW P Y UW ' V IY EH N JH OY D DH AH SH OW,I HOPE YOU'VE ENJOYED THE SHOW,I HOPE YOU'VE ENJOYED THE SHOW,True
W EH N Y UW L UH K IH N F R AH M DH AH AW T S AY D,WHEN YOU LOOK IN FROM THE OUTSIDE,WHEN YOU LOOK IN FROM THE OUTSIDE,True
DH AH S T IH NG G R EY OW L IH M P IH K S,THE STINGRAY OLYMPICS,THE STINGRAY OLIMPICS,False
S OW W IY AO F ER DH IH S TH IH NG K AO L D AH P R AH P OW Z AH L S ER V AH S,SO WE OFFER THIS THING CALLED A PROPOSAL SERVICE,SO WE OFFER THIS THINK CALLED A PROPOSAL SERVICE,True
W EH L D AH N DH AE T M AE N AA N DH AH R AA S T R AH M,WELL DONE THAT MAN ON THE ROSTRUM,WELL DONE THAT MAN ON THE ROAST BEEF,True
W IY HH AE V M AO R F R IY D AH M DH AE N Y UW M AY T TH IH NG K,WE HAVE MORE FREEDOM THAN YOU MIGHT THINK,WE HAVE MORE FREEDOM THAN YOU MAY THINK,True
DH AH N AY S ER AY TH IH NG K IH T L UH K S,THE NICER I THINK IT LOOKS,THE NISSARITHINGKIT LOOKS,True
AE S K Y ER S EH L F DH AH K W EH S CH AH N,ASK YOURSELF THE QUESTION,AS CERES SELF THE QUESTION,False
W AY L IH T EH S AO R B AH T IH NG IH T AO L S OW T IH L T S AA N IH T S AE K S AH S V EH R IY S L OW L IY OW V ER TH AW Z AH N D Z AH V,WHILE IT'S ORBITING IT ALSO TILTS ON ITS AXIS VERY SLOWLY OVER THOUSANDS OF,WHILE IT'S ORBITING IT ALSO TILTS ON ITS AXIS VERY SLOWLY OVER 100S OF,True
M EY B IY DH AE T W AA Z DH AH AY D IY AH,MAYBE THAT WAS THE IDEA,MAYBE THAT WAS THE IDEA,False
S OW IH T Y UW Z D T UW G R OW S OW W EH L,SO IT USED TO GROW SO WELL,SO IT USED TO GROW SO WELL,True
DH AH V AE L Y UW AE Z W EH L,THE VALUE AS WELL,THE VALUE AS WELL,False
DH IH S IH Z K AH N T R IY T R AE K S,THIS IS COUNTRY TRACKS,THIS IS COUNTRY TRACKS,False
AH N D Y UW AH N D HH IH M,AND YOU AND HIM,AND YOU UND HIM,True
W EH N HH IY R OW T IH T,WHEN HE WROTE IT,WHEN HE ROTTED,True
HH AE D IH T B IH N N AH M B ER T EH N DH AE T W AA Z K AH M P L EY N IH NG,HAD IT BEEN NUMBER 10 THAT WAS COMPLAINING,HAD IT BEEN NUMBER 10 THAT WAS COMPLAINTING,True
Y UW K AE N S T IH L Y UW S IH T,YOU CAN STILL USE IT,YOU CAN STILL USE IT,True
HH IY ' L EH L T ER N AH P W EH N IH T EH S N EH S AH S EH R IY F AO R HH IH M T UW T ER N AH P AH N D D UW P AH B L IH S AH T IY AO R W AH T EH V ER IH T IH Z,HE'LL TURN UP WHEN IT'S NECESSARY FOR HIM TO TURN UP AND DO PUBLICITY OR WHATEVER IT IS,HE'LL TURN UP WHEN IT'S NECESSARY FOR HIM TO TURN UP AND DO PUBLICITY OR WHATEVER,True
DH EH R AA R AE N AA F AH L L AA T AH V P IY P AH L W IH DH Y EH L OW D AO R Z AH N D W AO L Z,THERE ARE AN AWFUL LOT OF PEOPLE WITH YELLOW DOORS AND WALLS,THERE ARE AN OFFICIAL LOT OF PEOPLE WITH YELLOW DOORS AND WALLS,True
IH T EH S N EH V ER G OW IH NG T UW B IY AE Z G UH D,IT'S NEVER GOING TO BE AS GOOD,IT'S NEVER GOING TO BE AS GOOD,True
W AY AA R Y UW G OW IH NG OW V ER DH EH R,WHY ARE YOU GOING OVER THERE,WHY ARE YOU GOING OVER THERE,True
W IY JH AH S T K AE N N EH V ER T EH L,WE JUST CAN NEVER TELL,WE JUST CAN NEVER Tell,True
L ER N D S AH M N UW TH IH NG Z AE Z W EH L,LEARNED SOME NEW THINGS AS WELL,LEARN SOMETHING AS WELL,True
B AH T S AH M TH IH NG HH AE Z IH N T ER AH P T IH D W IH DH HH IH Z L AH NG G R OW TH,BUT SOMETHING HAS INTERRUPTED WITH HIS LUNG GROWTH,BUT SOMETHING HAS INTERPRETED WITH HIS LONGROWTH,True
W IY D UW HH AE V AH HH AY N D,WE DO HAVE A HIND,WE DO HAVE A HIND,True
AH N D DH AE T HH AE P AH N Z EH V R IY W EH R N AW,AND THAT HAPPENS EVERYWHERE NOW,AND THAT HAPPENS EVERYWHERE NOW,False
IH T EH S AO L OW V ER DH AH W AO L Z,IT'S ALL OVER THE WALLS,IT'S ALL OVER THE WALLS,False
AH N D DH AH N UW K L IY ER AH B S EH SH AH N,AND THE NUCLEAR OBSESSION,AND THE NEW CLAIRVOYANCE,False
IH T EH S JH AH S T AH F AY V M IH N AH T W AO K F R AH M B AW R OW D T UW B AH N D DH AH B AW CH ER CH D L AO R,IT'S JUST A FIVE MINUTE WALK FROM BOW ROAD TUBE AND THE BOW CHURCH DLR,IT'S JUST 5 MINUTE WALK FROM BOURNE TO BIND THE BOUCHERCHD LAIR,True
G UH D R EH N T AH L AA P ER T UW N AH T IY,GOOD RENTAL OPPORTUNITY,GOODRENTEL OPERATING,False
W AH T W UH D Y UW M OW S T L AY K T UW S IY B R AO T IH N AE T W IH M B AH L D AH N,WHAT WOULD YOU MOST LIKE TO SEE BROUGHT IN AT WIMBLEDON,WHAT WOULD YOU MOST LIKE TO SEE BROUGHT IN AT WIMBLEDON,True
DH AE T EH S AH K AO R D IH NG T UW DH AH P AH L IY S W AA CH D AO G,THAT'S ACCORDING TO THE POLICE WATCHDOG,THAT'S A CORRECTING TO THE POLICE WATCHDOG,True
W AH T AH SH AE M B AH L Z,WHAT A SHAMBLES,WHAT A SAMSUNG,False
M ER D ER M IH S T ER IY TH IY AH T ER K AH M P AH N IY OW N ER,MURDER MYSTERY THEATRE COMPANY OWNER,MERDER MYSTERY 000 OWNER,False
DH AE T M AY T B IY S OW,THAT MIGHT BE SO,THAT MAYBE SO,True
IH F Y UW ' V IY G AA T M IH L Y AH N Z AH V P AW N D Z T UW S P EH N D IH N D IH S P OW Z AH B AH L K AE SH,IF YOU'VE GOT MILLIONS OF POUNDS TO SPEND IN DISPOSABLE CASH,IF YOU'VE GOT MILLIONS OF PAWNS TO SPEND IN DESPOABLE CASH,True
W IY ' V IY G AA T F AE M AH L IY DH AE T L AY V N AA T V EH R IY F AA R F R AH M HH IY R,WE'VE GOT FAMILY THAT LIVE NOT VERY FAR FROM HERE,WE'VE GOT FAMILY THAT LIVE NOT VERY FAR FROM HERE,True
K AH N S IH D ER IH NG DH AH Y IY L D,CONSIDERING THE YIELD,CONSIDERING THE YEILD,False
AY ' V IY EH N JH OY D IH T,I'VE ENJOYED IT,I'VE ENJOYED IT,False
IH F IH T HH AE D B IH N M IY,IF IT HAD BEEN ME,IF IT HAD BEEN ME,True
W IY R IH L IY D UW N IY D T UW R IY L IH N DH AH B IH D ER Z,WE REALLY DO NEED TO REEL IN THE BIDDERS,WE REALLY DO NEED TO REALIGN THE BEDDERS,True
IH N DH AH T AW N S EH N T ER,IN THE TOWN CENTRE,IN THE TOWN CENTRE,True
AY TH IH NG K Y UW ' D IY S EY DH AE T HH AA R T K AE R IY Z DH AH D EY,I THINK YOU'D SAY THAT HEART CARRIES THE DAY,I THINK YOU'D SAY THAT HEART CAREZ THE DAY,True
W AY T HH IH M S EH L F F L UW R IY K AA N AH S AH N S M IH SH AH N Z,WHITE HIMSELF FLEW RECONNAISSANCE MISSIONS,WHY HIMSELF FLORIDA CONCENTRATIONS,True
DH AH R OW D IH T S EH L F IH Z AH T R AE K T IH V,THE ROAD ITSELF IS ATTRACTIVE,THE ROAD ITSELF EXHIBITS A TREACTIVE,True
W EH L K AH M T UW DH AH SH OW W EH R AH T IY M AH V F AY V K W IH Z CH AE L AH N JH ER Z P IH T DH EH R W IH T S AH G EH N S T P AA S AH B L IY DH AH,WELCOME TO THE SHOW WHERE A TEAM OF FIVE QUIZ CHALLENGERS PIT THEIR WITS AGAINST POSSIBLY THE,WELL COME TO THE SHOW WHERE A TEAM OF 5 QUIZCHALLENGERS PUT THEIR WHITS AGAINST POSS,True
IH N AO L S IH R IY AH S N AH S,IN ALL SERIOUSNESS,IN ALL SERIOUSNESS,True
W EH R W UH D Y UW P UH T IH T IH F Y UW W ER DH AH EH N AH M IY,WHERE WOULD YOU PUT IT IF YOU WERE THE ENEMY,WHERE WOULD YOU PUT IT IF YOU WERE THE ENEMY,True
W IH CH DH EY HH AE V EH N T AY D AH N,WHICH THEY HAVEN'T DONE,WHICH THEY HAVEN'T DONE,True
DH EY ' R EY G OW IH NG T UW B IY D R IY M IH NG AH V DH AE T W AO T ER,THEY'RE GOING TO BE DREAMING OF THAT WATER,THEY'RE GOING TO BE DRINKING OF THAT WATER,True
AY ' V IY HH AE D S AH M G UH D T AY M Z N OW,I'VE HAD SOME GOOD TIMES NO,I'VE HAD SOME GOOD TIMES NOW,True
L EH T EH S HH AE V S AH M F AH N W AA CH IH NG,LET'S HAVE SOME FUN WATCHING,LET'S HAVE SOME FUN WATCHING,True
IH T W AA Z AH B IH T T AY ER D,IT WAS A BIT TIRED,IT WAS A BIT TIRED,False
Y AO R B R EY N Z AH N D M AY L UH K S,YOUR BRAINS AND MY LOOKS,YOUR BRAINS AND MY LOOKS,False
F AO R S AH M R IY Z AH N,FOR SOME REASON,FOR SOME REASON,True
P L AH S DH AH P L AE N IH NG IH Z IH N P L EY S,PLUS THE PLANNING IS IN PLACE,PLUS THE PLANNING IS IN PLACE,True
AY OW N L IY N OW W AH N AH V DH EH M B AY N EY M,I ONLY KNOW ONE OF THEM BY NAME,I ONLY KNOW ONE OF THEM BY NAME,True
IH T EH S N AA T AH S T R OW K,IT'S NOT A STROKE,IT'S NOT A STROKE,True
S AH M AH V DH AH P L EY N Z,SOME OF THE PLANES,SOME OF THE PLAINS,True
DH AH M AO R P AW ER F AH L DH AE T B IY IH NG B IH K AH M Z,THE MORE POWERFUL THAT BEING BECOMES,THE MORE POWERFUL THAT BEING BOXES,True
B AH T DH IH S M AH N TH DH EY ' R EY IH N EH D AH N B ER OW P ER F AO R M IH NG T UW R EY Z M AH N IY F AO R K AH M Y UW N AH T IY P R AA JH EH K T S B AE K HH OW M AH N D,BUT THIS MONTH THEY'RE IN EDINBURGH PERFORMING TO RAISE MONEY FOR COMMUNITY PROJECTS BACK HOME AND,BUT THIS MONEY THEY'RE INDEED A NUMBER OF PERFECTING TO RAISE MONIES FOR COMMON IT PROJECTS,True
B AH T IH F AY R AE P T DH EH M AH N D S OW L D DH EH M AE Z L AH G ZH ER IY K R AE K ER Z,BUT IF I WRAPPED THEM AND SOLD THEM AS LUXURY CRACKERS,BUT IF AIRAPT THEM AND SOLD THEM AS LEGSHERIE CRACKERS,True
AH N D AY ' V IY AO L R EH D IY F AW N D S AH M W AH N D ER F AH L AY T AH M Z,AND I'VE ALREADY FOUND SOME WONDERFUL ITEMS,AND I'VE ALREADY FOUND SOME WONDERFUL ITEMS,True
B AH T AY AH M R IH L IY P L IY Z D DH AE T DH EY ' V IY M AE N AH JH D T UW G EH T D OW S T AE T AH S,BUT I'M REALLY PLEASED THAT THEY'VE MANAGED TO GET PDO STATUS,BUT I'M REALLY PLEASED THAT THEY'VE MANAGED TO GET DOSSATUS,True
IY V IH N AE T DH IH S T AY M AH V Y IH R,EVEN AT THIS TIME OF YEAR,EVEN AT THIS TIME OF YEAR,False
AY B IH L IY V DH EH R AA R TH IH NG Z AH V N OW M AO R T AH L F L EH SH AH N D B L AH D,I BELIEVE THERE ARE THINGS OF NO MORTAL FLESH AND BLOOD,I BELIEVE THERE ARE THINGS OF NO MORE TALENT AND BLOOD,True
AH N D DH EH N DH EY S EY TH IH NG Z L AY K,AND THEN THEY SAY THINGS LIKE,AND THEN THEY SAY THINGS LIKE,True
IH F AY W AA Z EH N T AY AH CH IH L D R AH N EH S EH N T ER T EY N ER,IF I WASN'T A CHILDREN'S ENTERTAINER,IF I WASN'T A CHILDREN'S ENTERTAINER,True
S T AE N D IH NG HH AE V IH NG DH IH S AA L T ER K EY SH AH N,STANDING HAVING THIS ALTERCATION,STANDING HAVING THIS ALTERATION,False
AY AH M L IH V IH NG IH N P R EH S T AH N,I'M LIVING IN PRESTON,I'M LIVING IN PRESTON,True
W IH CH W AA Z AH B IH T S ER P R AY Z IH NG,WHICH WAS A BIT SURPRISING,WHICH WAS A BIT SURPRISING,True
Y UW HH AE V T UW D IY L W IH DH DH AH W EH DH ER DH AE T EH S DH EH R,YOU HAVE TO DEAL WITH THE WEATHER THAT'S THERE,YOU HAVE TO DEAL WITH THE WEATHER THAT'S THERE,True
AH N D AA B V IY AH S L IY DH EH N W IH DH DH IH S P R AA P ER T IY DH EH R EH S L AA T S AH V AA P SH AH N Z AH V EY L AH B AH L,AND OBVIOUSLY THEN WITH THIS PROPERTY THERE'S LOTS OF OPTIONS AVAILABLE,AND OBVIOUSLY THEN WITH THIS PROPERTY THERE'SLOTS OF OPTIONS AVAILABLE,False
IH Z AH G R EY T V ER CH UW IH N AH P AH M P K IH N AO R AH S K W AA SH,IS A GREAT VIRTUE IN A PUMPKIN OR A SQUASH,IS A GREAT VERCHU IN UP OR ASQUASH,True
S OW IH T N IY D Z AH D IH F ER AH N T SH OW,SO IT NEEDS A DIFFERENT SHOW,SO IT NEEDS A DIFFERENT SHOW,True
EH N IY TH IH NG F AO R AH L AE F,ANYTHING FOR A LAUGH,ANYTHING FOR A LAUGH,True
W IY AA R N AA T AW T S AY D AH V AW ER IH N V AY R AH N M AH N T,WE ARE NOT OUTSIDE OF OUR ENVIRONMENT,WE ARE NOT OUTSIDE OUR ENVIRONMENT,True
DH AH R OW L ER K OW S T ER AH V L AY F,THE ROLLERCOASTER OF LIFE,THEROLLER COST OF LIFE,False
DH AH N AE CH ER AH L HH OW M,THE NATURAL HOME,THE NATURAL HOME,False
W AA Z F AW N D D EH D IH N HH AY D P AA R K HH AE V IH NG SH AA T HH IH M S EH L F,WAS FOUND DEAD IN HYDE PARK HAVING SHOT HIMSELF,WAS FOUND DEAD IN HIGH PARK HAVINGSHOT HIMSELF,True
EH M P L OY M AH N T W EH R IH T EH S S K EH R S AH N D AH N UW T R IH SH AH S F AO R M AH V F UW D,EMPLOYMENT WHERE IT'S SCARCE AND A NUTRITIOUS FORM OF FOOD,EMPLOYMENT WHERE IT'S SCARCE AND A NEW TRUST IS FORMED OF FOOD,True
W AH N AH V DH AH G R EY T M EY K ER Z AH V DH AH EY T IY N TH S EH N CH ER IY,ONE OF THE GREAT MAKERS OF THE 18TH CENTURY,ONE OF THE GREAT MAKERS OF THE 19TH CENTURY,True
DH EY EH N JH OY DH AH F OY B AH L Z,THEY ENJOY THE FOIBLES,THEY ENJOY THE FOOLS,False
DH AE T EH S G OW IH NG T UW T EY K S AH M T AY M AW T AE Z W EH L,THAT'S GOING TO TAKE SOME TIME OUT AS WELL,THAT'S GOING TO TAKE SOME TIME OUT AS WELL,True
IH F Y UW ' R EY D IH P R EH S T,IF YOU'RE DEPRESSED,IF YOU'RE DEPRESSED,False
DH IH S IH Z AH L AH V L IY,THIS IS A LOVELY,THIS IS A LOVELY,False
S AH M TH IY T R IH K S AH N D AO L S OW,SOME THEATRICS AND ALSO,SOME THREE AND ALSO,True
AY HH AE V EH V R IY TH IH NG IH N R AY T IH NG AH N D IH F DH EY G IH V M IY AH K W OW T EY SH AH N,I HAVE EVERYTHING IN WRITING AND IF THEY GIVE ME A QUOTATION,I HAVE EVERYTHING IN WRITING AND IF THEY GIVE ME A QUESTION,True
W IH CH W AA Z N OW T AO R IY AH S L IY N OW N AE Z DH AH D EH TH R EY L W EY,WHICH WAS NOTORIOUSLY KNOWN AS THE DEATH RAILWAY,WHICH WAS NOTORIOUSLY KNOWN AS THE DEATH RAILWAY,True
IH T EH S B IH N S AH M T AY M Z S ER P R AY Z IH NG AH N D,IT'S BEEN SOMETIMES SURPRISING AND,IT'S BEEN SOME TIMES SURPRISING AND,True
DH AH R EH V ER AH N D W IH L Y AH M W IH L Y AH M Z,THE REVEREND WILLIAM WILLIAMS,THE REVEREND WILLIAM WILMOT,False
AO R DH AH S AE M UH R AY S T AO R IY AH N D IH N HH IY G OW Z,OR THE SAMURAI STORY AND IN HE GOES,OR THE SAME URINARY SYSTEM AND IN HE GOES,True
AY AH M V EH R IY R IH L IY V D,I'M VERY RELIEVED,I'M VERY RELIEVED,True
AH F AH M IH L Y ER F EY S T UW S K AY AE T N AY T V Y UW ER Z,A FAMILIAR FACE TO SKY AT NIGHT VIEWERS,000 MILLION POUNDS TO SKYE AT NIGHT VIEWERS,True
K AE N AY D UW IH T AA N M AY OW N,CAN I DO IT ON MY OWN,CAN I DO IT ON MY OWN,True
B IH K AO Z DH AH M Y UW Z IH K IH Z V EH R IY F AE S T,BECAUSE THE MUSIC IS VERY FAST,BECAUSE THE MOUSE IS VERY FAST,True
AY W IH SH AY K UH D HH AE V D AH N AH L IH T AH L M AO R P R EH P ER EY SH AH N,I WISH I COULD HAVE DONE A LITTLE MORE PREPARATION,I WISH I COULD HAVE DONE AN ITALIAN MORE PREPARATION,True
DH EY ' R EY M AY N ER F L AO Z,THEY'RE MINOR FLAWS,THEY'RE MINOR FLUX,True
EH V R IY W AH N HH IY R IH Z M EY D T UW F IY L S EY F,EVERYONE HERE IS MADE TO FEEL SAFE,EVERYONE HERE IS MADE TO FEEL SAFE,True
W AY AA R Y UW S T AA P IH NG IH N DH AH M IH D AH L AH V AH B R IH JH,WHY ARE YOU STOPPING IN THE MIDDLE OF A BRIDGE,WHY ARE YOU STOPPING IN THE MIDLE OF A BRIDGE,True
W IY W ER R AH N IH NG AW T AH V AO R D ER Z,WE WERE RUNNING OUT OF ORDERS,WE WERE RUNNING OUT OF ORDERS,True
AH N D K W AY T AO F AH N,AND QUITE OFTEN,AND QUITE OFTEN,False
N AA T AH T R EY N D AA R K T IH K N EY V AH L W AO R F EH R S P EH SH AH L AH S T,NOT A TRAINED ARCTIC NAVAL WARFARE SPECIALIST,NOT A TRAIN DARK KNIGHT CAVALRY WARFARE SPECIALIST,True
AH N D W AO R AH N DH EH N R IH M EH M B ER D M IY F R AH M DH AE T,AND WARREN THEN REMEMBERED ME FROM THAT,AND WARREN THEN REMEMBERED ME FROM THAT,False
IH N DH AH L AO NG G ER T ER M,IN THE LONGER TERM,IN THE LONG TERM,True
AY AH M N AA T G OW IH NG T UW G EH T AE NG G R IY,I'M NOT GOING TO GET ANGRY,I'M NOT GOING TO GET ANGRY,True
IH T EH S G R EY T T UW M IY T N IH K AH L AH S,IT'S GREAT TO MEET NICHOLAS,IT'S GREAT TO MEET NICOLA,True
D UW EH N T AY AE K T W IH DH Y AO R HH AA R T IH F Y UW ' R EY G OW IH NG T UW R AH G R EH T IH T W IH DH Y AO R HH EH D L EY T ER,DON'T ACT WITH YOUR HEART IF YOU'RE GOING TO REGRET IT WITH YOUR HEAD LATER,DON'T ACT WITH YOUR HEART IF YOU'RE GOING TO REGRET IT WITH YOUR HEAD LATER,True
K AE N W IY G OW HH OW M N AW,CAN WE GO HOME NOW,CAN WE GO HOME NOW,True
B AH T B AE K IH N JH UW N,BUT BACK IN JUNE,BUT BACK IN 1960,True
F AO R T IY T AY D UW HH AE V AA N K AH M IH SH AH N,48 I DO HAVE ON COMMISSION,40 TYDUE HAVE ON COMMISSION,True
HH ER HH AO R AH B AH L HH EH D M IH S T R AH S AH N D SH IY R IH L IY IH Z,HER HORRIBLE HEADMISTRESS AND SHE REALLY IS,HER HORRIBLE HEAD MISUNDERSTOOD SHE REALLY IS,False
AH S P EH SH L IY W EH N Y UW ' V IY B IH N W IH DH S AH M W AH N S OW L AO NG,ESPECIALLY WHEN YOU'VE BEEN WITH SOMEONE SO LONG,ESPECIALLY WHEN YOU'VE BEEN WITH SOMEONE SO LONG,True
W IY D IH S K AH V ER HH UW HH AE Z W AH N DH AH P R EH S T IH JH AH S T W EH N T IY TH ER T IY N T IY CH IH NG AH W AO R D,WE DISCOVER WHO HAS WON THE PRESTIGIOUS 2013 TEACHING AWARD,WE DISCOVER WHO HAS ONE THE PRESTIGIOUS 2013 CHEVROLET AWARD,True
AH N D W IH DH AW ER M IH S T ER IY HH AW S,AND WITH OUR MYSTERY HOUSE,AND WITH OUR MASTERIE HOUSE,True
W IY L IY V HH IH M DH EH R,WE LEAVE HIM THERE,WE LEAVE HIM THERE,True
IH F Y UW ' R EY N AA T W ER K IH NG HH AA R D,IF YOU'RE NOT WORKING HARD,IF YOU'RE NOT WORKING HARD,True
AH B AH N CH AH V D AA D ER IY OW L D F UW L Z AH B S EH S T W IH DH B IY T IH NG DH AH JH ER M AH N Z,A BUNCH OF DODDERY OLD FOOLS OBSESSED WITH BEATING THE GERMANS,A BUNCH OF DAUDERY OLD FOOLS OBSESS WITH BEATING THE GERMANS,False
DH EY AA R R IH L IY S M AO L,THEY ARE REALLY SMALL,THEY ARE REALLY SMALL,True
K W AY T AH K OW IH N S IH D AH N S,QUITE A COINCIDENCE,QUITE A COINSIDERATION,False
B IY IH NG AH N AE SH AH N AH L T R EH ZH ER,BEING A NATIONAL TREASURE,BEING A NATIONAL TREASURE,False
W IY G AA T DH AH HH AW S F R AH M S P EH N S ER EH S IH N DH AH EH N D AE N TH AH N IY S P EH N S ER,WE GOT THE HOUSE FROM SPENCER'S IN THE END ANTHONY SPENCER,WE GOT THE HOUSE FROM SPENCER'S IN THE END ANTHONY PENNSAR,True
AE Z W EH L AE Z AH M AH CH G R EY T ER G R AE S P AH V R IY AE L AH T IY,AS WELL AS A MUCH GREATER GRASP OF REALITY,AS WELL AS A MUCH GREATER GRASP OF REALITY,False
N OW IH NG W EH R M EH T AH L D IH T EH K T ER Z M AY T B IY AA P ER EY T IH NG,KNOWING WHERE METAL DETECTORS MIGHT BE OPERATING,KNOWING WHERE METAL DETECTORS MAY BE OPERATING,True
DH AH JH EH N ER AH L N AA L AH JH R AW N D,THE GENERAL KNOWLEDGE ROUND,THE GENERAL NOLOGROUND,False
R EH G Y AH L ER F L AA G IH T AA K SH AH N IH R N IH K HH AO L L AY K S AO L K AY N D Z AH V AE N T IY K S AH N D K AH L EH K T AH B AH L Z,REGULAR FLOG IT AUCTIONEER NICK HALL LIKES ALL KINDS OF ANTIQUES AND COLLECTABLES,REGULAR FLIGHT OCCURRENCES IN NEARLY ALL KINDS OF ANTIQUES AND COLLECTABLE,True
AY AO L M OW S T F ER G AA T,I ALMOST FORGOT,I ALMOST FORGOT,True
W IY K UH D OW V ER D OW S,WE COULD OVERDOSE,WE COULD OVERDOSE,True
AY S T EY D DH EH R F AO R TH R IY Y IH R Z,I STAYED THERE FOR THREE YEARS,I STAYED THERE FOR THREE YEARS,True
DH EH R Y UW G EH T N AA T AO L AH V DH AH HH IY T AH V IH T,THERE YOU GET NOT ALL OF THE HEAT OF IT,THERE YOU GET NOT ALL OF THE HEAT OF IT,True
AH N D Y UW AO L TH ER OW L IY D IH Z ER V IH T,AND YOU ALL THOROUGHLY DESERVE IT,AND YOU ALL THRIVE IT,True
AY N OW IH T EH S K W AO R T ER T UW,I KNOW IT'S QUARTER TO,I KNOW IT'S QUARTER TO,True
W IY AA R N AA T AH G EH N S T DH AH K L AA K DH IH S T AY M,WE ARE NOT AGAINST THE CLOCK THIS TIME,WE ARE NOT AGAINST THE CLOCK THIS TIME,True
T UW M IY IH T EH S K AA M AH N S EH N S,TO ME IT'S COMMON SENSE,TO ME IT'S COMMONSENSE,True
DH AH P R AA P ER T IY EH S L OW K EY SH AH N IH Z N AA T AY D IY L,THE PROPERTY'S LOCATION IS NOT IDEAL,THE PROPERTY'S LOCATION IS NOT IDEAL,True
M AY M AH DH ER R OW T AO L HH ER W AH N D ER F AH L B UH K S,MY MOTHER WROTE ALL HER WONDERFUL BOOKS,MY MOTHER READ ALL HER WONDERFUL BOOKS,False
AY HH AE V R EH D DH IH S S T AO R IY,I HAVE READ THIS STORY,I HAVE READ THIS STORY,True
S OW W AH T W IH L Y UW D UW W IH DH Y AO R EH R L UW M,SO WHAT WILL YOU DO WITH YOUR HEIRLOOM,SO WHAT WILL YOU DO WITH YOUR EARLUM,True
AA N DH AH F EY S AH V IH T,ON THE FACE OF IT,ON THE FACE OF IT,False
K W AY T AH CH AE L AH N JH DH IH S W IY K,QUITE A CHALLENGE THIS WEEK,QUITE ALONG THIS WEEK,True
S OW DH EH R F AO R OW V ER T AY M,SO THEREFORE OVER TIME,SO THERE FOR OVER TIME,True
AH N D IH F DH EY D UW T ER N AW T T UW B IY DH OW Z AH V AE L F R AH D,AND IF THEY DO TURN OUT TO BE THOSE OF ALFRED,AND IF THEY DO TURN OUT TO BE THOSE OF ALFRED,True
L EY T ER AA N IH N DH AH SH OW,LATER ON IN THE SHOW,LATER ON IN THE SHOW,True
W IY D IH D F AY V AO L T AH G EH DH ER,WE DID FIVE ALTOGETHER,WE DID 5 OAL TOGETHER,True
Y UW S P EH N D IH T AA N Y AO R P AE SH AH N,YOU SPEND IT ON YOUR PASSION,YOU SPEND IT ON YOUR PASSION,True
IH T W AA Z S OW F AE S T DH AE T,IT WAS SO FAST THAT,IT WAS SO FAST THAT,True
B AH T Y UW ' V IY HH AE D AH P R IH T IY K AH L ER F AH L L AY F,BUT YOU'VE HAD A PRETTY COLOURFUL LIFE,BUT YOU'VE HAD A PRETTY COLOURFUL LIFE,True
IH T EH S AH G R EY T TH IH NG,IT'S A GREAT THING,IT'S A GREAT THINK,False
N AA T AO L AH V DH AH S EH V AH N,NOT ALL OF THE 7,NOT ALL OF THE SEVEN,True
AH N D DH AE T W AA Z JH AH S T,AND THAT WAS JUST,AND THAT WAS JUST,False
R AY T AA N DH AH EH JH AH V DH AH V IH L AH JH AE Z AY S EH D,RIGHT ON THE EDGE OF THE VILLAGE AS I SAID,RIGHT ON THE EDGE OF THE VIOLIN AS I SAID,True
L EH T EH S M EY K AH S T AA R T,LET'S MAKE A START,LET'S MAKE A START,False
IH F Y UW ' R EY L AH K IY IH N AH F T UW HH AE V Y AO R AO F ER AE K S EH P T IH D,IF YOU'RE LUCKY ENOUGH TO HAVE YOUR OFFER ACCEPTED,IF YOU'RE LAKE IN A FEW TO HAVE YOUR OFFER ACCEPTED,True
W EH N DH AH F L AO R AH IH R AH P T S W IH DH AH S IY AH V B L UW B EH L Z,WHEN THE FLORA ERUPTS WITH A SEA OF BLUEBELLS,WHEN THE FLORA IS ARID WITH A SEVEN OF BLUEBELL,True
AE K CH AH W AH L IY D UW IH NG S T AH F,ACTUALLY DOING STUFF,ACTUALLY DOING STUFF,False
T UW B IY F EH R T UW D AY AE N AH,TO BE FAIR TO DIANA,TO BE FAIR TO ME ANNA,True
B AH T W IY HH AE V B IH N G IH V AH N IH K S K L UW S IH V AE K S EH S T UW DH AH K AE S T,BUT WE HAVE BEEN GIVEN EXCLUSIVE ACCESS TO THE CAST,BUT WE HAVE BEEN GIVEN EXCLUSIVE ACCESS TO THE CAST,True
IH T EH S AO L AH B AW T M EY K IH NG AH B IH T AH V P R AA F AH T,IT'S ALL ABOUT MAKING A BIT OF PROFIT,IT'S ALL ABOUT MAKING A BIT OF PROFIT,False
DH EY T AO K T UW AE N T IY K AA R L AA B IY,THEY TALK TO ANTI CAR LOBBY,THEY TAUGHT TO ANTIQUE CARL ABIE,True
W IH CH F AY N AH L IY IH S T AE B L IH SH T B R IH T AH N EH S K AH M AE N D AH V DH AH S IY Z,WHICH FINALLY ESTABLISHED BRITAIN'S COMMAND OF THE SEAS,WHICH FINALLY ESTABLISHED BRITAIN'S COMMAND OF THE SEA,True
B AH T DH OW Z TH IH NG Z D UW EH N T AY HH AE P AH N V EH R IY AO F AH N,BUT THOSE THINGS DON'T HAPPEN VERY OFTEN,BUT THOSE THINGS DON'T HAPPEN VERY OFTEN,True
B AY IH NG AE T AA K SH AH N IH Z S IH M P AH L,BUYING AT AUCTION IS SIMPLE,BUYING AT AUCTION IS SIMPLE,False
F R AH M HH IH Z N UW AE L B AH M,FROM HIS NEW ALBUM,FROM HIS NEW ALBUM,True
DH AH W AY N D P IH K S AH P AH G EH N,THE WIND PICKS UP AGAIN,THE WINDED PICKUP GEN,True
DH AE T EH S AH B L IH NG K AH V AE N AY IH N JH IY AH L AA JH IH K AH L T AY M,THAT'S A BLINK OF AN EYE IN GEOLOGICAL TIME,THAT'S A LINK OF AN ENGINEERIAL OCCASIONAL TIME,True
B AH T DH AE T D AH Z EH N T AY M IY N Y UW K AH EH N T AY K AH N T IH N Y UW DH AH K AA N V ER S EY SH AH N AO N L AY N,BUT THAT DOESN'T MEAN YOU CAN'T CONTINUE THE CONVERSATION ONLINE,BUT THAT DOESN'T MEAN YOU CAN'T CONTINUE THE CONVERSATION ON LINE,True
AY AE M IH N F Y UW Z D W IH DH K AA N F AH D AH N S,I AM INFUSED WITH CONFIDENCE,I AM INFEWED WITH CONFIDENCE,True
W AH T D UW Y UW W AA N T M IY T UW S EY,WHAT DO YOU WANT ME TO SAY,WHAT DO YOU WANT ME TO SAY,True
W IY W EH N T AW T AH F Y UW T AY M Z,WE WENT OUT A FEW TIMES,WE GO OUT AGAINST YOUR TIMES,True
SH IY K AO L Z M IY SH ER L IY,SHE CALLS ME SHIRLEY,SHE CALLS ME SHERYL,False
IH F AY HH AE D JH AH S T W AH N B AO L AH N D AY D IH D EH N T AY M EY K IH T,IF I HAD JUST ONE BALL AND I DIDN'T MAKE IT,IF I HAD JUST ONE BALLOON AND DIDN'T MAKE IT,True
IH T EH S B IH N L AH V L IY HH AE V IH NG IH T T UW AW ER S EH L V Z,IT'S BEEN LOVELY HAVING IT TO OURSELVES,IT'S BEEN LOVELY HAVING IT TO OURSELVES,True
IH T EH S AH T UW AH P T UW D AW N,IT'S A TWO UP TWO DOWN,IT'S A TWO UP TO DOWN,True
S OW AY TH IH NG K IH T W UH D B IY M AH N IY W EH L S P EH N T,SO I THINK IT WOULD BE MONEY WELL SPENT,SO I THINK IT WOULD BE MONEY WELL SPENT,True
HH AE V AH B IH T AH V AH B IH R,HAVE A BIT OF A BEER,HAVE A BIT OF A BEAR,True
W AA Z HH AE V IH NG AH K AA N V ER S EY SH AH N AH B AW T M AA R SH M EH L OW,WAS HAVING A CONVERSATION ABOUT MARSHMALLOW,WAS HAVING A CONVERSATION ABOUT MARSHMELLO,False
DH IH S M Y UW Z IY AH M R IH L IY D AH Z S AH M AH P DH AH HH IH S T ER IY AH V EY V IY EY SH AH N,THIS MUSEUM REALLY DOES SUM UP THE HISTORY OF AVIATION,THIS MYCEANIAN RELIEF DESPITE THE HISTORY OF AVERYATION,True
N AH TH IH NG W AA Z AW T AH V P L EY S,NOTHING WAS OUT OF PLACE,NOTHING WAS OUT OF PLACE,False
B AH T W AH N K IY F IY CH ER S T IH L R IH M EY N Z,BUT ONE KEY FEATURE STILL REMAINS,BUT ONE KEY FEATURE STILL REMAINS,True
IH T EH S AH V N OW IH N T R AH S T T UW B AA N D HH UW,IT'S OF NO INTEREST TO BOND WHO,IT'S A VERY INTERESTING TWO,True
IH T EH S AO L AH B AW T HH ER N AA T B IY IH NG EY B AH L T UW HH AE V AH N AH DH ER K IH D,IT'S ALL ABOUT HER NOT BEING ABLE TO HAVE ANOTHER KID,IT'S ALL ABOUT HORN NOT BEING ABLE TO HAVE ANOTHER CHILD,True
AH N D IH F AY K AE N P R AH D UW S AE Z M AH CH AH V DH AE T AE Z P AA S AH B AH L F R AH M G R AE S L AE N D,AND IF I CAN PRODUCE AS MUCH OF THAT AS POSSIBLE FROM GRASSLAND,AND IF I CAN PRODUCE AS MUCH OF THAT AS POSSIBLE FROM GRASSLAND,True
DH AH HH AY L AY T F AO R M IY HH AE D T UW B IY DH AH B IH G S M AY L AA N JH AE N AH T EH S F EY S W EH N W IY F EY L D T UW S EH L HH ER K AA M P AE K T,THE HIGHLIGHT FOR ME HAD TO BE THE BIG SMILE ON JANET'S FACE WHEN WE FAILED TO SELL HER COMPACT,THE HIGHLY FORMED MEANING THAT'S FAIR WHEN WE FAILED TOSELL HER COMPACT,True
M AA D ER N IH N D AH S T R IY AH L P R AA S EH S W AA Z B AO R N,MODERN INDUSTRIAL PROCESS WAS BORN,MODERN INDUSTRIAL PROCESS WAS BORN,True
AY D UW EH N T AY N OW W AH T JH UW L IY JH AO R D AH N,I DON'T KNOW WHAT JULIE JORDAN,I DON'T KNOW WHAT JULIE ORDON,True
B AH T W IY ' R EY HH AA R D L IY AE T HH OW M,BUT WE'RE HARDLY AT HOME,BUT WE'RE HARDLY AT HOME,True
AH N D W IH DH HH IH Z F IH Z IH K AH L F IH T N AH S AH N D S T AE M AH N AH,AND WITH HIS PHYSICAL FITNESS AND STAMINA,AND WITH HIS PHYSICAL FITNESS AND STAMINA,False
B IH L IY V Z HH IH Z AH D AH L T S ' AH N D K IH D Z ' S AY K AH L HH AO R N Z D UW IH G Z AE K T L IY DH AE T,BELIEVES HIS ADULTS' AND KIDS' CYCLE HORNS DO EXACTLY THAT,BELIEVES HIS ADULTS' AND CHILDREN'S ATTENTION DO EXACTLY THAT,True
DH AH JH EH N ER AH L N AA L AH JH ER AW N D N AW,THE GENERAL KNOWLEDGE AROUND NOW,THE GENERAL NOLOGAROUND NOW,False
M AH N D IY W IH L B IY P IY T S AH,MONDAY WILL BE PIZZA,MONEY WILL BE PAID,True
AE Z F AA R AE Z V IY EH N AH AE T W AH N T AY M,AS FAR AS VIENNA AT ONE TIME,AS FAR AS 7 AT ONE TIME,True
EH V ER IY S IH NG G AH L P ER S AH N,EVERY SINGLE PERSON,EVERY SINGULAR PERSON,False
DH AE T IH Z DH AH AA T ER,THAT IS THE OTTER,THAT IS THE OTTER,False
AA P R AH T AA P HH AE T S K AH L AE P S,OPERA TOP HATS COLLAPSE,UPRIGHT AT HATSKULL APSES,False
K AE N W IY R IY S AY K AH L IH T F AO R T UW HH AH N D R AH D,CAN WE RECYCLE IT FOR 200,CAN WE REACH 300,True
D UW EH N T AY W EY T F AO R DH AH M Y UW Z T UW ER AY V,DON'T WAIT FOR THE MUSE TO ARRIVE,DON'T WAIT FOR THE MEUSE TO ARRIVE,True
TH AE NG K S F AO R W AA CH IH NG,THANKS FOR WATCHING,THANKS FOR WATCHING,True
W IY ' L EH L T AO K T UW HH ER AH N D AA L JH AH Z IH N AH M OW M AH N T,WE'LL TALK TO HER AND ALJAZ IN A MOMENT,WE'LL TAKE TWO HUNDRED OLIGARCHS IN A MOMENT,True
HH AE F D EY S AE T ER D IY Z,HALF DAY SATURDAYS,HALF DAYS AT 8,True
DH EY ' R EY V EH R IY M AH CH AH V DH IH S W ER L D,THEY'RE VERY MUCH OF THIS WORLD,THEY'RE VERY MUCH OF THIS WORLD,True
DH EY W ER S M AO L,THEY WERE SMALL,THEY WERE SMALL,False
IH T EH S V EH R IY M AH CH AH T EH K N IH K AH L S P AO R T,IT'S VERY MUCH A TECHNICAL SPORT,IT'S VERY MUCH A TECHNICAL SPORT,True
IH F HH EH R F L IH K F AY N D Z AW T,IF HERR FLICK FINDS OUT,IF HER FLICK FINDS OUT,True
AY ' V IY B IH N L AH K IY,I'VE BEEN LUCKY,I'VE BEEN LOCKED UP,True
AY TH IH NG K AO L DH AH K AE T AH G AO R IY Z HH AE V JH AH S T B IH N P AA S AH B L IY DH AH W ER S T,I THINK ALL THE CATEGORIES HAVE JUST BEEN POSSIBLY THE WORST,I THINK CALLED THE CATAGORIES HAVE JUST BEEN POSSIBLY THE WORST,True
B AH T AE N AE L IY W EY L AY K DH IH S G IH V Z AH S AH HH IH N T AH V DH AH CH AA R M DH AE T W AA Z,BUT AN ALLEYWAY LIKE THIS GIVES US A HINT OF THE CHARM THAT WAS,BUT AN ALI WAY LIKE THIS GIVEN US A HINT OF THE CHARMS THAT WAS,True
IH Z DH AE T AO L M AY F AO L T,IS THAT ALL MY FAULT,IS THAT ALL MY FAULT,False
DH AH B EH S T W EY T UW F AH N D R EY S IH Z B AY G EH T IH NG S P AA N S ER D T UW EH N T ER AE N IH V EH N T AE T DH AH S P AO R T R IH L IY F G EY M Z,THE BEST WAY TO FUNDRAISE IS BY GETTING SPONSORED TO ENTER AN EVENT AT THE SPORT RELIEF GAMES,THE BEST WAY TO FIND RAISINSES BY GETTING SPONSORED TO ENTER AN EVENT AT THE SPORT RELI,True
AY D UW EH N T AY N IY D IH N V EH S T M AH N T,I DON'T NEED INVESTMENT,I DON'T NEED INVESTMENT,True
AH V AO L DH AH P IY P AH L,OF ALL THE PEOPLE,OF ALL THE PEOPLE,False
F AY V B IH L Y AH N D IH V AY D AH D B AY S AH V EH N T AH F AY T,5 BILLION DIVIDED BY 75,5 BILLION DIVIDED BY 7 OF ENOUGH,True
B IH K AO Z IH F IH T R EY N Z,BECAUSE IF IT RAINS,BECAUSE IF IT RAINS,True
AH N D DH AH B AE N D P L EY D AA N AH N D AE N AW ER AH N D AH HH AE F L EY T ER,AND THE BAND PLAYED ON AND AN HOUR AND A HALF LATER,AND THE BAND PLAYED ON UNTIL AN HOUR AND A HALF LATER,True
IH N AH P R AY V AH T L EH T ER T UW AY Z AH N HH AW ER HH IY R OW T,IN A PRIVATE LETTER TO EISENHOWER HE WROTE,IN A PRIVATE LETTER TO ISHAN HUAR HERIOT,True
R IH M EH M B ER IH NG DH OW Z HH UW ' V IY D AY D IH N K AH N F L IH K T S S IH N S W ER L D W AO R AY,REMEMBERING THOSE WHO'VE DIED IN CONFLICTS SINCE WORLD WAR I,REMEMBER THOSE WHO'VE DIED IN CONFLICT SINCE WORLD WAR II,True
K AE N AY HH AE V HH AE F AH D AH Z AH N EH G Z,CAN I HAVE HALF A DOZEN EGGS,CAN I HAVE HAFODAS UNEGG,True
L AY F EH S N OW P IH K N IH K F AO R DH EH M IY DH ER IH N F AE S T R AH N IH NG W AO T ER,LIFE'S NO PICNIC FOR THEM EITHER IN FAST RUNNING WATER,LIFE'S NO PICKNICK FOR THEM IN FAST RUNNING WATER,True
W AY SH UH D EH N T AY W IY,WHY SHOULDN'T WE,WHY SHOULDN'T WE,True
D R AY V P AE S T AH N D N EH V ER L UH K D AW N T UW S IY HH AW M AH CH L AY F IH Z DH EH R,DRIVE PAST AND NEVER LOOK DOWN TO SEE HOW MUCH LIFE IS THERE,DRIVE PASSENGER AND NEVER LOOK DOWN TO SEE HOW MUCH LIFE IS THERE,True
IH N AH Y UH R AH P IY AH N T EY S T,IN A EUROPEAN TASTE,IN A EUROPEAN TEST,True
W EH R AE Z IH F Y UW T EY K F R EH SH SH IH T EY K M AH SH R UW M Z,WHEREAS IF YOU TAKE FRESH SHITAKE MUSHROOMS,WHEREAS IF YOU TAKE FRESH SHEET MUSIC ROOMS,True
L EH F T T UW F ER M EH N T F AO R AH F Y UW W IY K S,LEFT TO FERMENT FOR A FEW WEEKS,LEFT TO FORMENT FOR A FEW WEEKS,True
S P L IH T IH NG P L AE N T S AH N D AE D IH NG S AH M M AO R P L AE N T S T UW F IH L DH AH S P EY S W EH R DH AH HH EH JH IH Z W ER,SPLITTING PLANTS AND ADDING SOME MORE PLANTS TO FILL THE SPACE WHERE THE HEDGES WERE,SPITTING PLANTS AND ADDING SOME MORE PLANT TO FILTHE SPACE WHERE THE HEJIS WAS,True
DH AE T IH Z W AH T AE N IH N D IY S AH N T IH M AH JH AH V AH CH AY L D IH Z,THAT IS WHAT AN INDECENT IMAGE OF A CHILD IS,THAT IS WHAT AN INDIE SANTA IMAGINE OF A CHILD IS,True
W IY N OW DH IH S B IH K AO Z W IY HH AE V HH IH Z S UW T S AH V AA R M ER,WE KNOW THIS BECAUSE WE HAVE HIS SUITS OF ARMOUR,WE KNOW THIS BECAUSE WE HAVE HIS SUITS OF ARMOUR,True
W IY SH UH D G EH T G OW IH NG,WE SHOULD GET GOING,WE SHOULD GET GOING,True
TH AE NG K Y UW V EH R IY M AH CH,THANK YOU VERY MUCH,THANK YOU VERY MUCH,True
IH T EH S N IH R L IY N AY N HH AH N D R AH D Y IH R Z OW L D,IT'S NEARLY 900 YEARS OLD,IT'S NEARLY 900 YEARS OLD,True
DH AH D EY N JH ER P IY T ER D AW T,THE DANGER PETERED OUT,THE DENGERPEETED OUT,False
DH AE T SH UH D G EH T DH EH M IH K S AY T AH D,THAT SHOULD GET THEM EXCITED,THAT SHOULD GET THEM EXCITED,False
AY D UW EH N T AY R IH L IY HH AE V DH AH P EY SH AH N S F AO R TH IH NG Z T UW,I DON'T REALLY HAVE THE PATIENCE FOR THINGS TO,I DON'T REALLY HAVE THE PASSIONS FOR THINGS TO,True
AY D UW EH N T AY TH IH NG K DH AE T HH IY EH V ER W IH L B IY EY B AH L T UW K AH M P IY T IH N DH AH B AA D IY B IH L D IH NG K AA M P AH T IH SH AH N B IH K AO Z HH IY EH S,I DON'T THINK THAT HE EVER WILL BE ABLE TO COMPETE IN THE BODY BUILDING COMPETITION BECAUSE HE'S,I DON'T THINK THAT HE WILL BE ABLE TO COMPETE IN THE BADIE BUILDING COMpetition Because HE,True
IH F Y UW N OW W AH T AY M IY N,IF YOU KNOW WHAT I MEAN,IF YOU KNOW WHAT I MEAN,True
B AH T DH AH P AH B L IH K S AO HH IH M AE Z W AH N AH V DH EH M,BUT THE PUBLIC SAW HIM AS ONE OF THEM,BUT THE PUBLIC SO HIM AS ONE OF THEM,True
N OW B AA D IY K AE N D R AY V DH AE T L AO NG,NOBODY CAN DRIVE THAT LONG,NOBODY CAN DRIVE THAT LONG,True
W IY ' L EH L M EY K S AH M HH IH S T ER IY AH V AW ER OW N T AH D EY,WE'LL MAKE SOME HISTORY OF OUR OWN TODAY,WE'LL MAKE SOME HISTORY OF OUR OWN TODAY,True
HH UW R AH N Z B IY B IY S IY TH R IY,WHO RUNS BBC THREE,WHO RUNS BEBES THREE,False
HH IY D AY D IH N S EH V AH N T IY N F IH F T Y UW R,HE DIED IN 1754,HE DID IN 1852,True
AY TH IH NG K AY ' D IY JH AH S T L IY N B AE K,I THINK I'D JUST LEAN BACK,I THINK I'D JUST LEAN BACK,True
DH EH R EH S DH AH AE D R EH S AA N DH AH S K R IY N,THERE'S THE ADDRESS ON THE SCREEN,THERE'S THE ADRESS ON THE SCREEN,False
S OW DH AH K IH NG D IH S AY D IH D N AA T T UW P EY M AO R T IH M ER EH S R AE N S AH M,SO THE KING DECIDED NOT TO PAY MORTIMER'S RANSOM,SO THE KING DISAPPEARED NOT TO PAY MORE TIMERS' RUNS,True
T R EY N Z W ER ER EY N JH D,TRAINS WERE ARRANGED,TRAINS WEAR A NAME TAG,False
W IY AA R S EH L AH B R EY T IH NG DH AH HH IH R OW Z HH UW F AO T F AO R AW ER F R IY D AH M AH N D P EY IH NG T R IH B Y UW T T UW DH AH M EH N AH N D W IH M AH N,WE ARE CELEBRATING THE HEROES WHO FOUGHT FOR OUR FREEDOM AND PAYING TRIBUTE TO THE MEN AND WOMEN,WE ARE CELEBRATING THE HEROES WHO FOUGHT FOR OUR FREEDOM AND PAYING TRIBUTE TO THE,True
S AH M T AY M Z Y UW T R AY T UW F AY N D P R AA B L AH M Z IH N P R AA P ER T IY Z,SOMETIMES YOU TRY TO FIND PROBLEMS IN PROPERTIES,SOMETIME YOU TRY TO FIND PROBLEMS IN PROPERTY,True
HH IY W AA Z R AH N IH NG AH P IH N AO R M AH S D EH T S,HE WAS RUNNING UP ENORMOUS DEBTS,HE WAS RUNNING UP IN ARMED FORCES,False
B IH K AO Z DH AH G ER L S IH T IH NG N EH K S T T UW M IY,BECAUSE THE GIRL SITTING NEXT TO ME,BECAUSE THE GIRL WAS SITTING NEXT TO ME,True
M EY K IH NG DH AH K ER EH K T D IH S IH ZH AH N Z W EH N IH T K AH M Z T UW D IH Z AY N IH Z EH N T AY JH AH S T AH B AW T S EY,MAKING THE CORRECT DECISIONS WHEN IT COMES TO DESIGN ISN'T JUST ABOUT SAY,MAKING THE CORRECT DECISIONS WHEN IT COMES TO DESIGN ISN'T JUST ABOUT SAY,True
F AO R DH AH N EH K S T T UW M IH N AH T S,FOR THE NEXT TWO MINUTES,FOR THE NEXT TWO MINUTES,True
IH T EH S DH AH S AO R T AH V TH IH NG DH AE T R IH L IY W UH D HH AE V B IH N P AA P Y AH L ER,IT'S THE SORT OF THING THAT REALLY WOULD HAVE BEEN POPULAR,IT'S THE SORT OFTHING THAT REALLY WOULD HAVE BEEN POPULAR,True
W AH T DH EH R AE S P ER EY SH AH N Z AA R,WHAT THEIR ASPIRATIONS ARE,WHAT THERE'S PRESENTATIONS ARE,True
AH N D F AO R AH L AA T AH V P IY P AH L,AND FOR A LOT OF PEOPLE,AND FOR A LOT OF PEOPLE,True
AY D UW N AA T B IH L IY V HH IY IH Z Z IY G IH L T IY W AH N,I DO NOT BELIEVE HE IS ZE GUILTY ONE,I DO NOT BELIEVE HE IS 65,True
TH R UW DH AH P IY T,THROUGH THE PEAT,THROUGH THE PIECE,True
SH IY EH S G AA T S AH M K AY N D AH V G AE S T R IH K F L UW TH IH NG,SHE'S GOT SOME KIND OF GASTRIC FLU THING,SHE'S GOT SOME KIND OF GAS TRICK FLUENCY,True
D UW K S AH N D M AH NG K S,DUKES AND MONKS,DUKE AND MONK,False
S OW D IH D Y UW B AY IH T B IH K AO Z AH V DH AH D EH K ER EY SH AH N,SO DID YOU BUY IT BECAUSE OF THE DECORATION,SO DID YOU BUY IT BECAUSE OF THE DECORATION,True
IH T EH S G R EY T B IH K AO Z IH T B R IH NG Z AO L DH IY Z TH IH NG Z IH N T UW DH AH OW P AH N,IT'S GREAT BECAUSE IT BRINGS ALL THESE THINGS INTO THE OPEN,IT'S GREAT BECAUSE IT BRINGS ALL THESE THINGS INTO THE OPEN,False
IH T W AA Z K W AY T G R OW T EH S K,IT WAS QUITE GROTESQUE,IT WAS QUITE GREATS,False
B AH T DH AH R IY L M EH ZH ER AH V S AH K S EH S,BUT THE REAL MEASURE OF SUCCESS,BUT THE REAL MESSAGE OF SUCCESS,True
B AA R N K AH N V ER ZH AH N Z AH N D S T AH F,BARN CONVERSIONS AND STUFF,BARNS CONVERSIONS AND STUFF,False
DH EH R AA R R IH S K S,THERE ARE RISKS,THERE ARE RISKS,True
W IH CH S T AE N D AH P T UW T UW M EH T R AH S T AO L AE T DH AH SH OW L D ER AH N D K AE N W EY OW V ER W AH N,WHICH STAND UP TO TWO METRES TALL AT THE SHOULDER AND CAN WEIGH OVER 1,WHICH STANDS UP TO TWO METRES AT THE SHOULDER AND CAN OVER ONE,True
JH AH S T N AA T B IY N ER V AH S,JUST NOT BE NERVOUS,JUST NOT BEARABLE,True
AH N D AY TH IH NG K R IH L IY,AND I THINK REALLY,AND I THINK REALLY,True
SH IY M EY B IY OW V ER F L OW IH NG W IH DH DH AH M IH L K AH V HH Y UW M AH N K AY N D N AH S,SHE MAY BE OVERFLOWING WITH THE MILK OF HUMAN KINDNESS,SHE MAYBE OVERFLOWING WITH THE MILK OF HUMAN KINDNESS,True
IH T EH S AH F IH T N OW T,IT'S A FIT NOTE,IT'S A FIT NOUGHT,False
W EH N AY W AA Z AH K IH D,WHEN I WAS A KID,WHEN I WAS A CHILD,True
P ER HH AE P S IY V IH N M AO R S ER P R AY Z IH NG L IY,PERHAPS EVEN MORE SURPRISINGLY,PERHAPS EVEN MORE SURPRISINGLY,True
IH T EH S B IH L T DH IH S K AH N T R IY,IT'S BUILT THIS COUNTRY,IT'S BELT THIS COUNTRY,False
AO L DH OW AY ' D IY HH EY T T UW S T AE N D IH N DH AH W EY AH V Y AO R F OW T AH G R AE F IH K K ER IH R,ALTHOUGH I'D HATE TO STAND IN THE WAY OF YOUR PHOTOGRAPHIC CAREER,ALL THOUGH I'D HATE TO STAND IN THE WAY OF YOUR FOOTBALL CAREER,True
R EH P R IH Z EH N T IH NG B R IH T AH N IH N B R AH S AH L Z,REPRESENTING BRITAIN IN BRUSSELS,REPRESENTING BRITAIN IN BRAZILS,True
L AY K DH AH D AA K T ER S EH D,LIKE THE DOCTOR SAID,LIKE THE DOCTOR SAID,True
JH AH S T B IH K AO Z AH V DH AH W AY N D,JUST BECAUSE OF THE WIND,JUST BECAUSE OF THE WIND,True
S OW DH EY HH AE V AH N AW N S T,SO THEY HAVE ANNOUNCED,SO THEY HAVE A NOSE,True
DH EY HH AE V B IH N V EH R IY,THEY HAVE BEEN VERY,THEY HAVE BEEN VERY,True
DH EY ' V IY G AA T AH HH Y UW JH R IY S P AA N S AH B IH L AH T IY,THEY'VE GOT A HUGE RESPONSIBILITY,THEY'VE GOT A HUGE RESPONSIBILITY,False
AH N D AY W AA Z P EY D K W AY T W EH L F AO R DH AE T,AND I WAS PAID QUITE WELL FOR THAT,AND I WAS PAID QUITE WELL FOR THAT,True
AY TH IH NG K DH AH W EY DH AE T HH IY OW P AH N D HH IH M S EH L F AH P AH N D W AA Z AH V EY L AH B AH L T UW EH V R IY W AH N HH IY M EH T W AA Z K W AY T,I THINK THE WAY THAT HE OPENED HIMSELF UP AND WAS AVAILABLE TO EVERYONE HE MET WAS QUITE,I THINK THE WAY THAT HE OPENED HIMSELF UP AND WAS AVAILABLE TO EVERYONE HE MET WAS QUITE,True
AE Z HH IY EH S AH G R IY D N AA T T UW R EH N T DH AH P L EY S AW T AH G EH N AH N T IH L DH AH W ER K EH S B IH N D AH N,AS HE'S AGREED NOT TO RENT THE PLACE OUT AGAIN UNTIL THE WORK'S BEEN DONE,AS HE'S A GRADUATE NOT TO REENT THE PLACE OUT AGAIN UNTIL THE WORKS BEEN DONE,True
B AH T AE Z AH N EY SH AH N W IY R IH L IY B EH N AH F IH T,BUT AS A NATION WE REALLY BENEFIT,BUT AS A Nation WE REALLY BENEFIT,True
AH N D IH N DH AH N AY N T IY N TH AH N D T W EH N T IY AH TH S EH N CH ER IY,AND IN THE 19TH AND 20TH CENTURY,AND IN THE 19TH CENTURY,True
IH Z HH EH L D AA N AH P IY S AH V G R AW N D T UW DH AH S AW TH AH V DH AH K AE S AH L,IS HELD ON A PIECE OF GROUND TO THE SOUTH OF THE CASTLE,IS HELD ON A PIECE OF GRUND TO THE SOUTH OF THE CASUAL,True
DH AE T IH Z DH AH EH N D AH V DH AH K W IH Z,THAT IS THE END OF THE QUIZ,THAT IS THE END OF THE QUIZ,False
S OW DH EH R W ER AO L K AY N D Z AH V K AH M P IY T IH NG P R EH SH ER Z,SO THERE WERE ALL KINDS OF COMPETING PRESSURES,SO THERE WAS ALL KINDS OF COMPETING PRESURSES,True
W EH N W IY G EH T IH N T UW DH AE T AO F AH S,WHEN WE GET INTO THAT OFFICE,WHEN WE GET INTO THAT OFFICE,True
B AH T DH AH OW N L IY W EY T UW D UW DH AE T IH Z AH N D ER S T AE N D HH AW AH N D W AY IH T P AH N IH SH AH Z AH S,BUT THE ONLY WAY TO DO THAT IS UNDERSTAND HOW AND WHY IT PUNISHES US,BUT THE ONLY WAY TO DO THAT IS UNDERSTAND HOW AND WHY IT PENISHES US,True
S AH M D W AO R F B ER CH ER AW N D,SOME DWARF BIRCH AROUND,SOMEWHERE BEYOND,True
AH N D AE Z DH OW Z G L OW B AH L K AH N F L IH K T S B IH K AH M EH V ER M AO R D IH S T AH N T,AND AS THOSE GLOBAL CONFLICTS BECOME EVER MORE DISTANT,AND AS THOSE GLOBAL CONFLICTS BECOME EVER MORE DISTANT,True
AH R AE DH ER IH K S P EH N S IH V AH M B R EH L AH S T AE N D,A RATHER EXPENSIVE UMBRELLA STAND,A RATHER EXPENSIVE AMBROSEIAN,False
AY HH EY T AH D Y AO R TH IH NG AA N AE M B Y AH L AH N S AH Z,I HATED YOUR THING ON AMBULANCES,I HATE YOUR THINK ON AMBULANCES,True
AH N D AH V K AO R S DH EY AA R K AH M P EH R AH T IH V L IY IH K S P EH N S IH V,AND OF COURSE THEY ARE COMPARATIVELY EXPENSIVE,AND OF COURSE THEY ARE COMPETITIVELY EXPENSIVE,True
HH AH L OW AH N D W EH L K AH M T UW DH AH SH OW DH AE T G IH V Z DH AH AH W AO R D Z AH DH ER SH OW Z D UW EH N T AY G IH V,HELLO AND WELCOME TO THE SHOW THAT GIVES THE AWARDS OTHER SHOWS DON'T GIVE,HALLOWED AND WELL COME TO THE SHOW THAT GIVES THE AWARDS OTHER SHOWS DON'T GIVE,True
Y UW K AE N AE K CH AH W AH L IY S T AA R T T UW B R AH SH DH AH IH N AE M AH L AO F,YOU CAN ACTUALLY START TO BRUSH THE ENAMEL OFF,YOU CAN ACTUALLY START TO BRUSH THE INNATE OFF,True
DH EY ' L EH L F AO L B AY F AY V N EH K S T M AH N TH,THEY'LL FALL BY 5 NEXT MONTH,THEY'LL FALL BY 5 NEXT MONTH,True
AY AE M R EY Z IH NG M AY S AH N,I AM RAISING MY SON,I AM RAISING MY SON,True
AY M EY D AH F Y UW K AO L Z,I MADE A FEW CALLS,I MADE A FEW CALLS,True
D UW JH OY N AH S AH G EH N,DO JOIN US AGAIN,DO JOIN US AGAIN,True
W AH T AA R Y UW T AO K IH NG AH B AW T,WHAT ARE YOU TALKING ABOUT,WHAT ARE YOU Talking About,True
B IH K AO Z HH AE F DH AH T AY M W IY D EH R EH N T AY M EH N SH AH N IH T,BECAUSE HALF THE TIME WE DAREN'T MENTION IT,BECAUSE HAFIZH THE TIME WE DON'T MINISH IT,True
Y UW ' R EY AO L W EY Z G IH V IH NG M AH N IY AH W EY,YOU'RE ALWAYS GIVING MONEY AWAY,YOU'RE ALWAYS GIVEN MONEY A WAY,False
W IY T OW L D Y UW IH T W AA Z G OW IH NG T UW B IY W IH R D AH N D,WE TOLD YOU IT WAS GOING TO BE WEIRD AND,WE TOLE YOU IT WAS GOING TO BE WEIRD AND,True
DH AH SH OW W EH R AH T IY M AH V F AY V K W IH Z CH AE L AH N JH ER Z P IH T DH EH R W IH T S AH G EH N S T P AA S AH B L IY DH AH G R EY T AH S T K W IH Z,THE SHOW WHERE A TEAM OF FIVE QUIZ CHALLENGERS PIT THEIR WITS AGAINST POSSIBLY THE GREATEST QUIZ,THE SHOW WHERE A TEAM OF 5 QUIZCHALLENGERS PUT THEIR WHITS AGAINST POSSIBLY THE GREAT,True
W IY D IH D EH N T AY B AY DH AH AH DH ER Z,WE DIDN'T BUY THE OTHERS,WE DIDN'T BUY THE OTHERS,True
DH EY K AE N B IY V EH R IY K AH L EH K T AH B AH L AH N D V EH R IY V AE L Y AH B AH L,THEY CAN BE VERY COLLECTABLE AND VERY VALUABLE,THEY CAN BE VERY COLLECTABLE AND VERY VALUABLE,True
M EY B IY IY V IH N L AO NG G ER,MAYBE EVEN LONGER,MAYBE EVEN LONGER,False
AY AO L S OW TH IH NG K DH AE T IH Z AH K AH M P AH N IY D B AY HH IH M B IY IH NG V EH R IY,I ALSO THINK THAT IS ACCOMPANIED BY HIM BEING VERY,I ALSO THINK THAT IS A COMPENIED BY HIM BEING VERY,True
W EH DH ER IH T B IY L EY K S,WHETHER IT BE LAKES,WHETHER IT BE LAKE,True
IH T ' L EH L B IY F AE N T AE S T IH K,IT'LL BE FANTASTIC,IT'LL BE PHANTOM AS TICK,True
IH T EH S K W AY T AH L AA R JH F L AE T AH N D IH T EH S V EH R IY,IT'S QUITE A LARGE FLAT AND IT'S VERY,IT'S QUITE ALRIGHT FLAT AND IT'S VERY,True
AY AH M AH HH AE P IY B OY EH N IY W EY,I'M A HAPPY BOY ANYWAY,I'M A HAPPY BOY ANYWAY,False
D IH P IH NG IH N AH N D AW T AH V DH AH K R AW D,DIPPING IN AND OUT OF THE CROWD,DEEPING IN AND OUT OF THE CROWD,True
IH T W AA Z JH AH S T AH N D ER T EH N,IT WAS JUST UNDER 10,IT WAS JUST UNDER 10,False
R IH M EH M B ER DH AE T L AH V L IY D AH CH D EH S K,REMEMBER THAT LOVELY DUTCH DESK,REMEMBER THAT LOVELY DECK,False
B AO R N AH V DH AH B L EH S T V ER JH IH N,BORN OF THE BLESSED VIRGIN,BORN OF THE BLUEST VIRGIN,True
T R AY IH NG T UW K AH N T R OW L DH AH S P R EH D AH V B OW V AY N T IY B IY,TRYING TO CONTROL THE SPREAD OF BOVINE TB,TRYING TO CONTROL THE SPREAD OF COVID 19,True
AY W AH N D ER W EH R AY M AY T HH AE NG M AY AA R T K AH L EH K SH AH N,I WONDER WHERE I MIGHT HANG MY ART COLLECTION,I WONDER WHERE I MIGHT HANG MY ART COLLECTION,True
AH N D DH AE T AH B AW T R AE P S TH IH NG Z AH P F AO R DH IH S W IY K,AND THAT ABOUT WRAPS THINGS UP FOR THIS WEEK,AND THAT ABOUT RAPS THINGS UP FOR THIS WEEK,True
B OW TH T R AY IH NG T UW K AA M B AY N K AH N V IY N Y AH N S F AO R DH AH K AH N S UW M ER W IH DH AH F R EH SH T EY S T,BOTH TRYING TO COMBINE CONVENIENCE FOR THE CONSUMER WITH A FRESH TASTE,BOTH TRYING TO COMBINE CONVENIENCE AND FRESHNESS WITH A FEW TASTES,True
DH AE T S AO R T AH V ER L IY T W EH N T IY AH TH S EH N CH ER IY,THAT SORT OF EARLY 20TH CENTURY,THAT SORT OF 20TH CENTURY,False
W IY M AY T HH AE V L AE S T AH D AH Y IH R AO R T UW,WE MIGHT HAVE LASTED A YEAR OR TWO,WE MAY HAVE LASTED 12 OR TWO,True
DH IH S IH Z AO L V EH R IY P R AA M AH S IH NG,THIS IS ALL VERY PROMISING,THIS IS ALL VERY PROMISING,True
IH T W UH D B IY IH N DH AH F L AO R AH L S EH K SH AH N AH V AH S UW P ER M AA R K IH T AH N D IH N JH UW N AH V L AE S T Y IH R,IT WOULD BE IN THE FLORAL SECTION OF A SUPERMARKET AND IN JUNE OF LAST YEAR,IT WOULD BE IN THE FLORAL SECTION OF A SUPERMARKET AND IN JULY OF LAST YEAR,True
AE T DH AH EH N D AH V T UW R AW N D Z,AT THE END OF TWO ROUNDS,AT THE END OF TWO HOURS,True
HH IY IH Z F EY M AH S F AO R HH AE V IH NG HH AE D AH S IY K R AH T AH F EH R W IH DH AE N B OW L IH N,HE IS FAMOUS FOR HAVING HAD A SECRET AFFAIR WITH ANNE BOLEYN,HE IS FAAMOUS FOR HAVING A SCARF WITH AN BOULIN,True
TH IH NG K S SH IY K AE N K AE SH IH N AA N DH AE T,THINKS SHE CAN CASH IN ON THAT,THINK SHE CAN CASH IN ON THAT,True
AH N D DH AE T IH Z R IH L IY,AND THAT IS REALLY,AND THAT IS REALLY,False
W IH CH W AA Z R IH T AH N F AO R CH IH L D R AH N W AA Z R IH T AH N F AO R CH IH L D R AH N B AH T S ER T AH N L IY IH N IH T S S T EY JH AE D AH P T EY SH AH N M UW V Z,WHICH WAS WRITTEN FOR CHILDREN WAS WRITTEN FOR CHILDREN BUT CERTAINLY IN ITS STAGE ADAPTATION MOVES,WHICH WAS RIGHT ENOUGH FOR CHILDREN WAS RIGHT Enough For Children But CERTAINLY IN ITS STAGE ADAPTED,True
AY JH AH S T TH AO T AY ' V IY G AA T T UW HH AE V M AO R AH V DH AE T,I JUST THOUGHT I'VE GOT TO HAVE MORE OF THAT,I JUST THINK I'VE GOT TO HAVE MORE OF THAT,True
AY D UW EH N T AY N OW IH F AY ' V IY L AO S T DH AH P L AA T,I DON'T KNOW IF I'VE LOST THE PLOT,I DON'T KNOW IF I'VE LOST THE PLAT,True
AH N D AY TH IH NG K IH T SH UH D G OW IH K S T R IY M L IY W EH L,AND I THINK IT SHOULD GO EXTREMELY WELL,AND I THINK IT SHOULD GO EXTREMELY WELL,True
B AH T F R AH M SH EH P ER D EH S B UH SH,BUT FROM SHEPHERD'S BUSH,BUT FROM SHEPHERD'S BUS,True
HH IH T B AY DH AH P L EY G,HIT BY THE PLAGUE,HIT BY THE PLANE,True
B AH T HH UW W IH L W IH N,BUT WHO WILL WIN,BUT WHO WILL WIN,True
DH AH P AA R T IY W AO L AH G R IY M AH N T,THE PARTY WALL AGREEMENT,THE PARTY WALL AGREEMENT,False
B IH K AO Z DH IH S IH Z W AH N AH V DH AH L AA R JH AH S T AE N T IY K F EH R Z IH N B R IH T AH N,BECAUSE THIS IS ONE OF THE LARGEST ANTIQUE FAIRS IN BRITAIN,BECAUSE THIS IS ONE OF THE LARGEST ANTIQUE FAIRS IN BRITAIN,True
L EH T EH S HH AE V AH K W IH K CH AE T W IH DH T AH D EY EH S AA K SH AH N IH R EH V R IY B AA D IY EH S F AE V Y UW R AY T,LET'S HAVE A QUICK CHAT WITH TODAY'S AUCTIONEER EVERYBODY'S FAVOURITE,LET'S HAVE A QUICKCHAT WITH TODAY'S AUCTIONEER EVERYBODY'S FAVOURITE,True
AH N D G EH T S AH M TH IH NG L AY K F IH F T IY,AND GET SOMETHING LIKE 50,AND GET SOMETHING LIKE 55,False
AH N D IH T EH S TH AE NG K S T UW HH ER D EH D AH K EY SH AH N AH N D P AE SH AH N DH AE T M EH M B ER Z AH V DH AH P AH B L IH K K AE N K AH M HH IY R,AND IT'S THANKS TO HER DEDICATION AND PASSION THAT MEMBERS OF THE PUBLIC CAN COME HERE,AND IT'S THANKS TO HER DECISION AND PASSION THAT MEMBERS OF THE PUBLIC CAN HEAR,True
S OW HH IY W AA Z AH F AE N T AE S T IH K L IY IH M P AO R T AH N T F IH G Y ER,SO HE WAS A FANTASTICALLY IMPORTANT FIGURE,SO HE WAS A PHANTOM AS TICKLEY IMPORTANT FIGURE,True
S OW DH EY T EH N D T UW B IY F AO R JH AE M Z,SO THEY TEND TO BE FOR JAMS,SO THEY TEND TO BE FORGEAMS,True
M IH S T EY K S M AY K R AE K T IY M AH V S K W EH R AY D,MISTAKES MY CRACK TEAM OF SQUARE EYED,MYSTAKES MICRACETEAM OF SQUARE,False
AY S EY F ER G EH T DH AH K W IH Z,I SAY FORGET THE QUIZ,I SAY FORGET THE QUIZ,True
IH T EH S AH L AA T AH V P R AA P ER T IY F AO R F IH F T IY IH T,IT'S A LOT OF PROPERTY FOR 58,IT'S A LOT OF PROPERTY FOR 45,True
S AH M TH IH NG T UW W ER K IY V IH N HH AA R D ER F AO R,SOMETHING TO WORK EVEN HARDER FOR,SOMETHING TO WORK EVEN HARDER FOR,True
W EH N DH EY Y UW Z D T UW S EH L CH IY Z,WHEN THEY USED TO SELL CHEESE,WHEN THEY USED TO SELL CHEESE,True
HH ER S T R AY K F AO R S IH Z W ER S IH NG K IH NG M AO R AE K S AH S SH IH P IH NG DH AE N EH V ER B IH F AO R AH N D SH IY HH AE D IH N P L EY S DH AH,HER STRIKE FORCES WERE SINKING MORE AXIS SHIPPING THAN EVER BEFORE AND SHE HAD IN PLACE THE,HER STRIKE FORCES WEARING KING MORE ACCESSING THAN EVER BEFORE AND SHE HAD IN PLACE THE,True
T EH L AH S DH AH T R UW TH,TELL US THE TRUTH,TELL US THE TRUTH,False
IH T EH S IH T S P AE S P AO R T,IT'S ITS PASSPORT,IT'S ITS PASSPORT,False
AY AH M S IH K S T IY AH N D AY AH M AH S P IY CH AH N D L AE NG G W AH JH TH EH R AH P AH S T,I'M 60 AND I'M A SPEECH AND LANGUAGE THERAPIST,I'M 60 AND I'M A SPEECH AND LANGUAGE PATHOLOGIST,False
AH N D D UW EH N T AY W IY N OW IH T,AND DON'T WE KNOW IT,AND DON'T WE KNOW IT,True
IH N R IY S AH N T Y IH R Z,IN RECENT YEARS,IN RECENT YEARS,True
Y UW K AH EH N T AY S EH P ER EY T IH T,YOU CAN'T SEPARATE IT,YOU CAN'T SUPERATE IT,True
AY R AH N AH W EH D IH NG SH AA P N AW,I RUN A WEDDING SHOP NOW,I RUNNING SHOP NOW,True
AY AH M AO L W EY Z S ER P R AY Z D DH AE T P IY P AH L AA R EH N T AY S K EH R D IH N AH F AH V M IY,I'M ALWAYS SURPRISED THAT PEOPLE AREN'T SCARED ENOUGH OF ME,I'M ALWAYS SURPRISED THAT PEOPLE AREN'T SCARED IN A FEW MINUTES,False
M EY N K W EH S CH AH N DH EH N,MAIN QUESTION THEN,MAIN QUESTION THEN,False
AY D UW EH N T AY IY V IH N B L EY M EH N IY TH IH NG,I DON'T EVEN BLAME ANYTHING,I DON'T EVEN BLAME ANYTHING,True
B AH T P R IH T IY M AH CH EH V R IY W EH R EH L S,BUT PRETTY MUCH EVERYWHERE ELSE,BUT PRETTY MUCH EVERYWHERE ELSE,True
IH F Y UW D UW W AA N T T UW S IY IH T AH G EH N,IF YOU DO WANT TO SEE IT AGAIN,IF YOU DO WANT TO SEE IT AGAIN,True
IH T EH S N AA T G UH D F AO R Y AO R HH EH L TH,IT'S NOT GOOD FOR YOUR HEALTH,IT'S NOT GOOD FOR YOUR HEALTH,True
W IY ' R EY F EH R L IY M IH N AH M AH L IH S T,WE'RE FAIRLY MINIMALIST,WE'RE FAIRLY MINIMALIST,False
IH T EH S N AA T AH B IH G JH AA B T UW HH AE V IH T D AH N,IT'S NOT A BIG JOB TO HAVE IT DONE,IT'S NOT A BIG JOB TO HAVE IT DONE,True
S AO R T AH V S EH K AH N D HH AE F AH V AA K T OW B ER,SORT OF SECOND HALF OF OCTOBER,SORT OF SECOND HALF OF OCTOBER,False
S ER T AH N L IY IH N DH AH K AH T IH NG,CERTAINLY IN THE CUTTING,CERTAINLY IN THE CUTTING,True
AY HH AE D EH N T AY IH K S P EH K T AH D,I HADN'T EXPECTED,I HADN'T EXPECTED,True
B AH T DH IY Z P L EY S AH Z AA R IH N D EH R IH JH L IY P AA P Y AH L ER,BUT THESE PLACES ARE ENDEARINGLY POPULAR,BUT THESE PLACES ARE INDEED EARLY POPULAR,True
IH F Y UW HH AE D K AE SH T UW S P EH R,IF YOU HAD CASH TO SPARE,IF YOU HAD CASH TO SPARE,True
DH EY AO L W EY Z HH AE D AH W AO R N IH NG,THEY ALWAYS HAD A WARNING,THEY ALWAYS HAD A WARNING,False
IH F DH EY G OW W IH DH IH T,IF THEY GO WITH IT,IF THEY GO WITH IT,False
DH AH B IH G HH EH V IY HH IH T ER Z,THE BIG HEAVY HITTERS,THE BIG HEAVY HITERS,False
W EH N DH EY S AE T D AW N AH N D L IH S AH N D T UW W AH T W IY HH AE D T UW S EY L UH K,WHEN THEY SAT DOWN AND LISTENED TO WHAT WE HAD TO SAY LOOK,WHEN THEY SAT DOWN AND LISTENED TO WHAT WE HAD TO SAY LOOK,True
DH AH IH F EH K T S AA N DH AH L OW K AH L P AA P Y AH L EY SH AH N W ER K AE T AH S T R AA F IH K,THE EFFECTS ON THE LOCAL POPULATION WERE CATASTROPHIC,THE EFFECTS ON THE LOCAL POPULATION WORK AT A STRAFFIC,False
W IY D IH S AY D IH D T UW S EH L DH AH HH ER D,WE DECIDED TO SELL THE HERD,WE DECIDED TO SELL THE HERD,True
Y UW P IH K DH AH K AH L ER Z,YOU PICK THE COLOURS,YOU PICK THE COLOURS,True
AY ' D IY AO L S OW IH L IH M AH N EY T F AO R DH AH S EY M R IY Z AH N,I'D ALSO ELIMINATE FOR THE SAME REASON,I'D ALSO IMAGINE IT FOR THE SAME REASON,True
EY T IY F UH R CH EH R IH NG K R AO S R OW D,84 CHARING CROSS ROAD,80 FOUR CHARING CROSS ROAD,True
Y UW S AO R T AH V P IY P AH L AA R S OW K AE ZH AH W AH L,YOU SORT OF PEOPLE ARE SO CASUAL,YOU SORT OF PEOPLE ARE SO CASHWELL,True
DH EY M AA R CH T F AY V HH AH N D R AH D M EH T R AH S F R AH M DH AH OW L D P R EH M AH S AH Z T UW M UH R K R OW F T EH S F AE K T ER IY,THEY MARCHED 500 METRES FROM THE OLD PREMISES TO MOORCROFT'S FACTORY,THEY MARCHED 500 METRES FROM THE OLD PREMISES TO MUHRKRUF'S FACTORY,True
SH IY EH S AH W EY F R AH M HH ER F AE M AH L IY,SHE'S AWAY FROM HER FAMILY,SHE'S A WAY FROM HER FAMILY,False
W IY S AO R T AH V IH K S P EH K T AH D T UW S IY S AH M TH IH NG DH EH R,WE SORT OF EXPECTED TO SEE SOMETHING THERE,WE SORT OF EXPECTED TO SEE SOMETHING THERE,True
AH B R AO D AH N D AE T HH OW M,ABROAD AND AT HOME,A BROKEN AT HOME,False
Y UW ' R EY AH B AW T T UW G EH T M IH D IY V AH L,YOU'RE ABOUT TO GET MEDIEVAL,YOU'RE ABOUT TO GET MEIDIVAL,True
JH OY N AH S B AE K HH IY R,JOIN US BACK HERE,JOIN US BACK HERE,True
G UH D OW L D B L AY T IY,GOOD OLD BLIGHTY,GOOD OLD BLIGHTY,False
AY G AA T AA N M AY HH AE N D Z AH N D N IY Z AH N D AY K R EH P T B IH T W IY N DH AH P IY P AH L IH N DH AH K R AW D,I GOT ON MY HANDS AND KNEES AND I CREPT BETWEEN THE PEOPLE IN THE CROWD,I GOT ON MY HANDS AND NEZZA AND I CRIED BETWEEN THE PEOPLE IN THE CROWD,True
AY G AA T IH N AH F W ER K,I GOT ENOUGH WORK,I GOT ENOUGH WORK,True
DH AH K IH D Z AA R AH P S T EH R Z,THE KIDS ARE UPSTAIRS,THE KIDS ARE UPSTAIRS,True
M EY N L IY HH AY D R OW K AA R B AH N Z AH N D DH AH ER TH,MAINLY HYDROCARBONS AND THE EARTH,MAINLY HYDROCARBONS AND THEARTH,False
P AA R T AH V EH V ER IY W AH N AH V AH S,PART OF EVERY ONE OF US,PART OF EVERYONE US,True
S AO AE N AA P ER T UW N AH T IY DH EH R T UW K R IY EY T S AH M F UW D,SAW AN OPPORTUNITY THERE TO CREATE SOME FOOD,SO AN OPPORTUNITY THERE TO CREATE SOME FOOD,True
W IY ' R EY G OW IH NG T UW T EY K AH M Y UW Z IH K R AW N D N AW,WE'RE GOING TO TAKE A MUSIC ROUND NOW,WE'RE GOING TO TAKE A MUZIC ROUND NOW,True
DH AE T EH S AO L AY AH M IH N T R AH S T AH D IH N,THAT'S ALL I'M INTERESTED IN,THAT'S ALL I'M INTERESTED IN,True
K UH D Y UW JH AH S T HH EH L P M IY,COULD YOU JUST HELP ME,COULD YOU JUST HELP ME,True
HH IY N EH V ER R IH L IY S T UH D AH CH AE N S,HE NEVER REALLY STOOD A CHANCE,HE NEVER REALLY STUDIED ACHANCE,False
Y UW D UW EH N T AY D UW EH N IY AH DH ER AE N AH M AH L Z HH IY R,YOU DON'T DO ANY OTHER ANIMALS HERE,YOU DON'T DO ANY OTHER ANIMALS HERE,True
DH EY ' R EY DH AH F Y UW CH ER,THEY'RE THE FUTURE,THEY'RE THE FEW CHEER,False
DH AH AH M EH R AH K AH N AH L AY AH N S AO R DH AH N AE SH AH N AH L HH EH L TH S ER V AH S,THE AMERICAN ALLIANCE OR THE NATIONAL HEALTH SERVICE,THE AMERICAN INSURANCE OR THE NATIONAL HEALTH SERVICE,True
B IH K AO Z DH EY AA R AH T R IH K IY S P IY SH IY Z T UW F OW T AH G R AE F AE T DH AH B EH S T AH V T AY M Z,BECAUSE THEY ARE A TRICKY SPECIES TO PHOTOGRAPH AT THE BEST OF TIMES,BECAUSE THEY ARE ATTRACTIVE SPECIES TO FOUGHT AT THE BEST OF TIMES,True
AA N DH AH AH DH ER S AY D,ON THE OTHER SIDE,ON THE OTHER SIDE,False
AY W UH D S EY P R AA B AH B L IY AH B AW T T W EH N T IH V AY F,I WOULD SAY PROBABLY ABOUT 25,I WOULD SAY PROBABLY ABOUT 25,True
AY N IY D AH B IH T AH V AH K AA N F AH D AH N S B IH L D ER,I NEED A BIT OF A CONFIDENCE BUILDER,I NEED A BIT OF CONFIDENCE BUILDER,True
Y UW ' R EY N AA T JH AH S T S T IH R IH NG L EH F T AH N D R AY T,YOU'RE NOT JUST STEERING LEFT AND RIGHT,YOU'RE NOT JUST STIRRING LEFT AND RIGHT,True
IH T EH S AH P L AH S P OY N T,IT'S A PLUS POINT,IT'S A PLUS POINT,False
Y UW K AE N N AA T P IH K AH CH AE M P IY AH N F R AH M AH L IH T ER B AH T IH F Y UW G OW F AO R DH AH R AY T L AY N Z,YOU CANNOT PICK A CHAMPION FROM A LITTER BUT IF YOU GO FOR THE RIGHT LINES,YOU CAN NOT PICK A CAMPAIGN FROM A LETTER BUT IF YOU GO FOR THE RIGHT LINE,True
B AH T S IY Z AH N AE L IH T IY D AH Z N AA T OW N L IY AH F EH K T F R UW T AH N D V EH G,BUT SEASONALITY DOES NOT ONLY AFFECT FRUIT AND VEG,BUT SEASONAL IT DOES NOT ONLY AFFECT FRUIT AND VEGETABLE,True
M AO R L AE N D S K EY P IH NG B AY DH AH R IH V ER,MORE LANDSCAPING BY THE RIVER,MORE LANDSKEEPING BY THE REIVER,True
AY TH IH NG K IH F AY W AA Z M AO R D EH F AH N AH T AH B AW T W AH N IH T W AA Z EH N T AY G OW IH NG T UW B IY AO R T UW DH AE T IH T W AA Z EH N T AY G OW IH NG T UW B IY,I THINK IF I WAS MORE DEFINITE ABOUT ONE IT WASN'T GOING TO BE OR TWO THAT IT WASN'T GOING TO BE,I THINK IF I WAS MORE DEFINITE ABOUT ONE IT WASN'T GOING TO BE OR TWO THAT IT WASNT,True
AE Z AH K AH N T R IY Y UW ' R EY M EY K IH NG S AH CH AH HH Y UW JH AH M AW N T AH V M AH N IY AO F Y AO R R IY S AO R S IH Z B UW M,AS A COUNTRY YOU'RE MAKING SUCH A HUGE AMOUNT OF MONEY OFF YOUR RESOURCES BOOM,AS A COUNTRY YOU'RE MAKING SUCH AN HUGE AMOUNT OF YOUR RESOURCES IS BOOM,False
DH AH IH G Z EH K Y AH T IH V P R AH D UW S ER,THE EXECUTIVE PRODUCER,THE EXCITATIVE PRODUCER,False
AY AH M TH ER T IY T OW AH N D AY AH M AH R IY JH AH N AH L D ER EH K T ER,I'M 32 AND I'M A REGIONAL DIRECTOR,I'M 30 AND I'M AN ARCHITECTURE DIRECTOR,False
K AH N JH EH N AH T AH L HH AA R T D IH Z IY Z,CONGENITAL HEART DISEASE,CONGENITAL HEART DISORDERS,True
DH AE T W AA Z DH AH B UH K,THAT WAS THE BOOK,THAT WAS THE BOOK,False
S M AO L HH OW L IH N AH K AE N V AH S,SMALL HOLE IN A CANVAS,SMALL HALL IN A CONVEX,True
DH AH T R AH D IH SH AH N W IY HH AE V IH N DH AH CH ER CH AH V IH NG G L AH N D IH Z AH V HH AE V IH NG AO L K AY N D Z AH V D IH F ER AH N T V Y UW Z AH N D F EY TH S,THE TRADITION WE HAVE IN THE CHURCH OF ENGLAND IS OF HAVING ALL KINDS OF DIFFERENT VIEWS AND FAITHS,THE TRADITION WE HAVE IN THE CHERCH OF ENGLAND IS OF HAVING ALL KINDS OF DIFF,True
AH N D S AH M T AY M Z Y UW K AE N F AY N D AW T AH B AW T B R EY K IH NG N UW Z,AND SOMETIMES YOU CAN FIND OUT ABOUT BREAKING NEWS,AND SOME TIMES YOU CAN FIND OUT ABOUT BREAKING NEWS,True
DH AH F ER M Z D IH F EH N D AH D ER N IH NG AH P T UW TH ER D IY IH N K AH M IH SH AH N W EH N AH K AH S T AH M ER S W IH CH AH Z,THE FIRMS DEFENDED EARNING UP TO 30 IN COMMISSION WHEN A CUSTOMER SWITCHES,THE FARMS DEFENDED THEIR PROPERTY UP TO THIRD EIGHTEEN COMMISSION WHEN A CUSTOMER SWITCHES,True
IH T EH S AH P AE SH AH N DH AE T EH S R AH F L EH K T AH D AE T AW ER V AE L Y UW EY SH AH N D EY Z,IT'S A PASSION THAT'S REFLECTED AT OUR VALUATION DAYS,IT'S A PASSION THAT'S REFLECTED AT OUR VALUATION DAYS,True
Y UW ' R EY N AA T G OW IH NG T UW B IY EY B AH L T UW G R OW M AE S AH Z AH V R OW D OW D EH N R AH N Z AH N D AH Z EY L Y AH Z,YOU'RE NOT GOING TO BE ABLE TO GROW MASSES OF RHODODENDRONS AND AZALEAS,YOU'RE NOT GOING TO BE ABLE TO GROW MASSES OF ROAD DENNIS AND ALEX,True
SH IY EH S T EY K IH NG Y AO R M AH N IY,SHE'S TAKING YOUR MONEY,SHE'S TAKE YOUR MONEY,False
W IH DH AH R AE F T AH V P R AH D AH K SH AH N Z S EH L AH B R EY T IH NG AH M OW M EH N T AH S AE N AH V ER S ER IY,WITH A RAFT OF PRODUCTIONS CELEBRATING A MOMENTOUS ANNIVERSARY,WITH A RAFT OF PRODUCTIONS CELEBRATING AMERICAN SERIES,False
B IH K AO Z AO L AH V AW ER M EY N R IH V ER Z HH AE V L AO S T DH EH R W AO T ER V OW L Z N AW,BECAUSE ALL OF OUR MAIN RIVERS HAVE LOST THEIR WATER VOLES NOW,BECAUSE ALL OF OUR MAIN RIVERS HAVE LOST THEIR WATER VOLTS NOW,True
DH EY S EY DH EH R EH S AH B AH N CH AH V F IH F TH K AA L AH M N AH S T S OW V ER DH EH R,THEY SAY THERE'S A BUNCH OF FIFTH COLUMNISTS OVER THERE,THEY SAY THERE'S A BUNCH OF 5 CALIBRE OVER THEIR,True
AY K AH L EH K T M AY D IH V IY,I COLLECT MY DIVVY,I COLLECT MY DIVINE,True
AY AH M G R OW IH NG DH EH M T UW,I'M GROWING THEM TOO,I'M GROWING THEM TO,True
Y UW K UH D AO L M OW S T S IY DH AH G AY IH N HH IH Z SH EH D M EY K IH NG DH EH M,YOU COULD ALMOST SEE THE GUY IN HIS SHED MAKING THEM,YOU COULD ALL MOST SEE THE GUINEA IN HIS SHEDED MAKING THEM,True
F IH F T IY F AO R DH IH S S IH L AH N D ER,50 FOR THIS CYLINDER,45 FOR THIS SILANDER,True
AH N D DH AE T D AH Z N AA T M EY K S EH N S T UW D AY V ER T IH N T UW AO R L AE N D OW AO R M AY AE M IY W IH CH,AND THAT DOES NOT MAKE SENSE TO DIVERT INTO ORLANDO OR MIAMI WHICH,AND THAT DOES NOT MAKE SENSE TO DIVERT INTO ORLANDO OR MY AMIE WHICH,True
K AH L AW R AH N D HH Y UW M AH N F AO R M,COLOUR AND HUMAN FORM,CALOUR AND HUMAN FORM,False
AH N D W EH N M AY S IH S T ER HH AE D HH ER,AND WHEN MY SISTER HAD HER,AND WHEN MY SISTER HAD HER,True
DH EY M EY D AO L S AO R T S AH V D IH F ER AH N T TH IH NG Z,THEY MADE ALL SORTS OF DIFFERENT THINGS,THEY MADE ALL SORTS OF DIFFERENT THINGS,True
R EH D IY T UW M UW V IH N T UW,READY TO MOVE INTO,READY TO MOVE IN TWO,True
B AH T DH EH R W AA Z S AH F IH SH AH N T F AO R DH EH M T UW B IH L IY V DH AE T DH EH R W AA Z AH L IH NG K,BUT THERE WAS SUFFICIENT FOR THEM TO BELIEVE THAT THERE WAS A LINK,BUT THERE WAS SUCH A SENTIMENT FOR THEM TO BELIEVE THAT THERE WAS ALINK,True
AH B Y UW S AA N AH M AE S IH V S K EY L,ABUSE ON A MASSIVE SCALE,A BEAUSSANCE MASSIVE SCALE,False
W IY ' R EY N AA T G OW IH NG T UW S T EY HH IY R AO L N AY T,WE'RE NOT GOING TO STAY HERE ALL NIGHT,WE'RE NOT GOING TO STAY HERE ALL NIGHT,True
B AY M AY R EH K AH N IH NG,BY MY RECKONING,BY MY RECKONING,True
AH N D W IY N AW W AA N T T UW B IH L D AH HH AW S,AND WE NOW WANT TO BUILD A HOUSE,AND WE KNOW WANT TO BUILD A HOUSE,True
S T AA P DH EH R B AO L AA N DH AH EH JH AH N D DH EY ' L EH L G EH T TH AW Z AH N D Z,STOP THEIR BALL ON THE EDGE AND THEY'LL GET THOUSANDS,STOP THEIR BALL ON THE EDGE AND THEY'LL GET THOUSANDS,True
F Y UW W UH D N AW D IH F EH N D DH AH HH Y UW JH IH N K R IY S IH N N AH M B ER Z,FEW WOULD NOW DEFEND THE HUGE INCREASE IN NUMBERS,FEW WOULD KNOW DEFEND THE HUGE INCREASE NUMBERS,True
AH N D OW P IH NG Y UW W IH L W IH N,AND OPING YOU WILL WIN,AND OPIE WILL WIN,True
AY P ER S AH N AH L IY W EH N T AW T T UW B ER T AH N AE T DH AE T T AY M,I PERSONALLY WENT OUT TO BURTON AT THAT TIME,I PERSONALLY WENT OUT TO BERTON AT THAT TIME,True
DH AH B IY M AH V L AY T B AW N S IH NG B IH T W IY N DH AH M IH R ER Z,THE BEAM OF LIGHT BOUNCING BETWEEN THE MIRRORS,THE BEAM OF LIGHT BETWEEN THE MERIDIAN,False
IH T EH S R EH L AH T IH V L IY HH AA S T AH L,IT'S RELATIVELY HOSTILE,IT'S RELATIVELY HOSTILE,True
AY ' V IY G AA T AH D R AA P AH V AO R D AH N EH R IY S IY W AA T ER,I'VE GOT A DROP OF ORDINARY SEAWATER,I'VE GOT A DROP OF ORANGE SEWAGE WATER,False
AH N D IH T G OW Z R IH L IY HH AY AH N D EH V ER IY N AY T,AND IT GOES REALLY HIGH AND EVERY NIGHT,AND IT GOES REALLY HIGH AND EVER NIGHT,True
HH UW W AA N T AH D T UW T EY K IH T AA N,WHO WANTED TO TAKE IT ON,WHO WANTED TO TAKE IT ON,True
AH N D L EH JH AH N D HH AE Z IH T DH AE T S AH M F AO R,AND LEGEND HAS IT THAT SOME 4,AND LEGEND HAS IT THAT SOME FOR,True
AH N D AY F ER S T W EH N T DH EH R F AO R T IY Y IH R Z AH G OW,AND I FIRST WENT THERE 40 YEARS AGO,AND IF FIRST 20 YEARS AGO,True
DH AH CH AY N IY Z P L EY T K EY M IH N,THE CHINESE PLAIT CAME IN,THE CINEMA PLATE CAMERA,True
AY K AE N N AW D IY L W IH DH DH AH EH V R IY D EY,I CAN NOW DEAL WITH THE EVERYDAY,I CAN NO DEAL WITH THE EVERYDAY,True
AH L AA T AH V P IY P AH L T R AY IH T,A LOT OF PEOPLE TRY IT,ALLOT OF PEOPLE TRY IT,False
IH Z IH T R IH L IY W ER TH T EY K IH NG IH T AA N,IS IT REALLY WORTH TAKING IT ON,IS IT REALLY WORTH TAKING IT ON,False
IH F Y UW S IY EH N IY F EH R IY Z,IF YOU SEE ANY FAIRIES,IF YOU SEE ANY FEARS,True
DH AH P OW S T AO F AH S,THE POST OFFICE,THE POST OFFICE,False
AY AH M JH AH S T TH IH NG K IH NG,I'M JUST THINKING,I'M JUST THINKING,False
N OW B AA D IY EH S G OW IH NG T UW S EH L DH EH R S T EY T S IY K R AH T S,NOBODY'S GOING TO SELL THEIR STATE SECRETS,NOBODY'S GOING TO SELL THEIR STATE SECRETS,True
AY ' D IY R AE DH ER DH EH M D UW AW T K AO L Z AH N D K AH M T UW M IY,I'D RATHER THEM DO OUT CALLS AND COME TO ME,I'D PREFER THEM DO OUT CALLS AND COME TO ME,True
DH AH P AH S T UW R IH N S T AH T UW T HH AE Z B IH N P R AY M EH R AH L IY IH N V AA L V D IH N R IY S ER CH IH NG,THE PASTEUR INSTITUTE HAS BEEN PRIMARILY INVOLVED IN RESEARCHING,THE POSTER INSTITUTE TO HAS BEEN PRIMARILY INVOLVED IN RESEARCHING,True
M AO R AH N D M AO R P IY P AH L W UH D L AH V T UW HH AE V DH EH R OW N P R AA P ER T IY P AO R T F OW L IY OW,MORE AND MORE PEOPLE WOULD LOVE TO HAVE THEIR OWN PROPERTY PORTFOLIO,MORE AND MORE PEOPLE WOULD LOVE TO HAVE THEIR OWN PROPERTY PORTFOLIO,True
AH N D L AE S T S AH M ER,AND LAST SUMMER,AND LAST SUMMER,True
W EH N Y UW T EY K AO F,WHEN YOU TAKE OFF,WHEN YOU TAKE OFF,True
AY L AH V EH V R IY TH IH NG D EY N IH SH,I LOVE EVERYTHING DANISH,I LOVE EVERYTHING DANISH,True
AY S EY DH AE T IH N DH AH HH OW P DH AE T DH OW Z AH V Y UW HH UW D UW EH N T AY HH AE V AH S EH N S AH V HH Y UW M AO R W IH L AE T L IY S T B IY,I SAY THAT IN THE HOPE THAT THOSE OF YOU WHO DON'T HAVE A SENSE OF HUMOUR WILL AT LEAST BE,I SAY THAT IN THE HOPE THAT THOSE OF YOU WHO DON'T HAVE A SENSE OF HUMOUR WILL,True
B AH T IH T D AH Z S IY M DH AE T DH EH R IH Z W AH N P ER T IH K Y AH L ER F UW D W EH R DH AH D IH M AE N D F AO R IH T T UW B IY F R EH SH,BUT IT DOES SEEM THAT THERE IS ONE PARTICULAR FOOD WHERE THE DEMAND FOR IT TO BE FRESH,BUT IT DOES SEEM THAT THERE IS ONE PARTICULAR FOOD WHERE THE DEMAND FOR IT TO BE FRESH,True
DH EH N DH EH R W IH L B IY AH T AY B R EY K,THEN THERE WILL BE A TIE BREAK,THEN THERE WILL BE A TYBRAE BREAK,True
IH T EH S N AA T AE N IH G Z AE K T S AY AH N S,IT'S NOT AN EXACT SCIENCE,IT'S NOT AN EXCITING SCIENCE,True
F ER S T W AH N T UW T EH N G EH T S,FIRST ONE TO TEN GETS,FIRST ONE TO TEN GETS,True
AH K AO R D IH NG T UW DH AH G IH N AH S B UH K AH V R AH K AO R D Z,ACCORDING TO THE GUINNESS BOOK OF RECORDS,ACCORDING TO THE GENUS BOOK OF RECORDS,True
AY K AH EH N T AY D UW DH IH S,I CAN'T DO THIS,I CAN'T DO THIS,True
F AO R DH AH F ER S T T AY M,FOR THE FIRST TIME,FOR THE FIRST TIME,True
Y UW D UW EH N T AY EH V ER AE S K DH AE T K W EH S CH AH N B IH K AO Z Y UW W IH L N EH V ER,YOU DON'T EVER ASK THAT QUESTION BECAUSE YOU WILL NEVER,YOU DON'T EVER ASK THAT QUESTION BECAUSE YOU WILL NEVER,True
Y UW K AH EH N T AY D UW DH AE T,YOU CAN'T DO THAT,YOU CAN'T DO THAT,True
B AH T L EH T EH S G OW AH N D HH AE V AH L UH K AE T IH T EH N IY W EY,BUT LET'S GO AND HAVE A LOOK AT IT ANYWAY,BUT LET'S GO AND HAVE A LOOK AT IT ANYWAY,True
AY W OW EH N T AY S IY Y UW F AO R T UW W IY K S,I WON'T SEE YOU FOR TWO WEEKS,I WON'T SEE YOU FOR TWO WEEKS,True
AH N D SH IY IH Z DH AH W AH N G EH T IH NG DH AH B L EY M,AND SHE IS THE ONE GETTING THE BLAME,AND SHE IS THE ONE GETTING THE BLAME,True
W IH DH W AH N V OY S AH G R IY AH B AH L,WITH ONE VOICE AGREEABLE,WITH ONE VOICE A GROUPABLE,True
S AY D ER W IH DH R OW Z IY,CIDER WITH ROSIE,SIDE WITH ROSEMARY,True
G OW IH NG AH N D ER DH AH HH AE M ER R AY T N AW,GOING UNDER THE HAMMER RIGHT NOW,GO UNDER THE HAMMER RIGHT NOW,True
AH L AW IH NG Y UW T UW M EY K M EH N IY AE N AW T F IH T P AA P,ALLOWING YOU TO MAKE MANY AN OUTFIT POP,ALLOWING YOU TO MAKE MONEY AUTOMATICALLY,True
G EH T S DH AH S EY M T R EY N T UW AH N D F R AH M W ER K,GETS THE SAME TRAIN TO AND FROM WORK,GETS THE SAME TRAIN TO AND FROM WORK,True
D EY V IH D K AE M ER AH N W EH L K AH M D IH T,DAVID CAMERON WELCOMED IT,DAVID CAMERON WALKED IT,False
AY L AH V EH V R IY TH IH NG AH B AW T Y UW,I LOVE EVERYTHING ABOUT YOU,I LOVE EVERYTHING ABOUT YOU,True
W IH DH S OW M EH N IY P R AA D AH K T S K AH M IH NG F R AH M S OW M EH N IY D IH F ER AH N T S AH P L AY ER Z,WITH SO MANY PRODUCTS COMING FROM SO MANY DIFFERENT SUPPLIERS,WITH SO MANY PRODUCTS COMING FROM SO MANY DIFFERENT SUPPLIERS,True
HH AE N D IY F AO R DH AH L EY K D IH S T R IH K T,HANDY FOR THE LAKE DISTRICT,HANDIE FOR THE LAKE DISTRICT,True
AY P R IH D IH K T DH AE T W IH L M EY K B IH T W IY N W AH N HH AH N D R AH D F IH F T IY AH N D T UW HH AH N D R AH D F IH F T IY,I PREDICT THAT WILL MAKE BETWEEN 150 AND 250,I PREDEICT THAT WILL MAKE BETWEEN 120 AND TWO HUNDRED,True
AY TH IH NG K DH EH R W AA Z AH N EH T W ER K AH V P IY P AH L DH AE T W ER IH K S CH EY N JH IH NG P IH K CH ER Z AH N D DH AH P AH L IY S K AA T W AH N AH V,I THINK THERE WAS A NETWORK OF PEOPLE THAT WERE EXCHANGING PICTURES AND THE POLICE CAUGHT ONE OF,I THINK THERE WAS AN NETWORK OF PEOPLE THAT WERE EXCHANGING PICURES AND THE PUBLIC SCOT ONE,True
HH IY R IH N P ER TH CH ER,HERE IN PERTHSHIRE,HERE IN PERTH CHER,True
W IH DH IH N AH L OW K EY SH AH N DH AE T Y UW W AA N T AH D,WITHIN A LOCATION THAT YOU WANTED,WITHIN A LOCALE THAT YOU WANTED,True
T ER N D IH N T UW EH N T ER T EY N M AH N T,TURNED INTO ENTERTAINMENT,TURNED INTO ENTERTAINMENT,False
AH N D W EH N W IY L EH F T DH AH AE K SH AH N,AND WHEN WE LEFT THE ACTION,AND WHEN WE LEFT THE AUCTION,True
DH AE T EH S AO L DH EY D UW,THAT'S ALL THEY DO,THAT'S ALL THEY DO,True
W IY AA R K AH M IH NG B AE K,WE ARE COMING BACK,WE ARE COMING BACK,True
B AH T DH AH F IH N IH SH IH Z AW T S T AE N D IH NG,BUT THE FINISH IS OUTSTANDING,BUT THE FINISH IS OUTSTANDING,True
AY AE M K AA T B IH T W IY N DH AH D EH V AH L AH N D DH AH D IY P,I AM CAUGHT BETWEEN THE DEVIL AND THE DEEP,I AM CATBITWEEN THE DEVELOPMENT AND THE DEEP,True
W IY W ER T AO K IH NG AH B AW T F ER T IH L AH T IY P R EH Z ER V EY SH AH N,WE WERE TALKING ABOUT FERTILITY PRESERVATION,WE WERE TALKING ABOUT FOOD SAFETY PRESERVATION,True
W AH T AH B AW T DH AH K L IH N IH K T AY M T EY B AH L Z,WHAT ABOUT THE CLINIC TIMETABLES,WHAT ABOUT THE CLINIC TIME TABLES,False
AH N D DH EY T UH K M IY S T R EY T IH N,AND THEY TOOK ME STRAIGHT IN,AND THEY TOOK ME STRAIGHT IN,True
AO L R AY T F AO R DH AH IH S T AE B L IH SH M AH N T T UW T EH L M IY OW P AH N DH AH B AO R D ER Z,ALL RIGHT FOR THE ESTABLISHMENT TO TELL ME OPEN THE BORDERS,ALL RIGHT FOR THE ESTABLISHMENT TO TELEME OPEN UP ON THE BORDER,True
B AY V ER CH UW AH V DH OW Z T AH F,BY VIRTUE OF THOSE TOUGH,BY VERSION OF THOSE TOFF,True
T UW EH N SH UH R DH AE T DH AH V IH K T AH M IH Z B L IH S F AH L IY AH N AH W EH R DH AE T IH T EH S EH V ER B IH N HH AE D,TO ENSURE THAT THE VICTIM IS BLISSFULLY UNAWARE THAT IT'S EVER BEEN HAD,TO ENSURE THAT THE VICTIM IS BLISSFULLY UNAWARE THAT IT'S EVER BEEN HEAD,True
AY ' V IY F AO T F AO R EH V R IY TH IH NG AY ' V IY G AA T IH N L AY F,I'VE FOUGHT FOR EVERYTHING I'VE GOT IN LIFE,I'VE FOUGHT FOR EVERYTHING I've GOT IN LIFE,True
DH EY K EH P T IH T F AO R TH R IY M AH N TH S,THEY KEPT IT FOR THREE MONTHS,THEY KEPT IT FOR THREE MONTHS,True
AO R SH UH D AY S EY K AA F IY,OR SHOULD I SAY COFFEE,OR SHOULD I SAY COFFEE,True
W EH N S AH M TH IH NG G OW Z R AO NG W IH DH M AY K AA R,WHEN SOMETHING GOES WRONG WITH MY CAR,WHEN SOMETHING GOES WRONG WITH MY CAR,True
DH AE T HH IY R OW T M EH N IY AH V HH IH Z G R EY T AH S T W ER K S,THAT HE WROTE MANY OF HIS GREATEST WORKS,THAT HERE ORT MENIE OF HIS GREAT WORKS,False
W EH R D AH Z DH AH P IH G F IH T IH N T UW AO L DH AE T,WHERE DOES THE PIG FIT INTO ALL THAT,WHERE DOES THE PIG FIT IN TO ALL THAT,True
P AA R T IH K Y AH L ER L IY F AO R Y AH NG P EH R AH N T S,PARTICULARLY FOR YOUNG PARENTS,PARTICULARLY FOR YOUNG PARENTS,True
IH T EH S AH G UH D HH AW S IH N AH N AY S L OW K EY SH AH N,IT'S A GOOD HOUSE IN A NICE LOCATION,IT'S A GOOD HOUSE IN AN ISOLATION,True
B IH K AO Z Y UW M AY T B IY N AY S AH N D K OW Z IY W IH DH DH AH OW L D B IH L,BECAUSE YOU MIGHT BE NICE AND COSY WITH THE OLD BILL,BECAUSE YOU MIGHTBE INSINCERE WITH THE OLD BILL,True
IH T EH S M EY D M AY D EY,IT'S MADE MY DAY,IT'S MADE MY DAY,True
W IH CH IH Z W AY AY AO L W EY Z S EY JH IY Z AH S AH N D N AA T DH AH L AO R D,WHICH IS WHY I ALWAYS SAY JESUS AND NOT THE LORD,WHICH IS WHY I ALWAYS SAY GEORGE AND NOT THE LORD,True
W IY ' R EY HH IY R IH NG AH B AW T DH AH IH K S T R AO R D AH N EH R IY B R EY V ER IY AH V P IY P AH L HH UW P UH T DH EH M S EH L V Z IH N HH AA R M EH S W EY T UW P R AH T EH K T,WE'RE HEARING ABOUT THE EXTRAORDINARY BRAVERY OF PEOPLE WHO PUT THEMSELVES IN HARM'S WAY TO PROTECT,WE'RE HEARING ABOUT THE EXTRAORDINARY BRAVERY OF PEOPLE WHO PUT THEMSELVES IN HARM'S WAY TO,True
AY ' V IY G AA T AH L IH T AH L S ER P R AY Z F AO R Y UW,I'VE GOT A LITTLE SURPRISE FOR YOU,I'VE GOT A LITTLE SURPRISE FOR YOU,True
DH EH R IH Z DH AH P L EY G,THERE IS THE PLAGUE,THERE IS THE PLACE,True
AW ER JH AA B Z AA R AE T S T EY K,OUR JOBS ARE AT STAKE,OUR JOBS ARE AT STAKE,True
DH AE T IH Z IH N T R AH S T IH NG,THAT IS INTERESTING,THAT IS INTERESTING,False
AH N D IH F Y UW AA R AW T B IH F AO R D AO N,AND IF YOU ARE OUT BEFORE DAWN,AND IF YOU ARE OUT BEFORE DON,True
DH AE T S AH M W AH N EH L S W UH D B IY AE D V AY Z IH NG DH EH M AH N D HH EH L P IH NG DH EH M,THAT SOMEONE ELSE WOULD BE ADVISING THEM AND HELPING THEM,THAT SOMEONE ELSE WOULD BE ADVISING THEM AND HELPING THEM,True
S OW DH EY P OW Z N OW TH R EH T AE T AO L T UW HH Y UW M AH N Z,SO THEY POSE NO THREAT AT ALL TO HUMANS,SO THEY POSE NO THREAT AT ALL TO HUMANS,True
HH EH N R IY T UW D ER M AA R CH T AA N IH NG G L AH N D AH N D HH EH N R IY,HENRY TUDOR MARCHED ON ENGLAND AND HENRY,HENRY TOUDER MARCHE 1688 ANDHENRI,False
IH T M EY K S S AH CH AH B AE D IH M P R EH SH AH N,IT MAKES SUCH A BAD IMPRESSION,IT MAKES SUCH A BAD IMPRESSION,False
V EH R IY P L IY Z D W IH DH IH T,VERY PLEASED WITH IT,VERY PLEASED WITH IT,True
DH EH R EH S AH S ER T AH N,THERE'S A CERTAIN,THERE'S A CERTAIN,False
SH IY W AA Z DH IH S AH M EY Z IH NG,SHE WAS THIS AMAZING,SHE WAS THIS AMAZING,False
DH AE T DH AH Y UW N AY T AH D N EY SH AH N Z T EH L Z AH S DH AE T OW V ER F IH F T IY AH V DH AH HH Y UW M AH N P AA P Y AH L EY SH AH N,THAT THE UNITED NATIONS TELLS US THAT OVER 50 OF THE HUMAN POPULATION,THAT THE UNIQUED NAZIS TELEGRAPHED US THAT OVER 50 OF THE HUMAN POPULATION,False
R IH M EH M B ER P AE M EH S L IH T AH L AH K EY ZH AH N AH L T EY B AH L,REMEMBER PAM'S LITTLE OCCASIONAL TABLE,REMEMBER PAUL'S LITTLE ACADEMIC TABLE,False
IH T EH S AH B AW T T AY M W IY G AA T D AW N T UW B IH Z N AH S,IT'S ABOUT TIME WE GOT DOWN TO BUSINESS,IT'S ABOUT TIME WE GOT DOWN TO BUSINESS,True
AH N D W IY TH AO T IH T W AA Z G OW IH NG T UW D AY,AND WE THOUGHT IT WAS GOING TO DIE,AND WE THINK IT WAS GOING TO DIE,True
AY ' D IY L AY K T UW B IY M AO R D EY N JH ER AH S,I'D LIKE TO BE MORE DANGEROUS,I'D LIKE TO BE MORE DANIELLE,True
AO L DH IY Z P L AE N T S W UH D D AY,ALL THESE PLANTS WOULD DIE,ALL THESE PLANTS WOULD DIE,True
M AY TH IH NG K IH NG W AA Z N AA T M AY OW N,MY THINKING WAS NOT MY OWN,MY THINKING WAS NOT MINE,True
R AY T N AW IH T EH S T AY M F AO R M IY T UW JH OY N AH P W IH DH AW ER EH K S P ER T S B AE K AE T DH AH V AE L Y UW EY SH AH N D EY,RIGHT NOW IT'S TIME FOR ME TO JOIN UP WITH OUR EXPERTS BACK AT THE VALUATION DAY,RIGHT NOW IT'S TIME FOR ME TO JOIN UP WITH OUR EXPERTS BACK AT THE VALUATION DAY,True
T OW S T IH NG S AH M AH V DH AH S EH L AH B R EY SH AH N Z DH AE T W IY ' V IY T EY K AH N P AA R T IH N OW V ER DH AH Y IH R Z,TOASTING SOME OF THE CELEBRATIONS THAT WE'VE TAKEN PART IN OVER THE YEARS,TO STING SOME OF THE CELEBRATIONS THAT WE'VE TAKE UP PART IN OVER THE YEARS,True
HH AE V DH AH Z UW L UW S T EY T AH V M AY N D,HAVE THE ZULU STATE OF MIND,HAVE THE US STATE OF MIND,True
DH AE T K UH D B IY HH AE N D HH EH L D T UW Y UW S AE Z AH L UH K IH NG G L AE S T UW S IY Y AO R OW N R AH F L EH K SH AH N,THAT COULD BE HANDHELD TO USE AS A LOOKING GLASS TO SEE YOUR OWN REFLECTION,THAT COULD BE HAND HELD TO YOU AS A LOOKING GLASS TO SEE YOUR OWN REFLECTION,True
DH EH R EH S M AO R T UW L AY F DH AE N M AH N IY,THERE'S MORE TO LIFE THAN MONEY,THERE'S MORE TO LIFE THAN MONEY,True
IH T IH Z G OW IH NG T UW T EY K AH S S AH M T AY M AA N DH AH B IH G AH S T T EH L AH S K OW P S IH N DH AH W ER L D,IT IS GOING TO TAKE US SOME TIME ON THE BIGGEST TELESCOPES IN THE WORLD,IT IS GOING TO TAKE US SOME TIME ON THE BIGGEST TELESCOPE IN THE WORLD,True
DH IH S IH Z W AH T HH IY S EH D,THIS IS WHAT HE SAID,THIS IS WHAT HE SAID,False
B AH T DH EH N AE T S AH M S T EY JH,BUT THEN AT SOME STAGE,BUT THEN AT SOME STAGE,True
P L IY Z F IY L F R IY T UW CH EH K AO L DH AH F AE K T S,PLEASE FEEL FREE TO CHECK ALL THE FACTS,PLEASE FEEL FREE TO CHECK ALL THE FACTS,True
S OW DH IH S IH Z W AH T W IY ' V IY B IH N P L EY IH NG T AH W AO R D Z,SO THIS IS WHAT WE'VE BEEN PLAYING TOWARDS,SO THIS IS WHAT WE'VE BEEN PLAYING TOWARDS,True
AE T DH AH S EY M P R AY S,AT THE SAME PRICE,AT THE SAME PRICE,False
W EH N HH IY W AA Z P OY N T AH D AW T,WHEN HE WAS POINTED OUT,WHEN HE WAS POINTED OUT,True
L AY K M EY K IH NG S AH M EH N T,LIKE MAKING CEMENT,LIKE MAKING SOMETHING,False
IH T W AA Z JH AH S T R IH L IY K AH N S T R AH K T IH V AH N D R IH L IY HH EH L P F AH L,IT WAS JUST REALLY CONSTRUCTIVE AND REALLY HELPFUL,IT WAS JUST REALLY CONSTRUCTIVE AND VERY HELPFUL,False
DH AE T F R AE NG K EH S Y UW ZH AH W AH L HH OW M IH Z DH AH N UW Z B UH L IH T AH N,THAT FRANK'S USUAL HOME IS THE NEWS BULLETIN,THAT FRANK'S USEFUL HOME IS THE NEWZBULLITEN,False
IH T G EY V B ER TH T UW AH N UW F AO R M AH V B IH G B AH K S,IT GAVE BIRTH TO A NEW FORM OF BIG BUCKS,IT GAVE BIRTH TO A NEW FORM OF BIG BOX,True
AY HH OW P Y UW ' V IY EH N JH OY D DH AH SH OW,I HOPE YOU'VE ENJOYED THE SHOW,I HOPE YOU'VE ENJOYED THE SHOW,True
D UW IH NG IH T L AY K W IY ' V IY JH AH S T D AH N,DOING IT LIKE WE'VE JUST DONE,DOING IT LIKE WE'VE JUST DONE,True
EH N IY TH IH NG F R AH M F AY V,ANYTHING FROM 5,ANYTHING FROM 5,False
AH N D DH AH M AE N HH UW M EY D DH AH D IH S K AH V ER IY,AND THE MAN WHO MADE THE DISCOVERY,AND THE MAN WHO MADE THE DISCOVERY,True
AH N D IH N DH IH S P R OW G R AE M,AND IN THIS PROGRAMME,AND IN THIS PROGRAMME,True
DH AH B AE K AH V M AY N EH K EH S L UH K IH NG M AY T IY P R IH T IY,THE BACK OF MY NECK'S LOOKING MIGHTY PRETTY,THE BACK OF MY NECK IS LOOKING Mighty Pretty,False
W IH CH IH Z IH G Z AE K T L IY W AH T DH EY ' R EY D UW IH NG AH P IH N DH IH S CH ER CH T AW ER,WHICH IS EXACTLY WHAT THEY'RE DOING UP IN THIS CHURCH TOWER,WHICH IS EXACTLY WHAT THEY'RE DOING UP IN THIS CATHEDRAL,True
IH T HH AE Z K AH M AW T IH G Z AE K T L IY DH AH S EY M,IT HAS COME OUT EXACTLY THE SAME,IT HAS COME TOGETHER ACTUALLY THE SAME,False
B AH T AH N L AY K EH N IY AH DH ER K AE R AH V AE N EH N TH UW Z IY AE S T,BUT UNLIKE ANY OTHER CARAVAN ENTHUSIAST,BUT UNLIKE ANY OTHER CAR OF AN ENTIRELY DIFFERENT,True
Y UW W AA N T T UW F AY N D M IY,YOU WANT TO FIND ME,YOU WANT TO FIND ME,True
IH T F AO L Z T UW B IH T S F EH R L IY K W IH K L IY,IT FALLS TO BITS FAIRLY QUICKLY,IT FALLS TO BITS FAR LESS QUICKLY,True
AY W AA N T AH D IH V AO R S,I WANT A DIVORCE,I WANTED FOUR,True
AY AH M T EH R AH B L IY S AA R IY,I'M TERRIBLY SORRY,I'M TERABLY SCARY,False
B AH T Y UW N OW W AH T,BUT YOU KNOW WHAT,BUT YOU KNOW WHAT,True
IH T IH Z M AH CH M AO R IH M P AO R T AH N T DH AE T W IY G EH T DH AH R AY T P IY P AH L T UW D UW DH AH JH AA B Z,IT IS MUCH MORE IMPORTANT THAT WE GET THE RIGHT PEOPLE TO DO THE JOBS,IT IS MUCH MORE IMPORTANT THAT WE GET THE RIGHT PEOPLE TO DO THE JOBS,True
S OW W EH N DH AH K AH S T AH M ER K EY M IH N DH AH N EH K S T M AO R N IH NG,SO WHEN THE CUSTOMER CAME IN THE NEXT MORNING,SO WHEN THE CUSTOMER CAME IN THE NEXT MORNING,True
K AH M IH NG AH P AA N T AH N AY T EH S SH OW,COMING UP ON TONIGHT'S SHOW,COMING UP ON POINTLESS SHAWS,True
F R AH M Y UW L IH B ER EY T IH D Y AH NG P IY P AH L,FROM YOU LIBERATED YOUNG PEOPLE,FROM YOU LIBERATE IDEALISTIC PEOPLE,True
W IH TH AW T P IY P AH L L AY K Y UH R S EH L V Z,WITHOUT PEOPLE LIKE YOURSELVES,WITHOUT PEOPLE LIKE YOU RESCUE,False
P AO R T R AH T S T EH N D AH D T UW B IY HH EH D AH N D SH OW L D ER Z Y UW K UH D CH UW Z W IH CH W EY Y UW L UH K T T UW G EH T Y AO R B EH S T,PORTRAITS TENDED TO BE HEAD AND SHOULDERS YOU COULD CHOOSE WHICH WAY YOU LOOKED TO GET YOUR BEST,PORTRATS STOOD TO BE HEAD AND SHOULDERS ABOVE YOU COULD CHOOS WHICH WAY YOU LOOKED TO GET,True
P IY P AH L D UW EH N T AY L UH K HH AA R D IH N AH F AO F AH N,PEOPLE DON'T LOOK HARD ENOUGH OFTEN,PEOPLE DON'T LOOK HARD ENOUGH,False
B AH T DH EH R W AA Z M AO R T UW IH T DH AE N DH AE T,BUT THERE WAS MORE TO IT THAN THAT,BUT THERE WAS MORE TO IT THAN THAT,True
DH AH M IH D IY V AH L CH ER CH W AA Z AH B AW T T UW F EY S IH T S OW N D EY AH V,THE MEDIEVAL CHURCH WAS ABOUT TO FACE ITS OWN DAY OF,THE MEDIEVAL CATHEDRAL WAS ABOUT TWO FEET SOON AFTER,True
AY ' V IY K AH M T UW B AO S K OW B AH L HH AW S AA N DH AH EH JH AH V SH R AA P SH AY R,I'VE COME TO BOSCOBEL HOUSE ON THE EDGE OF SHROPSHIRE,I'VE COME TO BOSS COBOL HOUSE ON THE EDGE OF SHEFFIELD,True
W IY SH UH D G EH T R IH D AH V IH T,WE SHOULD GET RID OF IT,WE SHOULD GET RID OF IT,True
AY ' V IY S AO T AW T AH CH ER CH,I'VE SOUGHT OUT A CHURCH,I'VE SOUGHT OUT A CHERCHE,False
IH T EH S AH D IH F ER AH N T S T AO R IY,IT'S A DIFFERENT STORY,IT'S A DIFFERENT STORY,True
W AH N L AE S T G L AE N S,ONE LAST GLANCE,ONE LAST GLANCE,True
N AA T AH V AE S T AH M AW N T AH V K AE SH,NOT A VAST AMOUNT OF CASH,NOT A STAMPEDE OF CASH,True
T UW S EY DH AE T K AA N D AH M Z,TO SAY THAT CONDOMS,TO SAY THAT CONDITIONS,True
AY JH AH S T F EH L T AH R IY L S EH N S AH V K AA M W EH N AY S T UH D AH P T UW AE K CH AH W AH L IY P ER F AO R M,I JUST FELT A REAL SENSE OF CALM WHEN I STOOD UP TO ACTUALLY PERFORM,I JUST FEEL REAL SENSE OF COMFORT WHEN I STUDIED UP TO ACTUALLY PERFORM,True
IH N T UW W AH N P ER T IH K Y AH L ER P R OW G R AE M,INTO ONE PARTICULAR PROGRAMME,INTO ONE PARTICULAR PROGRAMME,True
AH N D DH IY Z P IY P AH L W ER IH N V EY D ER Z,AND THESE PEOPLE WERE INVADERS,AND THESE PEOPLE WEAR INVADEZ,False
W AY L S T AH K R AO S DH AH W ER L D DH EY ' R EY K AA Z IH NG HH AE V AH K W IH DH DH EH R AH G R EH S IH V F AO R AH N P AA L AH S IY,WHILST ACROSS THE WORLD THEY'RE CAUSING HAVOC WITH THEIR AGGRESSIVE FOREIGN POLICY,WHILE STUCK CROSS THE WORLD THEY'RE CAUSING HAVOC WITH THEIR ARGUESSIVE POLICY,True
W AH N AA N T AA P AH V DH AH AH DH ER,ONE ON TOP OF THE OTHER,ONE ON TOP OF THE OTHER,True
AO R S AH M AH N Z AH P AE N IH M OW SH AH N SH IY S IH NG Z,OR SUMMONS UP AN EMOTION SHE SINGS,OR SOMEONCE UP ON A MISSION SHE SINGS,True
F AO R DH AH P AE S T T EH N Y IH R Z,FOR THE PAST TEN YEARS,FOR THE PAST 10 YEARS,True
W IH DH W AY T K R IH S M AH S,WITH WHITE CHRISTMAS,WITH WHITE CHRISTMAS,True
AA R Y UW IY T IH NG P R AA P ER L IY,ARE YOU EATING PROPERLY,ARE YOU EATING PROPERLY,True
AH N D EH N IY B AH D IY SH UH D AH P L AY,AND ANYBODY SHOULD APPLY,AND ANYBODY SHOULD APPLY,False
HH IY EH M P L OY Z AH SH OW F ER T UW D IH L IH V ER HH IH Z P AH N CH L AY N Z,HE EMPLOYS A CHAUFFEUR TO DELIVER HIS PUNCH LINES,HE EMPLOYS A SHOW FOR TWO DELIVER HIS POINTS,True
S OW AY F IY L L AY K AY ' V IY D IH S K AH V ER D AH B IH T AH V AW ER HH IH D AH N HH EH R AH T AH JH,SO I FEEL LIKE I'VE DISCOVERED A BIT OF OUR HIDDEN HERITAGE,SO I FEEL LIKE I'VE DISCOVERED A BIT OF OUR HIDDEN HERITAGE,True
DH EH N Y UW ' R EY G OW IH NG T UW HH AE V L AA T S AH V K AH T IH NG T UW D UW,THEN YOU'RE GOING TO HAVE LOTS OF CUTTING TO DO,THEN YOU'RE GOING TO HAVE LOTs OF CUTTING TO DO,True
T UW HH AE V AH Y UH R IY K AH M OW M AH N T L AY K DH IH S,TO HAVE A EUREKA MOMENT LIKE THIS,TO HAVE A YEAR RECOMMEND LIKE THIS,True
B AH K IH NG HH AE M P AE L AH S HH AE Z S EH D DH AH S AH N EH S AH D V AE N S P AH B L IH K EY SH AH N AH V DH AH K W IY N EH S K R IH S M AH S M EH S AH JH W AA Z V EH R IY,BUCKINGHAM PALACE HAS SAID THE SUN'S ADVANCE PUBLICATION OF THE QUEEN'S CHRISTMAS MESSAGE WAS VERY,BECKINGHAM HAMLET HAS SAID THE SUN'S ADEPT AT PUBLICATION OF THE QUEN'S,True
Y UW ' R EY IH N CH AA R JH AH V K IY P IH NG DH IH S P R AY Z W IH N IH NG CH AH M P AW T AH V HH AA R M EH S W EY,YOU'RE IN CHARGE OF KEEPING THIS PRIZE WINNING CHUMP OUT OF HARM'S WAY,YOU'RE INCHARGE OF KEEPING THIS PRIZE WINNING CHEMISTRY,True
S AH K IH NG Y AO R P EH N S AH L,SUCKING YOUR PENCIL,CHECKING YOUR PENSALE,False
W IH CH IH Z L AH V L IY,WHICH IS LOVELY,WHICH IS LOVELY,True
N AW W IY ' V IY G AA T W AH N HH AH N D R AH D T W EH N T IY K AE T AH L,NOW WE'VE GOT 120 CATTLE,NOW WE'VE GOT 120 CATALOGUES,False
AY AH M AH B AW T T UW F EY L M AY IH G Z AE M Z,I'M ABOUT TO FAIL MY EXAMS,I'M ABOUT TO FAIL MY EXAMS,True
AY AE B S AH L UW T L IY HH EY T IH T,I ABSOLUTELY HATE IT,I ABSOLUTELY HATE IT,True
Y UW AO L S OW HH AE V S T R AO NG R OW D L IH NG K S HH IY R,YOU ALSO HAVE STRONG ROAD LINKS HERE,YOU ALSO HAVE STRONG ROAD LINKS HERE,True
AH N D Y UW K AE N F AA L OW AH S AA N T W IH T ER,AND YOU CAN FOLLOW US ON TWITTER,AND YOU CAN FOLLOW US ON TWITTER,True
W IY ' D IY N IY D AH JH AH G,WE'D NEED A JUG,WE'D NEED A GUIDE,False
S OW Y UW ' R EY AW T DH EH R L UH K IH NG F AO R W ER K,SO YOU'RE OUT THERE LOOKING FOR WORK,SO YOU'RE OUT THERE LOOKING FOR WORK,True
W IY AO L N OW B AY R AH N HH AE D AH W AH N D ER F AH L R EH P Y AH T EY SH AH N AE Z W AH N AH V DH AH G R EY T AH S T L AH V ER Z AA N DH AH P L AE N AH T,WE ALL KNOW BYRON HAD A WONDERFUL REPUTATION AS ONE OF THE GREATEST LOVERS ON THE PLANET,WE ALL KNOW BY RUNE HAD ONE UNFORGETTABLE REPERTATION AS ONE OF THE GREAT LOVERS ON,True
S OW IH N DH AH F Y UW CH ER,SO IN THE FUTURE,SO IN THE FEUCHER,True
IH T W AA Z AH G R EY T S AH L EH B R AH T AO R IY IY V N IH NG,IT WAS A GREAT CELEBRATORY EVENING,IT WAS A GREAT CELEBRATORY EVENT,False
B AH T AO L S OW T R AH D IH SH AH N AH L S K IH L Z AH N D K R AE F T S,BUT ALSO TRADITIONAL SKILLS AND CRAFTS,BUT ALSO TRADITIONAL SKILLS AND CRAFTS,True
DH AH D IH S P AH Z EH S T W ER T IH D IY D AH W EY,THE DISPOSSESSED WERE TIDIED AWAY,THE DESPITE WE'RE TIRED A WAY,False
T EY K W AH N M IH L Y AH N F R AE NG K S,TAKE ONE MILLION FRANCS,TAKE ONE MILLION FRANCS,True
JH AO R JH IY S ER T AH N L IY HH AE D HH ER R EH Z ER V EY SH AH N Z AH B AW T DH AH K AA T AH JH,GEORGIE CERTAINLY HAD HER RESERVATIONS ABOUT THE COTTAGE,GEORGE CERTAINLY HAD HER RESERVATIONS ABOUT THE COTTAGE,False
HH IY EH S W AY N D IH NG Y UW AH P,HE'S WINDING YOU UP,HE'S WINNING YOU UP,True
W AH T R IH L IY S EH T S DH IH S G AA R D AH N AO F,WHAT REALLY SETS THIS GARDEN OFF,WHAT REALLY SETS THIS GARAGE OFF,False
IH T EH S AO L M OW S T AE Z IH F,IT'S ALMOST AS IF,IT'S ALL MOST AS IF,False
Y UW ' L EH L B IY IH N V AY T AH D T UW G OW AA N T UW DH AH N EH K S T S T EY JH,YOU'LL BE INVITED TO GO ON TO THE NEXT STAGE,YOU'LL BE INVITED TO GO ONTO THE NEXT STAGE,True
IH T W AA Z DH AH F AE M AH L IY,IT WAS THE FAMILY,IT WAS THE FAMILY,False
DH AH W ER S T TH IH NG IH Z,THE WORST THING IS,THE WORST THING IS,False
Y AO R T EY S T B AH D Z AA R IH N T EH N S,YOUR TASTE BUDS ARE INTENSE,YOUR TESTED BUDDIES ARE IN TEN,True
W AH T M AO R K AE N Y UW D UW,WHAT MORE CAN YOU DO,WHAT MORE CAN YOU DO,True
SH IY W AA Z DH AH P IH N AH P G ER L,SHE WAS THE PIN UP GIRL,SHE WAS THE PIN UP GIRL,False
OW V ER DH AH K AO R S AH V DH OW Z T EH N Y IH R Z,OVER THE COURSE OF THOSE 10 YEARS,OVER THE COURSE OF THOSE TEN YEARS,True
DH AH AA P ER T UW N AH T IY ER OW Z W EH N,THE OPPORTUNITY AROSE WHEN,THE OPERA HOUSE WAS OPENED,True
DH AE T AW ER S P IY SH IY Z M EY L AO N CH IH T S M OW S T AE M B IH SH AH S P R AA JH EH K T Y EH T T UW S EH T AH L,THAT OUR SPECIES MAY LAUNCH ITS MOST AMBITIOUS PROJECT YET TO SETTLE,THAT OUR SPECIES MAY LAST MOST AMBUSHED PROJECTET TO SET AL,True
IH F Y UW HH AE D K L ER IH S AH B IH S AY D Y UW AA N DH AH B AE R AH K EY D Z,IF YOU HAD CLARISSA BESIDE YOU ON THE BARRICADES,IF YOU HAD CLEAR IS BUSINESS IDEAS ON THE BARACKS,True
W IY ' V IY S IY N DH IY Z F AO R M AE T S,WE'VE SEEN THESE FORMATS,WE'VE SEEN THESE FOR MATS,True
W EH N DH AH B ER K L IY Z W ER AH W EY,WHEN THE BERKELEYS WERE AWAY,WHEN THE BERKLEYZ WAR AWAY,True
DH AE T W AA Z F AO R AW T AH V F AY V,THAT WAS FOUR OUT OF FIVE,THAT WAS FOUR OUT OF 5,True
K AE N SH IY G OW AO L DH AH W EY,CAN SHE GO ALL THE WAY,CAN SHE GO ALL THE WAY,True
AY L AH V DH AE T S AW N D,I LOVE THAT SOUND,I LOVE THAT SOUND,True
IH T IH Z DH EH R F AO R N AA T B IH AA N D DH AH R EH L M Z AH V P AA S AH B IH L AH T IY DH IH S K UH D HH AE V B IH N P R IY Z EH N T AH D T UW S AH M W AH N IH N,IT IS THEREFORE NOT BEYOND THE REALMS OF POSSIBILITY THIS COULD HAVE BEEN PRESENTED TO SOMEONE IN,IT IS THEREFORE NOT BOUNDED THE RELMS OF POSABILITY THIS COULD HAVE BEEN PRESENTED TO SOME,True
W AH N D R AY V K R IH S T AH F ER D R EH S ER,ONE DR CHRISTOPHER DRESSER,ONE DRIVE CHRISTOPHER DRISCOLL,True
Y UW ' R EY P R AA B AH B L IY TH IH NG K IH NG,YOU'RE PROBABLY THINKING,YOU'RE PROBABLY THINKING,False
IH T EH S AH HH AA R D TH IH NG T UW AE K CH AH W AH L IY S EY,IT'S A HARD THING TO ACTUALLY SAY,IT'S A HARD THINK TO ACTUALLY SAY,True
AY HH EY S AH N T UW AE D,I HASTEN TO ADD,I HOPESUNTOAD,True
IH T AO L B IH L D Z AH P IH N S AY D DH EH M,IT ALL BUILDS UP INSIDE THEM,IT ALL BUILDDS UP INSIDE THEM,False
DH EY K AE N N AA T W AO K F AA R,THEY CANNOT WALK FAR,THEY CAN NOT WORK FAR,False
K L AE T ER IH NG OW V ER DH AH K AA B AH L Z,CLATTERING OVER THE COBBLES,CLATTERING OVER THE COBOLS,False
B AH T S AH M S IH R IY AH S R IY K AH N F IH G Y UW N IH NG N IY D Z T UW B IY D AH N B IH F AO R IH T EH S R EH D IY,BUT SOME SERIOUS RECONFIGURING NEEDS TO BE DONE BEFORE IT'S READY,BUT SOME CEREAL FIGURING NEEDS TO BE DONE BEFORE IT'S READY,True
JH AH S T L AY K AH S ER T AH N V EH R IY F EY M AH S P OW AH T,JUST LIKE A CERTAIN VERY FAMOUS POET,JUST LIKE US CERTAIN VERY FEW,True
IH T EH S AO L R EH D IY AA N DH AH T R AH JH EH K T ER IY DH AE T W IY ' R EY AA N,IT'S ALREADY ON THE TRAJECTORY THAT WE'RE ON,IT'S ALREADY ON THE TRUCKERY THAT WE'RE ON,False
W IY HH AE D S AH M D OW N EY SH AH N Z F R AH M AH M EH R AH K AH,WE HAD SOME DONATIONS FROM AMERICA,WE HAD SOME DOWNINGS FROM A MARINE,True
AO L M OW S T L AY K D AW N T AH N AE B IY,ALMOST LIKE DOWNTON ABBEY,ALMOST LIKE DOWN UNDER ABORIGINAL,True
S L OW AH N D S T EH D IY,SLOW AND STEADY,SLICE AND STAGE,False
B AH T AH P EH R AH N T L IY W IH DH DH AH IH K S T EH N SH AH N,BUT APPARENTLY WITH THE EXTENSION,BUT A PARENTLY WITH THE EXTENSION,True
IH F IH T EH S AH B AW T S OW SH AH L S ER V AH S AH Z,IF IT'S ABOUT SOCIAL SERVICES,IF IT'S ABOUT SOCIAL SERVICES,False
DH EH R EH S N AH TH IH NG EH L S T UW F AA L OW AE F T ER DH IH S,THERE'S NOTHING ELSE TO FOLLOW AFTER THIS,THERE'S NOTHING ELSE TO FOLLOW AFTER THIS,True
B AH T IH Z DH IH S IH K S T R IY M W EH DH ER S AH M TH IH NG DH AE T W IY ' R EY G OW IH NG T UW HH AE V T UW G EH T Y UW Z D IH N DH AH F Y UW CH ER,BUT IS THIS EXTREME WEATHER SOMETHING THAT WE'RE GOING TO HAVE TO GET USED IN THE FUTURE,BUT IS THIS EXTRA MEANING SOMETHING THAT WE'RE GOING TO HAVE TO GET USED IN THE FEUCH,True
W AH N D EY AY W EY K AH P AH N D AY F IY L L AY K AH T IY P IY,ONE DAY I WAKE UP AND I FEEL LIKE A TEEPEE,ONE DAY I WAKE UP AND I FEEL LIKE A TEA PARTY,True
AY AH M N AA T R IY AE K T IH NG,I'M NOT REACTING,I'M NOT REACTING,True
Y UW S IH T D AW N OW V ER DH EH R,YOU SIT DOWN OVER THERE,YOU SET DOWN OVER THERE,True
DH EY AA R S AH P R IY M L AO NG D IH S T AH N S T R AE V AH L ER Z,THEY ARE SUPREME LONG DISTANCE TRAVELLERS,THEY ARE SUPER LONG DISTANCE TRAVELLERS,True
DH IH S W AH N EH S R AA T AH N,THIS ONE'S ROTTEN,THIS ONE'S ROTTON,False
S OW DH AE T EH S AH N AH DH ER B AA D IY B L OW,SO THAT'S ANOTHER BODY BLOW,SO THAT'S ANOTHER BAD IDEA BLUE,True
